codigo,descripcion,familia,desc_familia,grupo_articulo,categoria,color,tipo,unidad,activo
7700149010504,Guardab Tras Az-Stel Meteor TA,1631000003,Materia Prima terceros,203002,Ckd,,TRANSFORMADO,UND,True
7700149010511,Guardab Del Az-Stell Meteor TA,1631000003,Materia Prima terceros,203002,Ckd,,TRANSFORMADO,UND,True
7700149010528,Tapa Lat Izq Az-Stel Meteor TA,1631000003,Materia Prima terceros,203002,Ckd,,TRANSFORMADO,UND,True
7700149010535,Tapa Lat Der Az-Stel Meteor TA,1631000003,Materia Prima terceros,203002,Ckd,,TRANSFORMADO,UND,True
7700149010542,Tanque Gas Az-Stell Meteor TA,1631000003,Materia Prima terceros,203002,Ckd,,TRANSFORMADO,UND,True
7700149031844,Cubie Tras Der Gr/M INT CR4 TA,1631000003,Materia Prima terceros,203002,Ckd,,TRANSFORMADO,UND,True
7700149031851,Cubie Tras Izq Gr/M INT CR4 TA,1631000003,Materia Prima terceros,203002,Ckd,,TRANSFORMADO,UND,True
7700149031868,Cubie Tras Gr/M INT CR4 TA,1631000003,Materia Prima terceros,203002,Ckd,,TRANSFORMADO,UND,True
7700149110969,Tanque Gas Ng/M 300DS TA,1631000003,Materia Prima terceros,203002,Ckd,,TRANSFORMADO,UND,True
7700149110976,Tap Tanq Del Der Ng/M 300DS TA,1631000003,Materia Prima terceros,203002,Ckd,,TRANSFORMADO,UND,True
7700149110983,Tap Tanq Del Izq Ng/M 300DS TA,1631000003,Materia Prima terceros,203002,Ckd,,TRANSFORMADO,UND,True
7700149110990,Tap Tanq Sup Der Ng/M 300DS TA,1631000003,Materia Prima terceros,203002,Ckd,,TRANSFORMADO,UND,True
7700149111003,Tap Tanq Sup Izq Ng/M 300DS TA,1631000003,Materia Prima terceros,203002,Ckd,,TRANSFORMADO,UND,True
7700149111010,Tap Tan Inf Com Ng/M 300DS TA,1631000003,Materia Prima terceros,203002,Ckd,,TRANSFORMADO,UND,True
7700149111027,Tap Tan Inf Com Ng/M 300DS TA,1631000003,Materia Prima terceros,203002,Ckd,,TRANSFORMADO,UND,True
7700149111034,Tap Tanq Inf Der Roja 300DS TA,1631000003,Materia Prima terceros,203002,Ckd,,TRANSFORMADO,UND,True
7700149111041,Tap Tanq Inf Izq Roja 300DS TA,1631000003,Materia Prima terceros,203002,Ckd,,TRANSFORMADO,UND,True
7700149111058,Tapa Lateral Der Ng/M 300DS TA,1631000003,Materia Prima terceros,203002,Ckd,,TRANSFORMADO,UND,True
7700149111065,Tapa Lateral Izq Ng/M 300DS TA,1631000003,Materia Prima terceros,203002,Ckd,,TRANSFORMADO,UND,True
7700149111072,Cubt Sup Gbarro Ngr/M 300DS TA,1631000003,Materia Prima terceros,203002,Ckd,,TRANSFORMADO,UND,True
7700149111089,Gbarro Del Ng/M 300DS TA,1631000003,Materia Prima terceros,203002,Ckd,,TRANSFORMADO,UND,True
7700149111096,Tanque Gas Gr/M 300DS TA,1631000003,Materia Prima terceros,203002,Ckd,,TRANSFORMADO,UND,True
7700149111102,Tap Tanq Del Der Gr/M 300DS TA,1631000003,Materia Prima terceros,203002,Ckd,,TRANSFORMADO,UND,True
7700149111119,Tap Tanq Del Izq Gr/M 300DS TA,1631000003,Materia Prima terceros,203002,Ckd,,TRANSFORMADO,UND,True
7700149111126,Tap Tanq Sup Der Gr/M 300DS TA,1631000003,Materia Prima terceros,203002,Ckd,,TRANSFORMADO,UND,True
7700149111133,Tap Tanq Sup Izq Gr/M 300DS TA,1631000003,Materia Prima terceros,203002,Ckd,,TRANSFORMADO,UND,True
7700149111140,Tap Tan Inf Com Gr/M 300DS TA,1631000003,Materia Prima terceros,203002,Ckd,,TRANSFORMADO,UND,True
7700149111157,Tap Tan Inf Com Gr/M 300DS TA,1631000003,Materia Prima terceros,203002,Ckd,,TRANSFORMADO,UND,True
7700149111164,Tap Tanq Inf Der Verd 300DS TA,1631000003,Materia Prima terceros,203002,Ckd,,TRANSFORMADO,UND,True
7700149111171,Tap Tanq Inf Izq Verd 300DS TA,1631000003,Materia Prima terceros,203002,Ckd,,TRANSFORMADO,UND,True
7700149111188,Pintura Chasis 300DS TA,1631000000,Ckd,203002,Ckd,,TRANSFORMADO,UND,True
7700149112307,Chasis 300DS VIN Mp,1631000000,Ckd,203002,Ckd,,TRANSFORMADO,UND,True
7700149122948,Tanque Gas Negro NKDEX74 TA,1631000003,Materia Prima terceros,203002,Ckd,,TRANSFORMADO,UND,True
7700149128353,Chasis AK200CR3 VIN Mp,1633000000,Terceros,203002,Terceros,,TRANSFORMADO,UND,True
7700149128360,Chasis SM 125T4 VIN Mp,1633000000,Terceros,203002,Terceros,,TRANSFORMADO,UND,True
7700149129183,Sillin Trasero 125SC-4T TA,1631000000,Ckd,203002,Ckd,,TRANSFORMADO,UND,True
7700149129206,Caren Del Perf GrM 125T4 TA,1632000000,Integracion Nacional,203002,Integración Nacional,,TRANSFORMADO,UND,True
7700149129213,Tapa Tras Izq GrM 125T4 TA,1632000000,Integracion Nacional,203002,Integración Nacional,,TRANSFORMADO,UND,True
7700149129220,Tapa Tras Der GrM 125T4 TA,1632000000,Integracion Nacional,203002,Integración Nacional,,TRANSFORMADO,UND,True
7700149129237,Guardab Del GrM 125T4 TA,1632000000,Integracion Nacional,203002,Integración Nacional,,TRANSFORMADO,UND,True
7700149129244,Caren Delantero Neg 125T4 TA,1632000000,Integracion Nacional,203002,Integración Nacional,,TRANSFORMADO,UND,True
7700149129251,Tapa Tras Izq Neg 125T4 TA,1632000000,Integracion Nacional,203002,Integración Nacional,,TRANSFORMADO,UND,True
7700149129268,Tapa Tras Der Neg 125T4 TA,1632000000,Integracion Nacional,203002,Integración Nacional,,TRANSFORMADO,UND,True
7700149129275,Guardab Del Neg 125T4 TA,1632000000,Integracion Nacional,203002,Integración Nacional,,TRANSFORMADO,UND,True
7700149129282,Caren Delantero Bla 125T4 TA,1632000000,Integracion Nacional,203002,Integración Nacional,,TRANSFORMADO,UND,True
7700149129299,Tapa Tras Izq Bla 125T4 TA,1632000000,Integracion Nacional,203002,Integración Nacional,,TRANSFORMADO,UND,True
7700149129305,Tapa Tras Der NM 125T4 TA,1632000000,Integracion Nacional,203002,Integración Nacional,,TRANSFORMADO,UND,True
7700149129312,Guardab Del Bla 125T4 TA,1632000000,Integracion Nacional,203002,Integración Nacional,,TRANSFORMADO,UND,True
7700149129329,Tapa Tras Izq NM 125T4 TA,1632000000,Integracion Nacional,203002,Integración Nacional,,TRANSFORMADO,UND,True
7700149129336,Sillin Delantero 125SC-4T TA,1631000000,Ckd,203002,Ckd,,TRANSFORMADO,UND,True
7700149129343,Chasis SM 125T4 TA,1631000000,Ckd,203002,Ckd,,TRANSFORMADO,UND,True
7700149129459,Tapa Tras Der Bla 125T4 TA,1632000000,Integracion Nacional,203002,Integración Nacional,,TRANSFORMADO,UND,True
7700149129466,Tap Lat Izq Inf Bla 200CR3 TA,1631000003,Materia Prima terceros,203002,Ckd,,TRANSFORMADO,UND,True
7700149129473,Sillin AK200CR3 TA,1631000000,Ckd,203002,Ckd,,TRANSFORMADO,UND,True
7700149129480,Tapa Tras Izq NM AK200CR3 TA,1631000003,Materia Prima terceros,203002,Ckd,,TRANSFORMADO,UND,True
7700149129497,Tapa Tras Der NM AK200CR3 TA,1631000003,Materia Prima terceros,203002,Ckd,,TRANSFORMADO,UND,True
7700149129503,Tanque Gas NM AK200CR3 TA,1631000003,Materia Prima terceros,203002,Ckd,,TRANSFORMADO,UND,True
7700149129510,Guardab Del NM AK200CR3 TA,1631000003,Materia Prima terceros,203002,Ckd,,TRANSFORMADO,UND,True
7700149129527,Cub Far Izq NM AK200CR3 TA,1631000003,Materia Prima terceros,203002,Ckd,,TRANSFORMADO,UND,True
7700149129534,Cub Far Der NM AK200CR3 TA,1631000003,Materia Prima terceros,203002,Ckd,,TRANSFORMADO,UND,True
7700149129541,Tap Lat Izq Inf Neg 200CR3 TA,1631000003,Materia Prima terceros,203002,Ckd,,TRANSFORMADO,UND,True
7700149129558,Tap Lat Der Inf Neg 200CR3 TA,1631000003,Materia Prima terceros,203002,Ckd,,TRANSFORMADO,UND,True
7700149129565,Tanque Gas Neg AK200CR3 TA,1631000003,Materia Prima terceros,203002,Ckd,,TRANSFORMADO,UND,True
7700149129572,Guardab Del Neg AK200CR3 TA,1631000003,Materia Prima terceros,203002,Ckd,,TRANSFORMADO,UND,True
7700149129589,Guardab Del NM 125T4 TA,1632000000,Integracion Nacional,203002,Integración Nacional,,TRANSFORMADO,UND,True
7700149129596,Cub Far Der Neg AK200CR3 TA,1631000003,Materia Prima terceros,203002,Ckd,,TRANSFORMADO,UND,True
7700149129602,Chasis AK200CR3 TA,1631000003,Materia Prima terceros,203002,Ckd,,TRANSFORMADO,UND,True
7700149129619,Tap Lat Der Inf Bla 200CR3 TA,1631000003,Materia Prima terceros,203002,Ckd,,TRANSFORMADO,UND,True
7700149129626,Tanque Gas Bla AK200CR3 TA,1631000003,Materia Prima terceros,203002,Ckd,,TRANSFORMADO,UND,True
7700149129633,Guardab Del Bla AK200CR3 TA,1631000003,Materia Prima terceros,203002,Ckd,,TRANSFORMADO,UND,True
7700149129640,Cub Far Izq Bla AK200CR3 TA,1631000003,Materia Prima terceros,203002,Ckd,,TRANSFORMADO,UND,True
7700149129657,Cub Far Der Bla AK200CR3 TA,1631000003,Materia Prima terceros,203002,Ckd,,TRANSFORMADO,UND,True
7700149129664,Tap Tanq Izq NM 200CR3 TA,1631000003,Materia Prima terceros,203002,Ckd,,TRANSFORMADO,UND,True
7700149129671,Tap Tanq Der NM 200CR3 TA,1631000003,Materia Prima terceros,203002,Ckd,,TRANSFORMADO,UND,True
7700149129688,Tap Tanq Inf Izq NM 200CR3 TA,1631000003,Materia Prima terceros,203002,Ckd,,TRANSFORMADO,UND,True
7700149129695,Tap Tanq Inf Der NM 200CR3 TA,1631000003,Materia Prima terceros,203002,Ckd,,TRANSFORMADO,UND,True
7700149129701,Tap Tan Int Der NM 200CR3 TA,1631000003,Materia Prima terceros,203002,Ckd,,TRANSFORMADO,UND,True
7700149129718,Tap Tan Int Izq NM 200CR3 TA,1631000003,Materia Prima terceros,203002,Ckd,,TRANSFORMADO,UND,True
7700149129732,Cub Far Izq Neg AK200CR3 TA,1631000003,Materia Prima terceros,203002,Ckd,,TRANSFORMADO,UND,True
7700149151023,Tanque Gas Negro NKDEX74 SG TA,1631000003,Materia Prima terceros,203002,Ckd,,TRANSFORMADO,UND,True
7700149151030,Tanque Gas Blan/Marf NKD SG TA,1631000003,Materia Prima terceros,203002,Ckd,,TRANSFORMADO,UND,True
7700149151047,Tanque Gas Verd EX71 NKD SG TA,1631000003,Materia Prima terceros,203002,Ckd,,TRANSFORMADO,UND,True
7700149151054,Tanque Gas Gris EX70 NKD SG TA,1631000003,Materia Prima terceros,203002,Ckd,,TRANSFORMADO,UND,True
7700149151061,Tanque Gas Metal NKD SG TA,1631000003,Materia Prima terceros,203002,Ckd,,TRANSFORMADO,UND,True
7700149151078,Tanque Gas Azul NKD Clas SG TA,1631000003,Materia Prima terceros,203002,Ckd,,TRANSFORMADO,UND,True
7700149151085,Tanque Gas Gris/Merc NKD SG TA,1631000003,Materia Prima terceros,203002,Ckd,,TRANSFORMADO,UND,True
7700149151092,Tanque Gas Rojo/M NKD SG TA,1631000003,Materia Prima terceros,203002,Ckd,,TRANSFORMADO,UND,True
7700149151108,Tanque Gas Negro/M SG NKD TA,1631000003,Materia Prima terceros,203002,Ckd,,TRANSFORMADO,UND,True
7700149151115,Tanque Gas Negro NKD SG TA,1631000003,Materia Prima terceros,203002,Ckd,,TRANSFORMADO,UND,True
7700149151122,Tanque Gas Blanco NKD SG TA,1631000003,Materia Prima terceros,203002,Ckd,,TRANSFORMADO,UND,True
7700149153171,Cubta Ov Izq RE CL350 NeBr TA,1631000003,Materia Prima terceros,203002,Ckd,,TRANSFORMADO,UND,True
7700149153188,Cubta amort Del RE CL350 HG TA,1631000003,Materia Prima terceros,203002,Ckd,,TRANSFORMADO,UND,True
7700149153195,Platina Emblema RE CL350 HG TA,1631000003,Materia Prima terceros,203002,Ckd,,TRANSFORMADO,UND,True
7700149153201,Cubta Farola RE CL350 HG TA,1631000003,Materia Prima terceros,203002,Ckd,,TRANSFORMADO,UND,True
7700149153218,Guardab Del RE CL350 HG TA,1631000000,Ckd,203002,Ckd,,TRANSFORMADO,UND,True
7700149153225,Guardab Tras RE CL350 HG TA,1631000000,Ckd,203002,Ckd,,TRANSFORMADO,UND,True
7700149153232,Tanque Gas RE CL350 HG TA,1631000000,Ckd,203002,Ckd,,TRANSFORMADO,UND,True
7700149153249,Tapa Lateral Der RE CL350 HGTA,1631000000,Ckd,203002,Ckd,,TRANSFORMADO,UND,True
7700149153256,Cub Farola Cent NM AK200CR3 TA,1631000003,Materia Prima terceros,203002,Ckd,,TRANSFORMADO,UND,True
7700149153263,Cubta Ov Der RE CL350 NeBr TA,1631000003,Materia Prima terceros,203002,Ckd,,TRANSFORMADO,UND,True
7700149153270,Tapa Lateral Izq RE CL350 HBTA,1631000000,Ckd,203002,Ckd,,TRANSFORMADO,UND,True
7700149153287,Cubta amort Del RE CL350 HB TA,1631000003,Materia Prima terceros,203002,Ckd,,TRANSFORMADO,UND,True
7700149153294,Platina Emblema RE CL350 HB TA,1631000003,Materia Prima terceros,203002,Ckd,,TRANSFORMADO,UND,True
7700149153300,Cubta Farola RE CL350 HB TA,1631000003,Materia Prima terceros,203002,Ckd,,TRANSFORMADO,UND,True
7700149153317,Guardab Del RE CL350 HB TA,1631000000,Ckd,203002,Ckd,,TRANSFORMADO,UND,True
7700149153324,Guardab Tras RE CL350 HB TA,1631000000,Ckd,203002,Ckd,,TRANSFORMADO,UND,True
7700149153331,Tanque Gas RE CL350 HB TA,1631000000,Ckd,203002,Ckd,,TRANSFORMADO,UND,True
7700149153348,Tapa Lateral Der RE CL350 HBTA,1631000000,Ckd,203002,Ckd,,TRANSFORMADO,UND,True
7700149153355,Tapa Lateral Izq RE CL350 HGTA,1631000000,Ckd,203002,Ckd,,TRANSFORMADO,UND,True
7700149155113,Chasis 350 Classic RE VIN Mp,1631000000,Ckd,203002,Ckd,,TRANSFORMADO,UND,True
7700149169707,Pintura Parri NBr 125SC-PRO TA,1631000003,Materia Prima terceros,203002,Ckd,,TRANSFORMADO,UND,True
7700149173155,Tanque Hunter RE Negro Bla TA,1631000003,Materia Prima terceros,203002,Ckd,,TRANSFORMADO,UND,True
7700149173179,Tanque Hunter RE Gris Osc TA,1631000003,Materia Prima terceros,203002,Ckd,,TRANSFORMADO,UND,True
7700149173186,Guardabarro Del HNTR Negro TA,1631000000,Ckd,203002,Ckd,,TRANSFORMADO,UND,True
7700149173247,Tanque Hunter RE Rojo Negro TA,1631000003,Materia Prima terceros,203002,Ckd,,TRANSFORMADO,UND,True
7700149177641,Chasis HNTR 350 VIN Mp,1631000001,Materia Prima Chasis,203002,Ckd,,TRANSFORMADO,UND,True
7700149200318,Gpier Ext Der Gris/Bri 125WTA,1631000003,Materia Prima terceros,203002,Ckd,,TRANSFORMADO,UND,True
7700149200325,Gpier Ext Izq Gris/Bri 125WTA,1631000003,Materia Prima terceros,203002,Ckd,,TRANSFORMADO,UND,True
7700149200332,Gbrro Del Gri/Bri 125W NEW TA,1631000003,Materia Prima terceros,203002,Ckd,,TRANSFORMADO,UND,True
7700149200349,Caren Tra Der Gris/Bri 125W TA,1631000003,Materia Prima terceros,203002,Ckd,,TRANSFORMADO,UND,True
7700149200356,Caren Tra Izq Gris/Bri 125W TA,1631000003,Materia Prima terceros,203002,Ckd,,TRANSFORMADO,UND,True
7700149200363,Caren Traser Gris/Bri 125W TA,1631000003,Materia Prima terceros,203002,Ckd,,TRANSFORMADO,UND,True
7700149200370,Caren FarolGri/Bri125W-llV2 TA,1631000003,Materia Prima terceros,203002,Ckd,,TRANSFORMADO,UND,True
7700149200387,Cubie Tanq Izq Carbono CR4 TA,1632000000,Integracion Nacional,203002,Integración Nacional,,TRANSFORMADO,UND,True
7700149200394,Chasis SM Negro 125T4 TA,1631000000,Ckd,203002,Ckd,,TRANSFORMADO,UND,True
7700149200400,Cubie Tras Izq Carbono CR4 TA,1631000003,Materia Prima terceros,203002,Ckd,,TRANSFORMADO,UND,True
7700149200462,Cubie Tanq Der Carbono CR4 TA,1632000000,Integracion Nacional,203002,Integración Nacional,,TRANSFORMADO,UND,True
7700149202749,Cubt Tnq Ex Dr Gold V2 CR4TA,1632000000,Integracion Nacional,203002,Integración Nacional,,TRANSFORMADO,UND,True
7700149202756,Cubt Tnq Ex Iz Gold V2 CR4TA,1632000000,Integracion Nacional,203002,Integración Nacional,,TRANSFORMADO,UND,True
7700149213998,Chasis 300Rally VIN Mp,1631000001,Materia Prima Chasis,203002,Ckd,,TRANSFORMADO,UND,True
7700149220408,Chasis XC15WX VIN Mp,1631000001,Materia Prima Chasis,203002,Ckd,,TRANSFORMADO,UND,True
7700149229852,Cubta Tras Centr Jet14 N/M TA,1631000000,Ckd,203002,Ckd,,TRANSFORMADO,UND,True
7700149229890,Cubta Tras Izq Jet14 B/B TA,1631000000,Ckd,203002,Ckd,,TRANSFORMADO,UND,True
7700149229920,Gbrro Del Jet14 Ng/B TA,1631000000,Ckd,203002,Ckd,,TRANSFORMADO,UND,True
7700149229937,Cubta Tras Der Jet14 N/M TA,1631000000,Ckd,203002,Ckd,,TRANSFORMADO,UND,True
7700149229968,Cubta Lat Der Jet14 Gr/M TA,1631000000,Ckd,203002,Ckd,,TRANSFORMADO,UND,True
7700149229975,Cubta Frontal Izq Jet14 B/B TA,1631000000,Ckd,203002,Ckd,,TRANSFORMADO,UND,True
7700149230001,Cubta Frontal Der Jet14 N/M TA,1631000000,Ckd,203002,Ckd,,TRANSFORMADO,UND,True
7700149230018,Cubta Tras Izq Jet14 N/M TA,1631000000,Ckd,203002,Ckd,,TRANSFORMADO,UND,True
7700149230094,Visor Jet14 Ng/B TA,1631000000,Ckd,203002,Ckd,,TRANSFORMADO,UND,True
7700149230124,Chasis Jet14 TA,1631000001,Materia Prima Chasis,203002,Ckd,,TRANSFORMADO,UND,True
7700149230179,Cubta Frontal Jet14 Gr/M TA,1631000000,Ckd,203002,Ckd,,TRANSFORMADO,UND,True
7700149230186,Sillin Retap Jet 14 TA,1631000000,Ckd,203002,Ckd,,TRANSFORMADO,UND,True
7700149241021,Tapa LatTras Izq Neg/M 300ACTA,1631000000,Ckd,203002,Ckd,,TRANSFORMADO,UND,True
7700149241045,Tapa TCent Neg/M 300AC TA,1631000000,Ckd,203002,Ckd,,TRANSFORMADO,UND,True
7700149241052,Tapa Tanq Der Neg/M 300AC TA,1631000000,Ckd,203002,Ckd,,TRANSFORMADO,UND,True
7700149241069,Tapa Tanq Izq Neg/M 300AC TA,1631000000,Ckd,203002,Ckd,,TRANSFORMADO,UND,True
7700149241090,Tapa  Quilla Gris Izq300ACTA,1631000000,Ckd,203002,Ckd,,TRANSFORMADO,UND,True
7700149241106,Tapa  Quilla Gris Der300ACTA,1631000000,Ckd,203002,Ckd,,TRANSFORMADO,UND,True
7700149248273,Cubierta Cola Gris/BR TTDS TA,1631000003,Materia Prima terceros,203002,Ckd,,TRANSFORMADO,UND,True
7700149248358,Caren Tanq Der Gris/BR TTDS TA,1631000000,Ckd,203002,Ckd,,TRANSFORMADO,UND,True
7700149248365,Caren Tanq Izq Gris/BR TTDS TA,1631000000,Ckd,203002,Ckd,,TRANSFORMADO,UND,True
7700149259224,Caren Farola Neg/M Rally TA,1631000003,Materia Prima terceros,203002,Ckd,,TRANSFORMADO,UND,True
7700149259231,Susp Del Prot Izq G/M Rally TA,1631000003,Materia Prima terceros,203002,Ckd,,TRANSFORMADO,UND,True
7700149259248,Susp Del Prot Der G/M Rally TA,1631000003,Materia Prima terceros,203002,Ckd,,TRANSFORMADO,UND,True
7700149259255,Cbta Cola Gris/M 300Rally TA,1631000003,Materia Prima terceros,203002,Ckd,,TRANSFORMADO,UND,True
7700149259262,CbtaTan Izq Gris/M 300RallyTA,1631000003,Materia Prima terceros,203002,Ckd,,TRANSFORMADO,UND,True
7700149259279,CbtaTan Der Gris/M 300RallyTA,1631000003,Materia Prima terceros,203002,Ckd,,TRANSFORMADO,UND,True
7700149259286,CbtaIzqDec Neg/B 300RallyTA,1631000003,Materia Prima terceros,203002,Ckd,,TRANSFORMADO,UND,True
7700149259293,CbtaDerDec Neg/B 300RallyTA,1631000003,Materia Prima terceros,203002,Ckd,,TRANSFORMADO,UND,True
7700149259309,Tap Lat izq Gris/M 300Rally TA,1631000003,Materia Prima terceros,203002,Ckd,,TRANSFORMADO,UND,True
7700149259316,Tap Lat Der Gris/M 300Rally TA,1631000003,Materia Prima terceros,203002,Ckd,,TRANSFORMADO,UND,True
7700149259323,Guardbarro Gris/M 300Rally TA,1631000003,Materia Prima terceros,203002,Ckd,,TRANSFORMADO,UND,True
7700149259330,Tanq Gas Gris/M 300Rally TA,1631000003,Materia Prima terceros,203002,Ckd,,TRANSFORMADO,UND,True
7700149259705,Susp Del Prot Izq N/M Rally TA,1631000003,Materia Prima terceros,203002,Ckd,,TRANSFORMADO,UND,True
7700149259712,Susp Del Prot Der N/M Rally TA,1631000003,Materia Prima terceros,203002,Ckd,,TRANSFORMADO,UND,True
7700149259729,Cbta Cola Neg/M 300Rally TA,1631000003,Materia Prima terceros,203002,Ckd,,TRANSFORMADO,UND,True
7700149259736,CbtaTan Izq Neg/M 300RallyTA,1631000003,Materia Prima terceros,203002,Ckd,,TRANSFORMADO,UND,True
7700149259743,CbtaTan Der Neg/M 300RallyTA,1631000003,Materia Prima terceros,203002,Ckd,,TRANSFORMADO,UND,True
7700149259750,Tap Lat izq Neg/M 300Rally TA,1631000003,Materia Prima terceros,203002,Ckd,,TRANSFORMADO,UND,True
7700149259767,Tap Lat Der Neg/M 300Rally TA,1631000003,Materia Prima terceros,203002,Ckd,,TRANSFORMADO,UND,True
7700149259774,Guardbarro Neg/M 300Rally TA,1631000003,Materia Prima terceros,203002,Ckd,,TRANSFORMADO,UND,True
7700149259781,Tanq Gas Neg/M 300Rally TA,1631000003,Materia Prima terceros,203002,Ckd,,TRANSFORMADO,UND,True
7700149264938,Caren Tras Izq Gris/B 110NV TA,1631000003,Materia Prima terceros,203002,Ckd,,TRANSFORMADO,UND,True
7700149264945,Caren Tras Der Gris/B 110NV TA,1631000003,Materia Prima terceros,203002,Ckd,,TRANSFORMADO,UND,True
7700149264952,Caren Pito Gris/B 110NV TA,1631000003,Materia Prima terceros,203002,Ckd,,TRANSFORMADO,UND,True
7700149264969,Gpierna Ext Izq Gri/B 110NV TA,1631000003,Materia Prima terceros,203002,Ckd,,TRANSFORMADO,UND,True
7700149264976,Gpierna Ext Der Gri/B 110NV TA,1631000003,Materia Prima terceros,203002,Ckd,,TRANSFORMADO,UND,True
7700149264983,Caren Farola Gris/B 110NV TA,1631000003,Materia Prima terceros,203002,Ckd,,TRANSFORMADO,UND,True
7700149264990,Caren Pito Gri/Bri FLEX TA,1631000003,Materia Prima terceros,203002,Ckd,,TRANSFORMADO,UND,True
7700149265201,Guardab Del Gris/Bri 110NV TA,1631000003,Materia Prima terceros,203002,Ckd,,TRANSFORMADO,UND,True
7700149266871,Chasis AK125CH VIN Mp,1633000000,Terceros,203002,Terceros,,TRANSFORMADO,UND,True
7700149269766,Tapa Lateral Izq N/B CHR TA,1631000003,Materia Prima terceros,203002,Ckd,,TRANSFORMADO,UND,True
7700149269773,Tapa Lateral Der N/B CHR TA,1631000003,Materia Prima terceros,203002,Ckd,,TRANSFORMADO,UND,True
7700149269780,Tanque Gas N/B CHR TA,1631000003,Materia Prima terceros,203002,Ckd,,TRANSFORMADO,UND,True
7700149269797,Tapa Lateral Izq R/B CHR TA,1631000003,Materia Prima terceros,203002,Ckd,,TRANSFORMADO,UND,True
7700149269803,Tapa Lateral Der R/B CHR TA,1631000003,Materia Prima terceros,203002,Ckd,,TRANSFORMADO,UND,True
7700149269810,Tanque Gas R/B CHR TA,1631000003,Materia Prima terceros,203002,Ckd,,TRANSFORMADO,UND,True
7700149269827,Tapa Lateral Izq Gr/B CHR TA,1631000003,Materia Prima terceros,203002,Ckd,,TRANSFORMADO,UND,True
7700149269834,Tapa Lateral Der Gr/B CHR TA,1631000003,Materia Prima terceros,203002,Ckd,,TRANSFORMADO,UND,True
7700149269841,Tanque Gas Gr/B CHR TA,1631000003,Materia Prima terceros,203002,Ckd,,TRANSFORMADO,UND,True
7700149274920,Sillín Trasero Dyn Pro TA,1631000003,Materia Prima terceros,203002,Ckd,,TRANSFORMADO,UND,True
7700149274937,Sillín confort CR4200 TA,1632000000,Integracion Nacional,203002,Integración Nacional,,TRANSFORMADO,UND,True
7700149274944,Sillín Delantero Dyn Pro TA,1631000003,Materia Prima terceros,203002,Ckd,,TRANSFORMADO,UND,True
7700149274982,Sillin Dynamic K conf 2024 TA,1631000003,Materia Prima terceros,203002,Ckd,,TRANSFORMADO,UND,True
7700149275293,Tanque Gas Gris/Bri NKD TA,1631000003,Materia Prima terceros,203002,Ckd,,TRANSFORMADO,UND,True
7700149275309,Guardab Del Gris/Bri NKD TA,1631000003,Materia Prima terceros,203002,Ckd,,TRANSFORMADO,UND,True
7700149276566,Tanque Gas Neg/Are NKD Cla TA,1631000003,Materia Prima terceros,203002,Ckd,,TRANSFORMADO,UND,True
7700149277167,Tanque Gas Gr/Ng NKD EX75 TA,1631000003,Materia Prima terceros,203002,Ckd,,TRANSFORMADO,UND,True
7700149288668,Tanque Meteor Matt Green TA,1631000003,Materia Prima terceros,203002,Ckd,,TRANSFORMADO,UND,True
7700149288675,Tapa Lat Der N/Br MG Meteor TA,1631000003,Materia Prima terceros,203002,Ckd,,TRANSFORMADO,UND,True
7700149288682,Tapa Lat Izq N/Br MG Meteor TA,1631000003,Materia Prima terceros,203002,Ckd,,TRANSFORMADO,UND,True
7700149316637,Sillin CHR TA,1631000003,Materia Prima terceros,203002,Ckd,,TRANSFORMADO,UND,True
7700149316668,Cubta Cola Bla Enduro TTDS TA,1631000003,Materia Prima terceros,203002,Ckd,,TRANSFORMADO,UND,True
7700149316675,Cubta Cola N/Br Enduro TTDS TA,1631000003,Materia Prima terceros,203002,Ckd,,TRANSFORMADO,UND,True
7700149316682,Tanque Gas Blan/Roj NKD 20A TA,1631000003,Materia Prima terceros,203002,Ckd,,TRANSFORMADO,UND,True
7700149323161,CarnFarola Gr/Br TTRV2 TA,1631000003,Materia Prima terceros,203002,Ckd,,TRANSFORMADO,UND,True
7700149323178,Pintura Chasis CHR V2 SM TA,1631000003,Materia Prima terceros,203002,Ckd,,TRANSFORMADO,UND,True
7700149323185,Pintura Tijera AK125 CHR TA,1631000000,Ckd,203002,Ckd,,TRANSFORMADO,UND,True
7700149323192,Pintura Chasis 200 TTRV2 SM TA,1631000003,Materia Prima terceros,203002,Ckd,,TRANSFORMADO,UND,True
7700149323208,Pintura Chasis 125 TTRV2 SM TA,1631000001,Materia Prima Chasis,203002,Ckd,,TRANSFORMADO,UND,True
7700149323215,Pintura Chasis CHR SM TA,1631000001,Materia Prima Chasis,203002,Ckd,,TRANSFORMADO,UND,True
7700149323222,Gbarro Del Neg Bri TTRV2 TA,1631000003,Materia Prima terceros,203002,Ckd,,TRANSFORMADO,UND,True
7700149323239,CarnFarola Neg Bri TTRV2 TA,1631000003,Materia Prima terceros,203002,Ckd,,TRANSFORMADO,UND,True
7700149323246,TapTan Der Neg Bri TTRV2 TA,1631000003,Materia Prima terceros,203002,Ckd,,TRANSFORMADO,UND,True
7700149323253,TapTan Izq Neg Bri TTRV2 TA,1631000003,Materia Prima terceros,203002,Ckd,,TRANSFORMADO,UND,True
7700149323277,Gbarro Del Gr/Br TTRV2 TA,1631000003,Materia Prima terceros,203002,Ckd,,TRANSFORMADO,UND,True
7700149323284,Tanque Gas Bla/Bri TTRV2 TA,1631000003,Materia Prima terceros,203002,Ckd,,TRANSFORMADO,UND,True
7700149323291,TapTan Der Gr/Br TTRV2 TA,1631000003,Materia Prima terceros,203002,Ckd,,TRANSFORMADO,UND,True
7700149323307,TapTan Izq Gr/Br TTRV2 TA,1631000003,Materia Prima terceros,203002,Ckd,,TRANSFORMADO,UND,True
7700149323314,TapTanInf Izq VerTTRV2 TA,1631000003,Materia Prima terceros,203002,Ckd,,TRANSFORMADO,UND,True
7700149323321,TapTanInf Der Ver TTRV2 TA,1631000003,Materia Prima terceros,203002,Ckd,,TRANSFORMADO,UND,True
7700149323338,Cinta termica mofle 20 años TA,1631000000,Ckd,203002,Ckd,,TRANSFORMADO,UND,True
7700149323345,Gbarro Del Bla/Bri TTRV2 TA,1631000003,Materia Prima terceros,203002,Ckd,,TRANSFORMADO,UND,True
7700149323352,CarnFarola Bla/Bri TTRV2 TA,1631000000,Ckd,203002,Ckd,,TRANSFORMADO,UND,True
7700149323369,TapTan Der Bla/Bri TTRV2 TA,1631000003,Materia Prima terceros,203002,Ckd,,TRANSFORMADO,UND,True
7700149323376,TapTan Izq Bla/Bri TTRV2 TA,1631000003,Materia Prima terceros,203002,Ckd,,TRANSFORMADO,UND,True
7700149323383,Tanque Gas Neg/Bri TTRV2 TA,1631000003,Materia Prima terceros,203002,Ckd,,TRANSFORMADO,UND,True
7700149327114,Guardab Del Gr/M AK200CR3 TA,1631000003,Materia Prima terceros,203002,Ckd,,TRANSFORMADO,UND,True
7700149327121,Cub Far Der Gr/M AK200CR3 TA,1631000003,Materia Prima terceros,203002,Ckd,,TRANSFORMADO,UND,True
7700149327138,Cub Far Izq Gr/M AK200CR3 TA,1631000003,Materia Prima terceros,203002,Ckd,,TRANSFORMADO,UND,True
7700149331586,Tapa Cola Camu DS Rally 24 TA,1631000003,Materia Prima terceros,203002,Ckd,,TRANSFORMADO,UND,True
7700149338103,Chasis AK150CR4 VIN MP,1633000000,Terceros,203002,Terceros,,TRANSFORMADO,UND,True
7700149338110,Chasis AK250CR4 VIN MP,1633000000,Terceros,203002,Terceros,,TRANSFORMADO,UND,True
7700149340465,TapCola Gri/Bri DS Rally 24 TA,1631000003,Materia Prima terceros,203002,Ckd,,TRANSFORMADO,UND,True
7700149365208,TapaTras Der NB Jet Evo TA,1631000003,Materia Prima terceros,203002,Ckd,,TRANSFORMADO,UND,True
7700149365222,Tapa Fron Izq GrBr Jet Evo TA,1631000003,Materia Prima terceros,203002,Ckd,,TRANSFORMADO,UND,True
7700149365239,Tapa Fron Der GrBr Jet Evo TA,1631000003,Materia Prima terceros,203002,Ckd,,TRANSFORMADO,UND,True
7700149365246,GuardP Izq GrBr Jet Evo TA,1631000003,Materia Prima terceros,203002,Ckd,,TRANSFORMADO,UND,True
7700149365253,GuardP Der GrBrJet Evo TA,1631000003,Materia Prima terceros,203002,Ckd,,TRANSFORMADO,UND,True
7700149365260,TapaTras Izq GrBr Jet Evo TA,1631000003,Materia Prima terceros,203002,Ckd,,TRANSFORMADO,UND,True
7700149365284,Guardaba Del NB Jet Evo TA,1631000003,Materia Prima terceros,203002,Ckd,,TRANSFORMADO,UND,True
7700149365307,Tapa Fron NB Jet Evo TA,1631000003,Materia Prima terceros,203002,Ckd,,TRANSFORMADO,UND,True
7700149365314,Tapa Fron Izq NB Jet Evo TA,1631000003,Materia Prima terceros,203002,Ckd,,TRANSFORMADO,UND,True
7700149365321,Tapa Fron Der NB Jet Evo TA,1631000003,Materia Prima terceros,203002,Ckd,,TRANSFORMADO,UND,True
7700149365338,GuardP Izq NB Jet Evo TA,1631000003,Materia Prima terceros,203002,Ckd,,TRANSFORMADO,UND,True
7700149365345,GuardP Der NB Jet Evo TA,1631000003,Materia Prima terceros,203002,Ckd,,TRANSFORMADO,UND,True
7700149365352,Panel Inter Der NB Jet Evo TA,1631000003,Materia Prima terceros,203002,Ckd,,TRANSFORMADO,UND,True
7700149365369,TapaTras Izq NB Jet Evo TA,1631000003,Materia Prima terceros,203002,Ckd,,TRANSFORMADO,UND,True
7700149365376,TapaTras Der GrBr Jet Evo TA,1631000003,Materia Prima terceros,203002,Ckd,,TRANSFORMADO,UND,True
7700149365383,Cubta Velo NegMat RX TA ,1631000003,Materia Prima terceros,203002,Ckd,,TRANSFORMADO,UND,True
7700149365390,Cubta Tras Cen GriBri RX TA,1631000003,Materia Prima terceros,203002,Ckd,,TRANSFORMADO,UND,True
7700149365406,Cubta Tras Izq GriBri RX TA,1631000003,Materia Prima terceros,203002,Ckd,,TRANSFORMADO,UND,True
7700149365413,Cubta Tras Der GriBri RX TA,1631000003,Materia Prima terceros,203002,Ckd,,TRANSFORMADO,UND,True
7700149365420,Cubta Front GriMatRX TA,1631000003,Materia Prima terceros,203002,Ckd,,TRANSFORMADO,UND,True
7700149365437,Cubta Tras Cen GriMat RX TA,1631000003,Materia Prima terceros,203002,Ckd,,TRANSFORMADO,UND,True
7700149365444,Cubta Tras Izq GriMat RX TA,1631000003,Materia Prima terceros,203002,Ckd,,TRANSFORMADO,UND,True
7700149365451,Cubta Tras Der GriMat RX TA,1631000003,Materia Prima terceros,203002,Ckd,,TRANSFORMADO,UND,True
7700149365475,Guardab Del NegMat RX TA ,1631000003,Materia Prima terceros,203002,Ckd,,TRANSFORMADO,UND,True
7700149365482,Cubta Front GriBriRX TA,1631000003,Materia Prima terceros,203002,Ckd,,TRANSFORMADO,UND,True
7700149365499,Cubta Front NegBri RX TA,1631000003,Materia Prima terceros,203002,Ckd,,TRANSFORMADO,UND,True
7700149365505,Caren Pito NegMat RX TA,1631000003,Materia Prima terceros,203002,Ckd,,TRANSFORMADO,UND,True
7700149365512,Cubta Tras Cen NegBri RX TA,1631000003,Materia Prima terceros,203002,Ckd,,TRANSFORMADO,UND,True
7700149365529,Cubta Tras Izq NegBri RX TA,1631000003,Materia Prima terceros,203002,Ckd,,TRANSFORMADO,UND,True
7700149365536,Cubta Tras Der NegBri RX TA,1631000003,Materia Prima terceros,203002,Ckd,,TRANSFORMADO,UND,True
7700149365567,Cubta Manubrio NegMat RX TA ,1631000003,Materia Prima terceros,203002,Ckd,,TRANSFORMADO,UND,True
7700149371735,Cubta Cola Bla Endu TT200 TA,1631000003,Materia Prima terceros,203002,Ckd,,TRANSFORMADO,UND,True
7700149371742,Tap Tan Izq Bla Bri TT 200 TA,1631000003,Materia Prima terceros,203002,Ckd,,TRANSFORMADO,UND,True
7700149371759,Tap Tan Der Bla Bri TT 200 TA,1631000003,Materia Prima terceros,203002,Ckd,,TRANSFORMADO,UND,True
7700149371766,Cubta Cola Gri Bri TT200 TA,1631000003,Materia Prima terceros,203002,Ckd,,TRANSFORMADO,UND,True
7700149371773,Tap Tan Izq Ver Bri TT 200 TA,1631000003,Materia Prima terceros,203002,Ckd,,TRANSFORMADO,UND,True
7700149371780,Tap Tan Der Ver Bri TT 200 TA,1631000003,Materia Prima terceros,203002,Ckd,,TRANSFORMADO,UND,True
7700149371797,Tanque Gas Gri Bri TT 200 TA,1631000003,Materia Prima terceros,203002,Ckd,,TRANSFORMADO,UND,True
7700149371803,Caren Far Gri Bri TT 200 TA,1631000003,Materia Prima terceros,203002,Ckd,,TRANSFORMADO,UND,True
7700149371810,Cubta Cola Neg Bri TT200 TA,1631000003,Materia Prima terceros,203002,Ckd,,TRANSFORMADO,UND,True
7700149371827,Tap Tan Izq Neg Bri TT 200 TA,1631000003,Materia Prima terceros,203002,Ckd,,TRANSFORMADO,UND,True
7700149371834,Tap Tan Der Neg Bri TT 200 TA,1631000003,Materia Prima terceros,203002,Ckd,,TRANSFORMADO,UND,True
7700149371841,Tanque Gas Neg Bri TT 200 TA,1631000003,Materia Prima terceros,203002,Ckd,,TRANSFORMADO,UND,True
7700149371858,Caren Far Neg Bri TT 200 TA,1631000003,Materia Prima terceros,203002,Ckd,,TRANSFORMADO,UND,True
7700149371865,Guardab Del Neg Bri TT 200 TA,1631000003,Materia Prima terceros,203002,Ckd,,TRANSFORMADO,UND,True
7700149371896,Kit PPF 3W EE TA,1631000000,Ckd,203002,Ckd,,TRANSFORMADO,UND,True
7700149371902,Tanq Combust MotocaPPF Gris TA,1632000000,Integracion Nacional,203002,Integración Nacional,,TRANSFORMADO,UND,True
7700149378642,Tap Tanq Izq Gr/Br 200CR3 TA,1631000003,Materia Prima terceros,203002,Ckd,,TRANSFORMADO,UND,True
7700149378659,Tap Tanq Der Gr/Br 200CR3 TA,1631000003,Materia Prima terceros,203002,Ckd,,TRANSFORMADO,UND,True
7700149378666,TapLat Izq Inf Gr/Br 200CR3 TA,1631000003,Materia Prima terceros,203002,Ckd,,TRANSFORMADO,UND,True
7700149378673,TapLat Der Inf Gr/Br 200CR3 TA,1631000003,Materia Prima terceros,203002,Ckd,,TRANSFORMADO,UND,True
7700149378680,Tanque Gas Gr/Br AK200CR3 TA,1631000003,Materia Prima terceros,203002,Ckd,,TRANSFORMADO,UND,True
7700149378697,Guardab Del Gr/Br AK200CR3 TA,1631000003,Materia Prima terceros,203002,Ckd,,TRANSFORMADO,UND,True
7700149378703,Cub Far Izq Gr/Br AK200CR3 TA,1631000003,Materia Prima terceros,203002,Ckd,,TRANSFORMADO,UND,True
7700149378710,Cub Far Der Gr/Br AK200CR3 TA,1631000003,Materia Prima terceros,203002,Ckd,,TRANSFORMADO,UND,True
7700149382441,Chasis Himalayan 450 VIN Mp,1631000001,Materia Prima Chasis,203002,Ckd,,TRANSFORMADO,UND,True
7700149385268,Caren Del Perf VerMat 125T4 TA,1632000000,Integracion Nacional,203002,Integración Nacional,,TRANSFORMADO,UND,True
7700149386050,Chasis 200DS+ VIN Mp,1633000000,Terceros,203002,Terceros,,TRANSFORMADO,UND,True
7700149389594,Chasis 500DS VIN Mp,1631000000,Ckd,203002,Ckd,,TRANSFORMADO,UND,True
7700149390705,Tanq Gris Brillante 2 NKD TA,1631000003,Materia Prima terceros,203002,Ckd,,TRANSFORMADO,UND,True
7700149390712,Tanque DarK Flame NKD TA,1631000003,Materia Prima terceros,203002,Ckd,,TRANSFORMADO,UND,True
7700149390729,Guardab Del GrisBri 2 NKD TA ,1631000003,Materia Prima terceros,203002,Ckd,,TRANSFORMADO,UND,True
7700149390736,Tanque Neg Pla Col NKD TA,1631000003,Materia Prima terceros,203002,Ckd,,TRANSFORMADO,UND,True
7700149391610,Tap Tanq Izq NM 250 R TA,1631000003,Materia Prima terceros,203002,Ckd,,TRANSFORMADO,UND,True
7700149391627,Tap Tanq Der Inf NM 250 R TA,1631000003,Materia Prima terceros,203002,Ckd,,TRANSFORMADO,UND,True
7700149391634,Tap Tanq Izq Inf NM 250 R TA,1631000003,Materia Prima terceros,203002,Ckd,,TRANSFORMADO,UND,True
7700149391641,Tap Lat Der  NM 250 R TA,1631000003,Materia Prima terceros,203002,Ckd,,TRANSFORMADO,UND,True
7700149391658,Tap Lat Izq NM 250 R TA,1631000003,Materia Prima terceros,203002,Ckd,,TRANSFORMADO,UND,True
7700149391665,Cub Cent Tanq NM 250 R TA,1631000003,Materia Prima terceros,203002,Ckd,,TRANSFORMADO,UND,True
7700149391672,Caren Farola Der NM 250 R TA,1631000003,Materia Prima terceros,203002,Ckd,,TRANSFORMADO,UND,True
7700149391689,Guardabarro Del NM 250 R TA,1631000003,Materia Prima terceros,203002,Ckd,,TRANSFORMADO,UND,True
7700149391696,Tap Tanq Der NM 250 R TA,1631000003,Materia Prima terceros,203002,Ckd,,TRANSFORMADO,UND,True
7700149391702,Tap Cola Izq GB 250 R TA,1631000003,Materia Prima terceros,203002,Ckd,,TRANSFORMADO,UND,True
7700149391719,Tap Cola Der  NM 250 R TA,1631000003,Materia Prima terceros,203002,Ckd,,TRANSFORMADO,UND,True
7700149391726,Tap Cola Izq NM 250 R TA,1631000003,Materia Prima terceros,203002,Ckd,,TRANSFORMADO,UND,True
7700149391733,Caren Farola Der GB 250 R TA,1631000003,Materia Prima terceros,203002,Ckd,,TRANSFORMADO,UND,True
7700149391740,Caren Farola Izq GB 250 R TA,1631000003,Materia Prima terceros,203002,Ckd,,TRANSFORMADO,UND,True
7700149391757,Tap Tanq Der GB 250 R TA,1631000003,Materia Prima terceros,203002,Ckd,,TRANSFORMADO,UND,True
7700149391764,Tap Tanq Izq GB 250 R TA,1631000003,Materia Prima terceros,203002,Ckd,,TRANSFORMADO,UND,True
7700149391771,Tap Cola Der  GB 250 R TA,1631000003,Materia Prima terceros,203002,Ckd,,TRANSFORMADO,UND,True
7700149391788,Caren Farola Izq NM 250 R TA,1631000003,Materia Prima terceros,203002,Ckd,,TRANSFORMADO,UND,True
7700149395045,Tanque Gris Azul HY 450 TA,1631000003,Materia Prima terceros,203002,Ckd,,TRANSFORMADO,UND,True
7700149395052,Gdbarro Del Sup Neg Hy 450 TA,1631000003,Materia Prima terceros,203002,Ckd,,TRANSFORMADO,UND,True
7700149395069,Gdbarro Tras Neg Oro Hy 450 TA,1631000003,Materia Prima terceros,203002,Ckd,,TRANSFORMADO,UND,True
7700149395076,Tapa Lateral Neg Izq Hy 450 TA,1631000003,Materia Prima terceros,203002,Ckd,,TRANSFORMADO,UND,True
7700149395083,Tapa Lateral Neg Der Hy 450 TA,1631000003,Materia Prima terceros,203002,Ckd,,TRANSFORMADO,UND,True
7700149395090,Tanque Arena HY 450 TA,1631000003,Materia Prima terceros,203002,Ckd,,TRANSFORMADO,UND,True
7700149395106,Gdbarro Del Sup Arena 450 TA,1631000003,Materia Prima terceros,203002,Ckd,,TRANSFORMADO,UND,True
7700149395113,Gdbarro Tras Arena Hy 450 TA,1631000003,Materia Prima terceros,203002,Ckd,,TRANSFORMADO,UND,True
7700149395120,Tanque Negro HY 450 TA,1631000003,Materia Prima terceros,203002,Ckd,,TRANSFORMADO,UND,True
7700149395137,Tapa Lat Arena Der Hy 450 TA,1631000003,Materia Prima terceros,203002,Ckd,,TRANSFORMADO,UND,True
7700149395144,Tapa Gris Salm Der Hy 450 TA,1631000003,Materia Prima terceros,203002,Ckd,,TRANSFORMADO,UND,True
7700149395151,Gbo Del Sup Gris/Azu Hy 450 TA,1631000003,Materia Prima terceros,203002,Ckd,,TRANSFORMADO,UND,True
7700149395168,Gdbro Tras Gris Azul Hy 450 TA,1631000003,Materia Prima terceros,203002,Ckd,,TRANSFORMADO,UND,True
7700149395175,Tapa Gris Azul Izq Hy 450 TA,1631000003,Materia Prima terceros,203002,Ckd,,TRANSFORMADO,UND,True
7700149395182,Tapa Gris Azul Der Hy 450 TA,1631000003,Materia Prima terceros,203002,Ckd,,TRANSFORMADO,UND,True
7700149395199,Tanque Gris Salmon HY 450 TA,1631000003,Materia Prima terceros,203002,Ckd,,TRANSFORMADO,UND,True
7700149395205,Gbo Del Sup Gris/Sal Hy 450 TA,1631000003,Materia Prima terceros,203002,Ckd,,TRANSFORMADO,UND,True
7700149395212,Gdbro Tras Gris Salm Hy 450 TA,1631000003,Materia Prima terceros,203002,Ckd,,TRANSFORMADO,UND,True
7700149395229,Tapa Gris Salm Izq Hy 450 TA,1631000003,Materia Prima terceros,203002,Ckd,,TRANSFORMADO,UND,True
7700149395236,Tapa Lat Arena Izq Hy 450 TA,1631000003,Materia Prima terceros,203002,Ckd,,TRANSFORMADO,UND,True
7700149403474,Caren Farola Gr/B CR4 TA,1631000003,Materia Prima terceros,203002,Ckd,,TRANSFORMADO,UND,True
7700149403504,Guardab Del Gr/B CR4 TA,1631000003,Materia Prima terceros,203002,Ckd,,TRANSFORMADO,UND,True
7700149403511,Tanque Gas Gr/Bri CR4 TA,1631000003,Materia Prima terceros,203002,Ckd,,TRANSFORMADO,UND,True
7700149403528,Cub Tras Gr/Bri INT CR4 TA,1631000003,Materia Prima terceros,203002,Ckd,,TRANSFORMADO,UND,True
7700149403535,Cub Tras Izq Gr/Bri INT CR4 TA,1631000003,Materia Prima terceros,203002,Ckd,,TRANSFORMADO,UND,True
7700149403542,Cub Tras Der Gr/Bri INT CR4 TA,1631000003,Materia Prima terceros,203002,Ckd,,TRANSFORMADO,UND,True
7700149424486,Sistema Electrico Nal Hntr TA,1631000000,Ckd,203002,Ckd,,TRANSFORMADO,UND,True
7700149424493,Sistema Electrico Meteor TA,1631000000,Ckd,203002,Ckd,,TRANSFORMADO,UND,True
7700149425025,Chasis RX VIN Mp,1631000001,Materia Prima Chasis,203002,Ckd,,TRANSFORMADO,UND,True
7700149428279,Sillin Thermoliner TT200 TA,1631000003,Materia Prima terceros,203002,Ckd,,TRANSFORMADO,UND,True
7700149440509,Sillin Dyn RX TA,1631000003,Materia Prima terceros,203002,Ckd,,TRANSFORMADO,UND,True
7700149447683,Pintura Chasis AK250 CR4 TA,1631000003,Materia Prima terceros,203002,Ckd,,TRANSFORMADO,UND,True
7700149451307,Tanque Gas NKD FP V2 TA,1631000003,Materia Prima terceros,203002,Ckd,,TRANSFORMADO,UND,True
7700149456708,Pintura Chasis 200DS+ TA,1631000003,Materia Prima terceros,203002,Ckd,,TRANSFORMADO,UND,True
7700149456807,Tap lat Izq HNTR Negr/Plata TA,1631000003,Materia Prima terceros,203002,Ckd,,TRANSFORMADO,UND,True
7700149456814,Tap lat Der HNTR Negr/Plata TA,1631000003,Materia Prima terceros,203002,Ckd,,TRANSFORMADO,UND,True
7700149456821,Tap lat Izq HNTR Negro/Rojo TA,1631000003,Materia Prima terceros,203002,Ckd,,TRANSFORMADO,UND,True
7700149456838,Tap lat Der HNTR Negro/Rojo TA,1631000003,Materia Prima terceros,203002,Ckd,,TRANSFORMADO,UND,True
7700149456845,Tapa lateral Der HNTR Gris TA,1631000003,Materia Prima terceros,203002,Ckd,,TRANSFORMADO,UND,True
7700149456852,Tapa lateral Izq HNTR Gris TA,1631000003,Materia Prima terceros,203002,Ckd,,TRANSFORMADO,UND,True
7700149456869,Tap lat Der HNTR Negr/Turq TA,1631000003,Materia Prima terceros,203002,Ckd,,TRANSFORMADO,UND,True
7700149456876,Tap lat Izq HNTR Negr/Turq TA,1631000003,Materia Prima terceros,203002,Ckd,,TRANSFORMADO,UND,True
7700149457033,Pintura Cupula TT 200 TA,1631000003,Materia Prima terceros,203002,Ckd,,TRANSFORMADO,UND,True
7700149457378,Sillin Retapizado TT200 TA,1631000003,Materia Prima terceros,203002,Ckd,,TRANSFORMADO,UND,True
7700149467186,Sillin 300 Rally TA,1631000003,Materia Prima terceros,203002,Ckd,,TRANSFORMADO,UND,True
7700149475273,Sillin confort 2025 NKD TA,1632000000,Integracion Nacional,203002,Integración Nacional,,TRANSFORMADO,UND,True
7700149478298,Sillin DS300 2025 TA,1631000003,Materia Prima terceros,203002,Ckd,,TRANSFORMADO,UND,True
7700149481991,Sillin Flex 2025 TA,1632000000,Integracion Nacional,203002,Integración Nacional,,TRANSFORMADO,UND,True
7700149501064,GpiernaExIzq Neg/Mat FLEX+ TA,1631000003,Materia Prima terceros,203002,Ckd,,TRANSFORMADO,UND,True
7700149501071,Cubta Pito Gri/Mat FLEX+ TA,1631000003,Materia Prima terceros,203002,Ckd,,TRANSFORMADO,UND,True
7700149501088,Mofle TT200 Carbon TA,1632000000,Integracion Nacional,203002,Integración Nacional,,TRANSFORMADO,UND,True
7700149501095,GpiernaExIzq Gri/Mat FLEX+ TA,1631000003,Materia Prima terceros,203002,Ckd,,TRANSFORMADO,UND,True
7700149501101,GpiernaExtDer Gri/Mat FLEX+ TA,1631000003,Materia Prima terceros,203002,Ckd,,TRANSFORMADO,UND,True
7700149501118,CubtaTrasIzq Gri/Mat FLEX + TA,1631000003,Materia Prima terceros,203002,Ckd,,TRANSFORMADO,UND,True
7700149501125,CubtaTrasDer Gri/Mat FLEX + TA,1631000003,Materia Prima terceros,203002,Ckd,,TRANSFORMADO,UND,True
7700149501132,Cubta Farola Neg/Mat FLEX+ TA,1631000003,Materia Prima terceros,203002,Ckd,,TRANSFORMADO,UND,True
7700149501149,CubtaTrasCent Neg/Mat FLEX+ TA,1631000003,Materia Prima terceros,203002,Ckd,,TRANSFORMADO,UND,True
7700149501156,Guardab Del Neg/Mat FLEX+ TA,1631000003,Materia Prima terceros,203002,Ckd,,TRANSFORMADO,UND,True
7700149501163,Caren Farola NM VG525 TA,1631000003,Materia Prima terceros,203002,Ckd,,TRANSFORMADO,UND,True
7700149501170,GpiernaExtDer Neg/Mat FLEX+ TA,1631000003,Materia Prima terceros,203002,Ckd,,TRANSFORMADO,UND,True
7700149501187,CubtaTrasIzq Neg/Mat FLEX + TA,1631000003,Materia Prima terceros,203002,Ckd,,TRANSFORMADO,UND,True
7700149501194,CubtaTrasDer Neg/Mat FLEX + TA,1631000003,Materia Prima terceros,203002,Ckd,,TRANSFORMADO,UND,True
7700149501200,Cubta Visor Neg/Mat FLEX+ TA,1631000003,Materia Prima terceros,203002,Ckd,,TRANSFORMADO,UND,True
7700149501217,CubtaPito Sup Neg/Mat FLEX+ TA,1631000003,Materia Prima terceros,203002,Ckd,,TRANSFORMADO,UND,True
7700149501224,GpiernaIntIzq Neg/Mat FLEX+ TA,1631000003,Materia Prima terceros,203002,Ckd,,TRANSFORMADO,UND,True
7700149501231,GpiernaIntDer Neg/Mat FLEX+ TA,1631000003,Materia Prima terceros,203002,Ckd,,TRANSFORMADO,UND,True
7700149501248,Cubta Pito Neg/Mat FLEX+ TA,1631000003,Materia Prima terceros,203002,Ckd,,TRANSFORMADO,UND,True
7700149501255,Tap Tras Izq NM VG525 TA,1631000003,Materia Prima terceros,203002,Ckd,,TRANSFORMADO,UND,True
7700149501262,Tap Tras Der GM VG525 TA,1631000003,Materia Prima terceros,203002,Ckd,,TRANSFORMADO,UND,True
7700149501279,Tap Tanque Izq GM VG525 TA ,1631000003,Materia Prima terceros,203002,Ckd,,TRANSFORMADO,UND,True
7700149501286,Tap Tanque Der GM VG525 TA,1631000003,Materia Prima terceros,203002,Ckd,,TRANSFORMADO,UND,True
7700149501293,Tap Lat Inf Izq GM VG525 TA,1631000003,Materia Prima terceros,203002,Ckd,,TRANSFORMADO,UND,True
7700149501309,Tap Lat Inf Der GM VG525 TA,1631000003,Materia Prima terceros,203002,Ckd,,TRANSFORMADO,UND,True
7700149501316,Tap Lat Sup Izq GB VG525 TA,1631000003,Materia Prima terceros,203002,Ckd,,TRANSFORMADO,UND,True
7700149501323,Tap Lat Sup Der GB VG525 TA,1631000003,Materia Prima terceros,203002,Ckd,,TRANSFORMADO,UND,True
7700149501330,Cubta Farola Gri/Mat FLEX+ TA,1631000003,Materia Prima terceros,203002,Ckd,,TRANSFORMADO,UND,True
7700149501347,Gbarro GM VG525 TA,1631000003,Materia Prima terceros,203002,Ckd,,TRANSFORMADO,UND,True
7700149501354,Gbarro NM VG525 TA,1631000003,Materia Prima terceros,203002,Ckd,,TRANSFORMADO,UND,True
7700149501361,Tap Tras Der NM VG525 TA,1631000003,Materia Prima terceros,203002,Ckd,,TRANSFORMADO,UND,True
7700149501378,Tap Tanque Izq NM VG525 TA ,1631000003,Materia Prima terceros,203002,Ckd,,TRANSFORMADO,UND,True
7700149501385,Tap Tanque Der NM VG525 TA,1631000003,Materia Prima terceros,203002,Ckd,,TRANSFORMADO,UND,True
7700149501392,Tap Lat Inf Izq NM VG525 TA,1631000003,Materia Prima terceros,203002,Ckd,,TRANSFORMADO,UND,True
7700149501408,Tap Lat Inf Der NM VG525 TA,1631000003,Materia Prima terceros,203002,Ckd,,TRANSFORMADO,UND,True
7700149501415,Tap Lat Sup Izq NM VG525 TA,1631000003,Materia Prima terceros,203002,Ckd,,TRANSFORMADO,UND,True
7700149501422,Tap Lat Sup Der NM VG525 TA,1631000003,Materia Prima terceros,203002,Ckd,,TRANSFORMADO,UND,True
7700149501439,Tap Tras Izq GM VG525 TA,1631000003,Materia Prima terceros,203002,Ckd,,TRANSFORMADO,UND,True
7700149501446,Caren Farola GM VG525 TA,1631000003,Materia Prima terceros,203002,Ckd,,TRANSFORMADO,UND,True
7700149502962,Cubta Farola Neg/Bri FLEX+ TA,1631000003,Materia Prima terceros,203002,Ckd,,TRANSFORMADO,UND,True
7700149502979,Cubta Pito Neg/Bri FLEX+ TA,1631000003,Materia Prima terceros,203002,Ckd,,TRANSFORMADO,UND,True
7700149502986,Guardab Del Neg/Bri FLEX+ TA,1631000003,Materia Prima terceros,203002,Ckd,,TRANSFORMADO,UND,True
7700149502993,GpiernaExIzq Neg/Bri FLEX+ TA,1631000003,Materia Prima terceros,203002,Ckd,,TRANSFORMADO,UND,True
7700149503006,GpiernaExtDer Neg/Bri FLEX+ TA,1631000003,Materia Prima terceros,203002,Ckd,,TRANSFORMADO,UND,True
7700149503013,CubtaTrasIzq Neg/Bri FLEX + TA,1631000003,Materia Prima terceros,203002,Ckd,,TRANSFORMADO,UND,True
7700149503020,CubtaTrasDer Neg/Bri FLEX + TA,1631000003,Materia Prima terceros,203002,Ckd,,TRANSFORMADO,UND,True
7700149520782,Curva Mofle TT200 Carbon TA,1632000000,Integracion Nacional,203002,Integración Nacional,,TRANSFORMADO,UND,True
7700149520799,Posapie Der Enduro TT200 TA,1631000003,Materia Prima terceros,203002,Ckd,,TRANSFORMADO,UND,True
7700149521185,Posapie Izq Enduro TT200 TA,1631000003,Materia Prima terceros,203002,Ckd,,TRANSFORMADO,UND,True
7700149523240,Tap Tras Izq Gr/Br2 200CR3 TA,1631000003,Materia Prima terceros,203002,Ckd,,TRANSFORMADO,UND,True
7700149523257,Tap Tras Der Gr/Br2 200CR3 TA,1631000003,Materia Prima terceros,203002,Ckd,,TRANSFORMADO,UND,True
7700149523264,Tanque Gas Gr/Br2 AK200CR3 TA,1631000003,Materia Prima terceros,203002,Ckd,,TRANSFORMADO,UND,True
7700149523271,Guardab Del Gr/Br2 AK200CR3 TA,1631000003,Materia Prima terceros,203002,Ckd,,TRANSFORMADO,UND,True
7700149523288,Cub Far Izq Gr/Br2 AK200CR3 TA,1631000003,Materia Prima terceros,203002,Ckd,,TRANSFORMADO,UND,True
7700149523295,Cub Far Der Gr/Br2 AK200CR3 TA,1631000003,Materia Prima terceros,203002,Ckd,,TRANSFORMADO,UND,True
7700149523608,Caren Tra Izq G/M OSC NV TA,1631000003,Materia Prima terceros,203002,Ckd,,TRANSFORMADO,UND,True
7700149523615,Caren Tra Der G/M OSC NV TA,1631000003,Materia Prima terceros,203002,Ckd,,TRANSFORMADO,UND,True
7700149523622,Caren Pito G/M OSC NV TA,1631000003,Materia Prima terceros,203002,Ckd,,TRANSFORMADO,UND,True
7700149523639,Gbarro Del G/M OSC NV TA,1631000003,Materia Prima terceros,203002,Ckd,,TRANSFORMADO,UND,True
7700149523646,Gpierna Izq G/M OSC NV TA,1631000003,Materia Prima terceros,203002,Ckd,,TRANSFORMADO,UND,True
7700149523653,Gpierna Der G/M OSC NV TA,1631000003,Materia Prima terceros,203002,Ckd,,TRANSFORMADO,UND,True
7700149523660,Caren Far G/M OSC NV TA,1631000003,Materia Prima terceros,203002,Ckd,,TRANSFORMADO,UND,True
7700149523677,Caren Traser G/M OSC FLEX TA,1631000003,Materia Prima terceros,203002,Ckd,,TRANSFORMADO,UND,True
7700149523684,Caren Tra Izq G/M OSC FLEX TA,1631000003,Materia Prima terceros,203002,Ckd,,TRANSFORMADO,UND,True
7700149523691,Caren Tra Der G/M OSC FLEX TA,1631000003,Materia Prima terceros,203002,Ckd,,TRANSFORMADO,UND,True
7700149523707,Gbarro Del G/M OSC FLEX TA,1631000003,Materia Prima terceros,203002,Ckd,,TRANSFORMADO,UND,True
7700149523714,Gpier Ext Izq G/M OSC FLEX TA,1631000003,Materia Prima terceros,203002,Ckd,,TRANSFORMADO,UND,True
7700149523721,Gpier Ext Der G/M OSC FLEX TA,1631000003,Materia Prima terceros,203002,Ckd,,TRANSFORMADO,UND,True
7700149523738,Caren Pito G/M OSC FLEX TA,1631000003,Materia Prima terceros,203002,Ckd,,TRANSFORMADO,UND,True
7700149523745,Caren Farol G/M OSC FLEX TA,1631000003,Materia Prima terceros,203002,Ckd,,TRANSFORMADO,UND,True
7700149524766,Tap Cola Ver Mat TT200 TA,1631000003,Materia Prima terceros,203002,Ckd,,TRANSFORMADO,UND,True
7700149524773,Tap Tan Izq Ver Mat TT 200 TA,1631000003,Materia Prima terceros,203002,Ckd,,TRANSFORMADO,UND,True
7700149524780,Tap Tan Der Ver Mat TT 200 TA,1631000003,Materia Prima terceros,203002,Ckd,,TRANSFORMADO,UND,True
7700149542883,Chasis GRR450 VIN Mp,1631000001,Materia Prima Chasis,203002,Ckd,,TRANSFORMADO,UND,True
7700149546096,Parrilla AK125PC TA,1632000000,Integracion Nacional,203002,Integración Nacional,,TRANSFORMADO,UND,True
7700149548564,Guardabarro Tras Silver GRR TA,1631000003,Materia Prima terceros,203002,Ckd,,TRANSFORMADO,UND,True
7700149548571,Guardabarro Del Silver GRR TA,1631000003,Materia Prima terceros,203002,Ckd,,TRANSFORMADO,UND,True
7700149548588,Tapa Lateral Izq Silver GRR TA,1631000003,Materia Prima terceros,203002,Ckd,,TRANSFORMADO,UND,True
7700149548595,Tapa Lateral Der Silver GRR TA,1631000003,Materia Prima terceros,203002,Ckd,,TRANSFORMADO,UND,True
7700149548601,Tanque Silver GRR 450 TA,1631000003,Materia Prima terceros,203002,Ckd,,TRANSFORMADO,UND,True
7700149548878,Caren Tras Izq Blanc PRO V2 TA,1631000003,Materia Prima terceros,203002,Ckd,,TRANSFORMADO,UND,True
7700149548885,Caren Tras Der Blanc PRO V2 TA,1631000003,Materia Prima terceros,203002,Ckd,,TRANSFORMADO,UND,True
7700149548892,Caren Delan Blanco PRO V2 TA,1631000003,Materia Prima terceros,203002,Ckd,,TRANSFORMADO,UND,True
7700149548908,Sillín Delant Cafe Dyn Pro TA,1631000003,Materia Prima terceros,203002,Ckd,,TRANSFORMADO,UND,True
7700149548915,Sillín Trasero Cafe Dyn Pro TA,1631000003,Materia Prima terceros,203002,Ckd,,TRANSFORMADO,UND,True
7700149549318,Chasis AK125NKD VIN CBS Mp,1633000000,Terceros,203002,Terceros,,TRANSFORMADO,UND,True
7700149549325,Pint Chasis 125NKD CBS TA,1631000001,Materia Prima Chasis,203002,Ckd,,TRANSFORMADO,UND,True
7700149549332,Pintura Tijera NKD CBS TA,1631000003,Materia Prima terceros,203002,Ckd,,TRANSFORMADO,UND,True
7700149556200,Tanque Gas A/B CHR TA,1631000003,Materia Prima terceros,203002,Ckd,,TRANSFORMADO,UND,True
7700149556217,Tapa Lateral Der A/B CHR TA,1631000003,Materia Prima terceros,203002,Ckd,,TRANSFORMADO,UND,True
7700149556224,Tapa Lateral Izq A/B CHR TA,1631000003,Materia Prima terceros,203002,Ckd,,TRANSFORMADO,UND,True
7700149562850,Chasis BEAR650 VIN Mp,1631000000,Ckd,203002,Ckd,,TRANSFORMADO,UND,True
7700149562867,Chasis SM650 VIN Mp,1631000001,Materia Prima Chasis,203002,Ckd,,TRANSFORMADO,UND,True
7700149562874,Agarradera Derecha RX TA,1631000000,Ckd,203002,Ckd,,TRANSFORMADO,UND,True
7700149562881,Agarradera Izquierda RX TA,1631000000,Ckd,203002,Ckd,,TRANSFORMADO,UND,True
7700149568906,Guardabarro Tras Black GRR TA,1631000003,Materia Prima terceros,203002,Ckd,,TRANSFORMADO,UND,True
7700149568913,Guardabarro Del Black GRR TA,1631000003,Materia Prima terceros,203002,Ckd,,TRANSFORMADO,UND,True
7700149568920,Tapa Lat Izq Red/Black GRR TA,1631000003,Materia Prima terceros,203002,Ckd,,TRANSFORMADO,UND,True
7700149568937,Tapa Lat Der Red/Black GRR TA,1631000003,Materia Prima terceros,203002,Ckd,,TRANSFORMADO,UND,True
7700149568944,Tanque Red/Black GRR 450 TA,1631000003,Materia Prima terceros,203002,Ckd,,TRANSFORMADO,UND,True
7700149568951,Guardabarro Tras Yellow GRR TA,1631000003,Materia Prima terceros,203002,Ckd,,TRANSFORMADO,UND,True
7700149568968,Guardabarro Del Yellow GRR TA,1631000003,Materia Prima terceros,203002,Ckd,,TRANSFORMADO,UND,True
7700149568975,Tapa Lateral Izq Yellow GRR TA,1631000003,Materia Prima terceros,203002,Ckd,,TRANSFORMADO,UND,True
7700149568982,Tapa Lateral Der Yellow GRR TA,1631000003,Materia Prima terceros,203002,Ckd,,TRANSFORMADO,UND,True
7700149568999,Tanque Yellow/Black GRR 450 TA,1631000003,Materia Prima terceros,203002,Ckd,,TRANSFORMADO,UND,True
7700149569255,Caren Farola Negro NV CBS TA,1631000003,Materia Prima terceros,203002,Ckd,,TRANSFORMADO,UND,True
7700149569262,Caren Farola Ne/Mat NV CBS TA,1631000003,Materia Prima terceros,203002,Ckd,,TRANSFORMADO,UND,True
7700149569279,Caren Farola G/M OSC NV CBS TA,1631000003,Materia Prima terceros,203002,Ckd,,TRANSFORMADO,UND,True
7700149569286,Caren Farola G/M  NV CBS TA,1631000003,Materia Prima terceros,203002,Ckd,,TRANSFORMADO,UND,True
7700149601191,Chasis 900DS VIN Mp,1631000000,Ckd,203002,Ckd,,TRANSFORMADO,UND,True
7700149602129,Tap Cola Izq GB2 250 R TA,1631000003,Materia Prima terceros,203002,Ckd,,TRANSFORMADO,UND,True
7700149602136,Tap Cola Der  GB2 250 R TA,1631000003,Materia Prima terceros,203002,Ckd,,TRANSFORMADO,UND,True
7700149602143,Tap Tanq Izq GB2 250 R TA,1631000003,Materia Prima terceros,203002,Ckd,,TRANSFORMADO,UND,True
7700149602150,Tap Tanq Der GB2 250 R TA,1631000003,Materia Prima terceros,203002,Ckd,,TRANSFORMADO,UND,True
7700149602167,Caren Farola Izq GB2 250 R TA,1631000003,Materia Prima terceros,203002,Ckd,,TRANSFORMADO,UND,True
7700149602174,Caren Farola Der GB2 250 R TA,1631000003,Materia Prima terceros,203002,Ckd,,TRANSFORMADO,UND,True
7700149606257,Chasis Jet Evo VIN Mp,1631000001,Materia Prima Chasis,203002,Ckd,,TRANSFORMADO,UND,True
7700149606837,Tanque Negro Brillante NKD+ TA,1631000000,Ckd,203002,Ckd,,TRANSFORMADO,UND,True
7700149606844,Tanque Negro Mate NKD+ TA,1631000000,Ckd,203002,Ckd,,TRANSFORMADO,UND,True
7700149606851,Tanque Gris Brillante NKD+ TA,1631000000,Ckd,203002,Ckd,,TRANSFORMADO,UND,True
7700149606868,Tanque Blanco NKD+ TA,1631000000,Ckd,203002,Ckd,,TRANSFORMADO,UND,True
7700149609142,Chasis 200TTR ABS TA,1631000003,Materia Prima terceros,203002,Ckd,,TRANSFORMADO,UND,True
7700149609456,TapaManu GB Jet Evo TA,1631000003,Materia Prima terceros,203002,Ckd,,TRANSFORMADO,UND,True
7700149609463,Guardaba Del GB Jet Evo TA,1631000003,Materia Prima terceros,203002,Ckd,,TRANSFORMADO,UND,True
7700149609470,Tapa Visor GrBr Jet Evo TA,1631000003,Materia Prima terceros,203002,Ckd,,TRANSFORMADO,UND,True
7700149609487,Tapa Fron GrBr Jet Evo TA,1631000003,Materia Prima terceros,203002,Ckd,,TRANSFORMADO,UND,True
7700149609494,Panel Inter Izq GB Jet Evo TA,1631000003,Materia Prima terceros,203002,Ckd,,TRANSFORMADO,UND,True
7700149609500,Panel Inter Der GB Jet Evo TA,1631000003,Materia Prima terceros,203002,Ckd,,TRANSFORMADO,UND,True
7700149609517,TapaManu NB Jet Evo TA,1631000003,Materia Prima terceros,203002,Ckd,,TRANSFORMADO,UND,True
7700149609524,Tapa Visor NB Jet Evo TA,1631000003,Materia Prima terceros,203002,Ckd,,TRANSFORMADO,UND,True
7700149609531,Panel Inter Izq NB Jet Evo TA,1631000003,Materia Prima terceros,203002,Ckd,,TRANSFORMADO,UND,True
7700149610162,Chasis 3WC Profia VIN PF,1631000007,Control profia,203002,Ckd,,TRANSFORMADO,UND,True
7700149619172,Cubta Tras Der GrBr2 RX TA,1631000003,Materia Prima terceros,203002,Ckd,,TRANSFORMADO,UND,True
7700149619189,Cubta Tras Izq GrBr2 RX TA,1631000003,Materia Prima terceros,203002,Ckd,,TRANSFORMADO,UND,True
7700149619196,Cubta Tras Cen GrBr2 RX TA,1631000003,Materia Prima terceros,203002,Ckd,,TRANSFORMADO,UND,True
7700149619202,Cubta Front GrBr2RX TA,1631000003,Materia Prima terceros,203002,Ckd,,TRANSFORMADO,UND,True
7700149620161,Tanque Amarill/BlaWH Bear650TA,1631000003,Materia Prima terceros,203002,Ckd,,TRANSFORMADO,UND,True
7700149620178,Gbrro Tras BlancoBW Bear650 TA,1631000003,Materia Prima terceros,203002,Ckd,,TRANSFORMADO,UND,True
7700149620185,Gbrro Del Blanco BW Bear650 TA,1631000003,Materia Prima terceros,203002,Ckd,,TRANSFORMADO,UND,True
7700149620192,Tapa LatDer BlancoBWBear650 TA,1631000003,Materia Prima terceros,203002,Ckd,,TRANSFORMADO,UND,True
7700149620208,Tapa LatIzq BlancoBWBear650 TA,1631000003,Materia Prima terceros,203002,Ckd,,TRANSFORMADO,UND,True
7700149620215,Tanque Negro/Gr GS Bear 650 TA,1631000003,Materia Prima terceros,203002,Ckd,,TRANSFORMADO,UND,True
7700149620222,Gbrro Tras Negro GS Bear650 TA,1631000003,Materia Prima terceros,203002,Ckd,,TRANSFORMADO,UND,True
7700149620239,Gbrro Del Gris GS Bear650 TA,1631000003,Materia Prima terceros,203002,Ckd,,TRANSFORMADO,UND,True
7700149620246,Tanque Blanco BW Bear650 TA,1631000003,Materia Prima terceros,203002,Ckd,,TRANSFORMADO,UND,True
7700149620253,Tapa LatIzq Negro GS Bear650TA,1631000003,Materia Prima terceros,203002,Ckd,,TRANSFORMADO,UND,True
7700149620260,Tapa LatIzq VerdePGBear650 TA,1631000003,Materia Prima terceros,203002,Ckd,,TRANSFORMADO,UND,True
7700149620277,Gbrro Tras AmarilloWHBear650TA,1631000003,Materia Prima terceros,203002,Ckd,,TRANSFORMADO,UND,True
7700149620284,Gbrro Del BlanWH/BW Bear650 TA,1631000003,Materia Prima terceros,203002,Ckd,,TRANSFORMADO,UND,True
7700149620291,Tapa LatDer AmarillWHBear650TA,1631000003,Materia Prima terceros,203002,Ckd,,TRANSFORMADO,UND,True
7700149620307,Tapa LatIzq AmarillWHBear650TA,1631000003,Materia Prima terceros,203002,Ckd,,TRANSFORMADO,UND,True
7700149620314,Tanque Verde PG Bear 650 TA,1631000003,Materia Prima terceros,203002,Ckd,,TRANSFORMADO,UND,True
7700149620321,Gbrro Tras NegroPG Bear 650 TA,1631000003,Materia Prima terceros,203002,Ckd,,TRANSFORMADO,UND,True
7700149620338,Gbrro Del NegroPG Bear650 TA,1631000003,Materia Prima terceros,203002,Ckd,,TRANSFORMADO,UND,True
7700149620345,Tapa LatDer VerdePGBear650 TA,1631000003,Materia Prima terceros,203002,Ckd,,TRANSFORMADO,UND,True
7700149620352,Tapa LatDer Negro GS Bear650TA,1631000003,Materia Prima terceros,203002,Ckd,,TRANSFORMADO,UND,True
7700149632539,Tapa Cola Izq NM VG 900DS TA,1631000003,Materia Prima terceros,203002,Ckd,,TRANSFORMADO,UND,True
7700149632546,Tapa Cola Der NM VG 900DS TA,1631000003,Materia Prima terceros,203002,Ckd,,TRANSFORMADO,UND,True
7700149632553,Tapa Rad Izq NM VG 900DS TA,1631000003,Materia Prima terceros,203002,Ckd,,TRANSFORMADO,UND,True
7700149632560,Tapa Rad Der NM VG 900DS TA,1631000003,Materia Prima terceros,203002,Ckd,,TRANSFORMADO,UND,True
7700149632577,Tapa Tanq Izq NM VG 900DS TA,1631000003,Materia Prima terceros,203002,Ckd,,TRANSFORMADO,UND,True
7700149632584,Tapa Tanq Der NM VG 900DS TA,1631000003,Materia Prima terceros,203002,Ckd,,TRANSFORMADO,UND,True
7700149632591,Tapa Inf Izq NM VG 900DS TA,1631000003,Materia Prima terceros,203002,Ckd,,TRANSFORMADO,UND,True
7700149632607,Tapa Inf Der  NM VG 900DS TA,1631000003,Materia Prima terceros,203002,Ckd,,TRANSFORMADO,UND,True
7700149632614,Tapa Frontal NM VG 900DS TA,1631000003,Materia Prima terceros,203002,Ckd,,TRANSFORMADO,UND,True
7700149632812,CarenFar Gri Bri 2 TT200 TA,1631000003,Materia Prima terceros,203002,Ckd,,TRANSFORMADO,UND,True
7700149632829,Tanque Gri Bri 2 TT200 TA,1631000000,Ckd,203002,Ckd,,TRANSFORMADO,UND,True
7700149632836,Tap Cola Gri Bri 2 TT200 TA,1631000003,Materia Prima terceros,203002,Ckd,,TRANSFORMADO,UND,True
7700149634526,Tap Cola Der  Ng/Br 250R TA,1631000003,Materia Prima terceros,203002,Ckd,,TRANSFORMADO,UND,True
7700149634533,Caren Tanque Der Ng/B 300DS TA,1631000003,Materia Prima terceros,203002,Ckd,,TRANSFORMADO,UND,True
7700149634540,Caren Tanque Izq Ng/B 300DS TA,1631000003,Materia Prima terceros,203002,Ckd,,TRANSFORMADO,UND,True
7700149634557,Caren Del Der Ng/Br 300DS TA,1631000003,Materia Prima terceros,203002,Ckd,,TRANSFORMADO,UND,True
7700149634564,Caren Del Izq Ng/Br 300DS TA,1631000003,Materia Prima terceros,203002,Ckd,,TRANSFORMADO,UND,True
7700149634571,Cubt Der Peq Ng/Br 300DS TA,1631000003,Materia Prima terceros,203002,Ckd,,TRANSFORMADO,UND,True
7700149634588,Cubt Izq Peq Ng/Br 300DS TA,1631000003,Materia Prima terceros,203002,Ckd,,TRANSFORMADO,UND,True
7700149634595,Caren Farola Der Ng/Br 250R TA,1631000003,Materia Prima terceros,203002,Ckd,,TRANSFORMADO,UND,True
7700149634601,Caren Farola Izq Ng/Br 250R TA,1631000003,Materia Prima terceros,203002,Ckd,,TRANSFORMADO,UND,True
7700149634618,Tanque Ng/Br 300DS TA,1631000003,Materia Prima terceros,203002,Ckd,,TRANSFORMADO,UND,True
7700149634625,Tap Tanq Izq Ng/Br 250R TA,1631000003,Materia Prima terceros,203002,Ckd,,TRANSFORMADO,UND,True
7700149634632,Protec Horq Izq G/Br 300Ral TA,1631000003,Materia Prima terceros,203002,Ckd,,TRANSFORMADO,UND,True
7700149634649,Tap Cola Izq Ng/Br 250R TA,1631000003,Materia Prima terceros,203002,Ckd,,TRANSFORMADO,UND,True
7700149634656,Tanque Gr/Br 300Ral TA,1631000003,Materia Prima terceros,203002,Ckd,,TRANSFORMADO,UND,True
7700149634663,Guardbarro Gr/Br 300Ral TA,1631000003,Materia Prima terceros,203002,Ckd,,TRANSFORMADO,UND,True
7700149634670,Tap Lat Der Gr/Br 300Ral TA,1631000003,Materia Prima terceros,203002,Ckd,,TRANSFORMADO,UND,True
7700149634687,Tap Lat izq Gr/Br 300Ral TA,1631000003,Materia Prima terceros,203002,Ckd,,TRANSFORMADO,UND,True
7700149634694,Cbta Tan Der Gr/Br 300RalTA ,1631000003,Materia Prima terceros,203002,Ckd,,TRANSFORMADO,UND,True
7700149634700,Cbta Tan Izq Gr/Br 300RalTA ,1631000003,Materia Prima terceros,203002,Ckd,,TRANSFORMADO,UND,True
7700149634717,Cbta Cola Gr/Br 300Ral TA,1631000003,Materia Prima terceros,203002,Ckd,,TRANSFORMADO,UND,True
7700149634724,Protec Horq Der G/Br 300Ral TA,1631000003,Materia Prima terceros,203002,Ckd,,TRANSFORMADO,UND,True
7700149634731,Tap Tanq Der Ng/Br 250R TA,1631000003,Materia Prima terceros,203002,Ckd,,TRANSFORMADO,UND,True
7700149637619,Caren Del Gris/Base DynPro TA,1631000003,Materia Prima terceros,203002,Ckd,,TRANSFORMADO,UND,True
7700149637626,Caren Tras Der Gr/Ba DynPro TA,1631000003,Materia Prima terceros,203002,Ckd,,TRANSFORMADO,UND,True
7700149637633,Caren Tras Izq Gr/Ba DynPro TA,1631000003,Materia Prima terceros,203002,Ckd,,TRANSFORMADO,UND,True
7700149637664,Moto AK150DYN RX Gr 27 PT,1631000009,Partes Pequeñas,203002,Ckd,GRIS,TRANSFORMADO,UND,True
7700149637671,Moto AK200CR4 G/N V 27 PT,1632000000,Integracion Nacional,203002,Integración Nacional,GRIS NEGRO,TRANSFORMADO,UND,True
7700149637688,Moto AK200CR4 Ng V 27 PT,1632000000,Integracion Nacional,203002,Integración Nacional,NEGRO,TRANSFORMADO,UND,True
7700149637695,Moto AK200CR4 N/Mt V 27 PT,1632000000,Integracion Nacional,203002,Integración Nacional,NEGRO MATE,TRANSFORMADO,UND,True
7700149637732,Moto AK250EFI DNP Gr 27 PT,1631000009,Partes Pequeñas,203002,Ckd,GRIS,TRANSFORMADO,UND,True
7700149637749,Moto AK110NV N/Mt 27 PT,1632000000,Integracion Nacional,203002,Integración Nacional,NEGRO MATE,TRANSFORMADO,UND,True
7700149637756,Moto AK250EFI DNP Ng 27 PT,1631000009,Partes Pequeñas,203002,Ckd,NEGRO,TRANSFORMADO,UND,True
7700149637770,Moto AK150DYN RX Gr/Mt 27 PT,1631000009,Partes Pequeñas,203002,Ckd,GRIS MATE,TRANSFORMADO,UND,True
7700149637787,Moto AK150DYN RX Ng 27 PT,1631000009,Partes Pequeñas,203002,Ckd,NEGRO,TRANSFORMADO,UND,True
7700149637794,Moto AK125DYN PRO+ Camu 27 PT,1631000009,Partes Pequeñas,203002,Ckd,NEGRO GRIS MATE,TRANSFORMADO,UND,True
7700149637800,Moto AK125DYN PRO+ G/Ver 27 PT,1631000009,Partes Pequeñas,203002,Ckd,GRIS MATE VERDE,TRANSFORMADO,UND,True
7700149637817,Moto AK125DYN PRO+ Ng 27 PT,1631000009,Partes Pequeñas,203002,Ckd,NEGRO,TRANSFORMADO,UND,True
7700149637824,Moto AK125DYN PRO+ N/Mt 27 PT,1631000009,Partes Pequeñas,203002,Ckd,NEGRO MATE,TRANSFORMADO,UND,True
7700149637848,Moto AK125 CHR Ng 27 PT,1632000000,Integracion Nacional,203002,Integración Nacional,NEGRO,TRANSFORMADO,UND,True
7700149637855,Moto AK250EFI DNP N/Mt 27 PT,1631000009,Partes Pequeñas,203002,Ckd,NEGRO MATE,TRANSFORMADO,UND,True
7700149637862,Moto AK200TT Rally 27 PT,1632000000,Integracion Nacional,203002,Integración Nacional,VERDE MATE NEGRO,TRANSFORMADO,UND,True
7700149637879,Moto AK125 CHR Rj 27 PT,1632000000,Integracion Nacional,203002,Integración Nacional,ROJO,TRANSFORMADO,UND,True
7700149637886,Moto AK125 CHR Azl 27 PT,1632000000,Integracion Nacional,203002,Integración Nacional,AZUL,TRANSFORMADO,UND,True
7700149637893,Moto AK125TTR Bl 27 PT,1632000000,Integracion Nacional,203002,Integración Nacional,BLANCO NEGRO,TRANSFORMADO,UND,True
7700149637916,Moto AK125TTR Ng 27 PT,1632000000,Integracion Nacional,203002,Integración Nacional,NEGRO,TRANSFORMADO,UND,True
7700149637923,Moto AK200TTR Bl 27 PT,1632000000,Integracion Nacional,203002,Integración Nacional,BLANCO NEGRO,TRANSFORMADO,UND,True
7700149637947,Moto AK200TTR Ng 27 PT,1632000000,Integracion Nacional,203002,Integración Nacional,NEGRO,TRANSFORMADO,UND,True
7700149637961,Moto AK200TT Bl 27 PT,1631000009,Partes Pequeñas,203002,Ckd,BLANCO NEGRO,TRANSFORMADO,UND,True
7700149637985,Moto AK200TT G/V 27 PT,1631000009,Partes Pequeñas,203002,Ckd,GRIS VERDE,TRANSFORMADO,UND,True
7700149638005,Moto AK125CR4 Ng V 27 PT,1632000000,Integracion Nacional,203002,Integración Nacional,NEGRO,TRANSFORMADO,UND,True
7700149638012,Moto AK125CR4 N/Mt V 27 PT,1632000000,Integracion Nacional,203002,Integración Nacional,NEGRO MATE,TRANSFORMADO,UND,True
7700149638029,Moto AK150CR4 Ng V 27 PT,1632000000,Integracion Nacional,203002,Integración Nacional,NEGRO,TRANSFORMADO,UND,True
7700149638036,Moto AK150CR4 N/Mt V 27 PT,1632000000,Integracion Nacional,203002,Integración Nacional,NEGRO MATE,TRANSFORMADO,UND,True
7700149638043,Moto AK150CR4 G/Mt V 27 PT,1632000000,Integracion Nacional,203002,Integración Nacional,GRIS MATE,TRANSFORMADO,UND,True
7700149638050,Moto AK110NV Ng 27 PT,1632000000,Integracion Nacional,203002,Integración Nacional,NEGRO,TRANSFORMADO,UND,True
7700149638067,Moto AK200TT Ng 27 PT,1631000009,Partes Pequeñas,203002,Ckd,NEGRO,TRANSFORMADO,UND,True
7700149638074,Moto RY BEAR 650 AmaBl 27 PT,1631000000,Ckd,203002,Ckd,AMARILLO BLANCO,TRANSFORMADO,UND,True
7700149638081,Moto RY350Met FirebYel 27 PT,1631000000,Ckd,203002,Ckd,AMARILLO,TRANSFORMADO,UND,True
7700149638098,Moto RY350Met StelBlac 27 PT,1631000000,Ckd,203002,Ckd,NEGRO MATE,TRANSFORMADO,UND,True
7700149638104,Moto RY350Met StelBlu 27 PT,1631000000,Ckd,203002,Ckd,AZUL METALICO,TRANSFORMADO,UND,True
7700149638111,Moto RY350Classic StBla 27 PT,1631000000,Ckd,203002,Ckd,NEGRO MATE,TRANSFORMADO,UND,True
7700149638128,Moto RY350Classic GunGr 27 PT,1631000000,Ckd,203002,Ckd,GRIS MATE NEGRO MATE COBRE MAT,TRANSFORMADO,UND,True
7700149638135,Moto RY350HNTR Dap Grey 27 PT,1631000000,Ckd,203002,Ckd,GRIS NEGRO,TRANSFORMADO,UND,True
7700149638142,Moto RY350HNTR Reb Black 27 PT,1631000000,Ckd,203002,Ckd,NEGRO GRIS,TRANSFORMADO,UND,True
7700149638159,Moto AK110NV G/Mt 27 PT,1632000000,Integracion Nacional,203002,Integración Nacional,GRIS MATE,TRANSFORMADO,UND,True
7700149638166,Moto RY BEAR 650 Bl 27 PT,1631000000,Ckd,203002,Ckd,BLANCO,TRANSFORMADO,UND,True
7700149638173,Moto RE450 Himal Gr/Az 27 PT,1631000009,Partes Pequeñas,203002,Ckd,GRIS AZUL,TRANSFORMADO,UND,True
7700149638180,Moto RY BEAR 650 NegGr 27 PT,1631000000,Ckd,203002,Ckd,NEGRO GRIS,TRANSFORMADO,UND,True
7700149638197,Moto RYGRR450 Ng 27 PT,1631000009,Partes Pequeñas,203002,Ckd,NEGRO,TRANSFORMADO,UND,True
7700149638203,Moto RYGRR450 Ama Neg 27 PT,1631000009,Partes Pequeñas,203002,Ckd,AMARILLO NEGRO,TRANSFORMADO,UND,True
7700149638210,Moto RYGRR450 G/Mt 27 PT,1631000009,Partes Pequeñas,203002,Ckd,GRIS MATE,TRANSFORMADO,UND,True
7700149638227,Moto VOGE300DS G/Ver 27 PT,1631000000,Ckd,203002,Ckd,GRIS VERDE,TRANSFORMADO,UND,True
7700149638234,Moto VOGE300DS N/Rj 27 PT,1631000000,Ckd,203002,Ckd,NEGRO ROJO,TRANSFORMADO,UND,True
7700149638241,Moto DSX525 Ng/Mt 27 PT,1631000000,Ckd,203002,Ckd,NEGRO MATE,TRANSFORMADO,UND,True
7700149638258,Moto DSX525 Gr 27 PT,1631000000,Ckd,203002,Ckd,GRIS BRILLANTE GRIS MATE,TRANSFORMADO,UND,True
7700149638265,Moto RY350HNTR Reb Red 27 PT,1631000000,Ckd,203002,Ckd,ROJO NEGRO,TRANSFORMADO,UND,True
7700149638272,Moto AK200ZW Carp 27 PT,1631000000,Ckd,203002,Ckd,GRIS,TRANSFORMADO,UND,True
7700149638289,Moto AK125FLEX G/Mt V 27 PT,1632000000,Integracion Nacional,203002,Integración Nacional,GRIS MATE,TRANSFORMADO,UND,True
7700149638296,Moto AK125FLEX GS ML V 27 PT,1632000000,Integracion Nacional,203002,Integración Nacional,GRIS MATE,TRANSFORMADO,UND,True
7700149638302,Moto AK125FLEX N/Mt V 27 PT,1632000000,Integracion Nacional,203002,Integración Nacional,NEGRO MATE,TRANSFORMADO,UND,True
7700149638319,Moto AK125FLEX Ng V 27 PT,1632000000,Integracion Nacional,203002,Integración Nacional,NEGRO,TRANSFORMADO,UND,True
7700149638326,Moto AK125NKD Bl 27 PT,1631000000,Ckd,203002,Ckd,BLANCO,TRANSFORMADO,UND,True
7700149638333,Moto AK125NKD FP 27 PT,1631000000,Ckd,203002,Ckd,NEGRO,TRANSFORMADO,UND,True
7700149638340,Moto AK125NKD Gr 27 PT,1631000000,Ckd,203002,Ckd,GRIS,TRANSFORMADO,UND,True
7700149638357,Moto AK125NKD Clas V3 27 PT,1631000000,Ckd,203002,Ckd,NEGRO ROJO,TRANSFORMADO,UND,True
7700149638364,Moto RY350Met FirebRed 27 PT,1631000000,Ckd,203002,Ckd,ROJO,TRANSFORMADO,UND,True
7700149638371,Moto AK125NKD Ng 27 PT,1631000000,Ckd,203002,Ckd,NEGRO,TRANSFORMADO,UND,True
7700149638388,Moto RY350Met FBGre/Mt 27 PT,1631000000,Ckd,203002,Ckd,VERDE NEGRO,TRANSFORMADO,UND,True
7700149638395,Moto AK200ZW Grs 27 PT,1631000000,Ckd,203002,Ckd,GRIS,TRANSFORMADO,UND,True
7700149638401,Moto AK200ZW Techo 27 PT,1631000000,Ckd,203002,Ckd,GRIS,TRANSFORMADO,UND,True
7700149638418,Moto AK200ZW Chasis 27 PT,1631000000,Ckd,203002,Ckd,,TRANSFORMADO,UND,True
7700149638425,Moto Tuk Tuk 200AT Bla 27 PT,1632000000,Integracion Nacional,203002,Integración Nacional,BLANCO,TRANSFORMADO,UND,True
7700149638432,Moto JET EVO Ng 27 PT,1631000009,Partes Pequeñas,203002,Ckd,NEGRO,TRANSFORMADO,UND,True
7700149638449,Moto JET EVO G/N 27 PT,1631000009,Partes Pequeñas,203002,Ckd,GRIS NEGRO,TRANSFORMADO,UND,True
7700149638456,Moto RE450 Himal Aren 27 PT,1631000009,Partes Pequeñas,203002,Ckd,ARENA,TRANSFORMADO,UND,True
7700149638463,Moto DSX900 Ng/Mt 27 PT,1631000000,Ckd,203002,Ckd,NEGRO MATE,TRANSFORMADO,UND,True
7700149638470,Moto AK125NKD N/Mt 27 PT,1631000000,Ckd,203002,Ckd,NEGRO MATE,TRANSFORMADO,UND,True
7700149639118,Moto RE450 Hy Ng Tubels 27 PT,1631000009,Partes Pequeñas,203002,Ckd,NEGRO,TRANSFORMADO,UND,True
7700149639125,Moto 300Rally Gr LED 27 PT,1631000009,Partes Pequeñas,203002,Ckd,GRIS NEGRO,TRANSFORMADO,UND,True
7700149639132,Moto 300Rally NMt LED 27 PT,1631000009,Partes Pequeñas,203002,Ckd,NEGRO MATE,TRANSFORMADO,UND,True
7700149639149,Moto 300Rally Arena 27 PT,1632000000,Integracion Nacional,203002,Integración Nacional,ARENA,TRANSFORMADO,UND,True
7700149640008,CarenFarol GB2 FLEX TA,1631000003,Materia Prima terceros,203002,Ckd,,TRANSFORMADO,UND,True
7700149640015,Caren Pito Plata FLEX TA,1631000003,Materia Prima terceros,203002,Ckd,,TRANSFORMADO,UND,True
7700149640022,Guarpier Der Plata FLEX TA,1631000003,Materia Prima terceros,203002,Ckd,,TRANSFORMADO,UND,True
7700149640039,Guarpier Izq Plata FLEX TA,1631000003,Materia Prima terceros,203002,Ckd,,TRANSFORMADO,UND,True
7700149640046,Gbrro Del Plata FLEX TA,1631000003,Materia Prima terceros,203002,Ckd,,TRANSFORMADO,UND,True
7700149640053,Caren Tra Der Plata FLEX TA,1631000003,Materia Prima terceros,203002,Ckd,,TRANSFORMADO,UND,True
7700149640060,CarenFarol Plata FLEX TA,1631000003,Materia Prima terceros,203002,Ckd,,TRANSFORMADO,UND,True
7700149640077,Caren Traser Plata FLEX TA,1631000003,Materia Prima terceros,203002,Ckd,,TRANSFORMADO,UND,True
7700149640084,Caren Traser GB2 FLEX TA,1631000003,Materia Prima terceros,203002,Ckd,,TRANSFORMADO,UND,True
7700149640091,Caren Pito GB2 FLEX TA,1631000003,Materia Prima terceros,203002,Ckd,,TRANSFORMADO,UND,True
7700149640107,Guarpier Der GB2 FLEX TA,1631000003,Materia Prima terceros,203002,Ckd,,TRANSFORMADO,UND,True
7700149640114,Guarpier Izq GB2 FLEX TA,1631000003,Materia Prima terceros,203002,Ckd,,TRANSFORMADO,UND,True
7700149640121,Gbrro Del GB2 FLEX TA,1631000003,Materia Prima terceros,203002,Ckd,,TRANSFORMADO,UND,True
7700149640138,Caren Tra Der GB2 FLEX TA,1631000003,Materia Prima terceros,203002,Ckd,,TRANSFORMADO,UND,True
7700149640145,Caren Tra Izq GB2 FLEX TA,1631000003,Materia Prima terceros,203002,Ckd,,TRANSFORMADO,UND,True
7700149640152,Caren Tra Izq Plata FLEX TA,1631000003,Materia Prima terceros,203002,Ckd,,TRANSFORMADO,UND,True
7700149640701,Caren Gbarro Dr Gr/Ba SC ProTA,1631000003,Materia Prima terceros,203002,Ckd,,TRANSFORMADO,UND,True
7700149640718,Caren Gbarro Iz Gr/Ba SC ProTA,1631000003,Materia Prima terceros,203002,Ckd,,TRANSFORMADO,UND,True
7700149640862,Tap Tan Iz V2 VM  TT200 TA,1631000003,Materia Prima terceros,203002,Ckd,,TRANSFORMADO,UND,True
7700149640879,Tap Tan Dr V2 VM  TT200 TA,1631000003,Materia Prima terceros,203002,Ckd,,TRANSFORMADO,UND,True
7700149640886,Tap Tan Iz V2 BB TT200 TA,1631000003,Materia Prima terceros,203002,Ckd,,TRANSFORMADO,UND,True
7700149640893,Tap Tan Dr V2 BB TT200 TA,1631000003,Materia Prima terceros,203002,Ckd,,TRANSFORMADO,UND,True
7700149640909,Tap Tan Iz V2 VB TT200 TA,1631000003,Materia Prima terceros,203002,Ckd,,TRANSFORMADO,UND,True
7700149640916,Tap Tan Dr V2 VB TT200 TA,1631000003,Materia Prima terceros,203002,Ckd,,TRANSFORMADO,UND,True
7700149640923,Tap Tan Iz V2 NB TT200 TA,1631000003,Materia Prima terceros,203002,Ckd,,TRANSFORMADO,UND,True
7700149640930,Tap Tan Dr V2 NB TT200 TA,1631000003,Materia Prima terceros,203002,Ckd,,TRANSFORMADO,UND,True
7700149679350,Cubta Ov Izq CL350 GunGrey TA,1631000003,Materia Prima terceros,203002,Ckd,,TRANSFORMADO,UND,True
7700149679367,Cubta Ov Izq CL350 SthBlack TA,1631000003,Materia Prima terceros,203002,Ckd,,TRANSFORMADO,UND,True
7700149679381,Cubta Ov Der CL350 SthBlack TA,1631000003,Materia Prima terceros,203002,Ckd,,TRANSFORMADO,UND,True
7700149679404,Cubta Corona CL350 SthBlack TA,1631000003,Materia Prima terceros,203002,Ckd,,TRANSFORMADO,UND,True
7700149679428,Guardab Tras CL350 SthBlack TA,1631000003,Materia Prima terceros,203002,Ckd,,TRANSFORMADO,UND,True
7700149679435,Guardab Del CL350 SB Negro TA,1631000003,Materia Prima terceros,203002,Ckd,,TRANSFORMADO,UND,True
7700149679480,Tanque Gas CL350 GunGrey TA,1631000003,Materia Prima terceros,203002,Ckd,,TRANSFORMADO,UND,True
7700149679503,Cubta Ov Der CL350 GunGrey TA,1631000003,Materia Prima terceros,203002,Ckd,,TRANSFORMADO,UND,True
7700149679527,Cubta Corona CL350 GunGrey TA,1631000003,Materia Prima terceros,203002,Ckd,,TRANSFORMADO,UND,True
7700149679541,Guardab Tras CL350 GunGrey TA,1631000003,Materia Prima terceros,203002,Ckd,,TRANSFORMADO,UND,True
7700149679565,Guardab Del CL350 GG Gris TA,1631000003,Materia Prima terceros,203002,Ckd,,TRANSFORMADO,UND,True
7700149679602,Tanque Gas CL350 SthBlack TA,1631000003,Materia Prima terceros,203002,Ckd,,TRANSFORMADO,UND,True
7700149681063,Tapa Direc Der GriBri VG180 TA,1631000003,Materia Prima terceros,203002,Ckd,,TRANSFORMADO,UND,True
7700149681087,Tapa Direc Der NegBri VG180 TA,1631000003,Materia Prima terceros,203002,Ckd,,TRANSFORMADO,UND,True
7700149681094,Tapa Direc Izq NegBri VG180 TA,1631000003,Materia Prima terceros,203002,Ckd,,TRANSFORMADO,UND,True
7700149681100,Tapa Fron Der NegBri  VG180 TA,1631000003,Materia Prima terceros,203002,Ckd,,TRANSFORMADO,UND,True
7700149681117,Tapa Fron  Izq NegBri VG180 TA,1631000003,Materia Prima terceros,203002,Ckd,,TRANSFORMADO,UND,True
7700149681124,GuardaP Der Gris Pla VG180 TA,1631000003,Materia Prima terceros,203002,Ckd,,TRANSFORMADO,UND,True
7700149681131,GuardaP Izq Gris Pla VG180 TA,1631000003,Materia Prima terceros,203002,Ckd,,TRANSFORMADO,UND,True
7700149681148,Panel Cent  Sup GrPl VG180 TA,1631000003,Materia Prima terceros,203002,Ckd,,TRANSFORMADO,UND,True
7700149681155,Panel Central GrisPla VG180 TA,1631000003,Materia Prima terceros,203002,Ckd,,TRANSFORMADO,UND,True
7700149681162,Panel Der Gris Pla VG180 TA,1631000003,Materia Prima terceros,203002,Ckd,,TRANSFORMADO,UND,True
7700149681179,Panale Izq Gris Pla VG 180 TA,1631000003,Materia Prima terceros,203002,Ckd,,TRANSFORMADO,UND,True
7700149681186,GuardaBa Del NegBri VG180 TA,1631000003,Materia Prima terceros,203002,Ckd,,TRANSFORMADO,UND,True
7700149681209,Tapa Tras Izq NegBriVG180 TA,1631000003,Materia Prima terceros,203002,Ckd,,TRANSFORMADO,UND,True
7700149681216,Tapa Tras Izq BlaBriVG180 TA,1631000003,Materia Prima terceros,203002,Ckd,,TRANSFORMADO,UND,True
7700149681223,Tapa Direc Izq GriBri VG180 TA,1631000003,Materia Prima terceros,203002,Ckd,,TRANSFORMADO,UND,True
7700149681230,Tapa Fron Der GriBri  VG180 TA,1631000003,Materia Prima terceros,203002,Ckd,,TRANSFORMADO,UND,True
7700149681247,Tapa Fron  Izq GriBri VG180 TA,1631000003,Materia Prima terceros,203002,Ckd,,TRANSFORMADO,UND,True
7700149681254,GuardaBa Del GriBri VG180 TA,1631000003,Materia Prima terceros,203002,Ckd,,TRANSFORMADO,UND,True
7700149681261,Tapa Tras Der GriBri VG180 TA,1631000003,Materia Prima terceros,203002,Ckd,,TRANSFORMADO,UND,True
7700149681278,Tapa Tras Izq GriBriVG180 TA,1631000003,Materia Prima terceros,203002,Ckd,,TRANSFORMADO,UND,True
7700149681285,Tapa Direc Der BlaBri VG180 TA,1631000003,Materia Prima terceros,203002,Ckd,,TRANSFORMADO,UND,True
7700149681292,Tapa Direc Izq BlaBri VG180 TA,1631000003,Materia Prima terceros,203002,Ckd,,TRANSFORMADO,UND,True
7700149681308,Tapa Fron Der BlaBri  VG180 TA,1631000003,Materia Prima terceros,203002,Ckd,,TRANSFORMADO,UND,True
7700149681315,Tapa Fron  Izq BlaBri VG180 TA,1631000003,Materia Prima terceros,203002,Ckd,,TRANSFORMADO,UND,True
7700149681322,GuardaBa Del BlaBri VG180 TA,1631000003,Materia Prima terceros,203002,Ckd,,TRANSFORMADO,UND,True
7700149681339,Tapa Tras Der BlaBri VG180 TA,1631000003,Materia Prima terceros,203002,Ckd,,TRANSFORMADO,UND,True
7700149681346,Tapa Tras Der NegBri VG180 TA,1631000003,Materia Prima terceros,203002,Ckd,,TRANSFORMADO,UND,True
7700149681759,Chasis 180ADV VIN Mp,1631000001,Materia Prima Chasis,203002,Ckd,,TRANSFORMADO,UND,True
7700149681841,Guardabarro Del Ng/Br 250R TA,1631000003,Materia Prima terceros,203002,Ckd,,TRANSFORMADO,UND,True
7700149682022,Moto SuperMeteor V/N 27 PT,1631000009,Partes Pequeñas,203002,Ckd,VERDE NEGRO,TRANSFORMADO,UND,True
7700149682039,Moto SuperMeteor Gr/N 27 PT,1631000009,Partes Pequeñas,203002,Ckd,GRIS NEGRO,TRANSFORMADO,UND,True
7700149682046,Moto SuperMeteor Ng 27 PT,1631000009,Partes Pequeñas,203002,Ckd,NEGRO,TRANSFORMADO,UND,True
7700149682053,Moto XRS 180 Bla 27PT,1631000009,Partes Pequeñas,203002,Ckd,BLANCO GRIS,TRANSFORMADO,UND,True
7700149682060,Moto XRS 180 Gris 27PT,1631000009,Partes Pequeñas,203002,Ckd,GRIS,TRANSFORMADO,UND,True
7700149682077,Moto XRS 180 Neg 27PT,1631000009,Partes Pequeñas,203002,Ckd,NEGRO GRIS,TRANSFORMADO,UND,True
7700149682084,Moto AK200ZW+ Volco 27PT,1631000000,Ckd,203002,Ckd,GRIS,TRANSFORMADO,UND,True
7700149685221,Gbarro Del GrB2r TTRV2 TA,1631000003,Materia Prima terceros,203002,Ckd,,TRANSFORMADO,UND,True
7700149685368,Tap Cola GrMat TT200 TA,1631000003,Materia Prima terceros,203002,Ckd,,TRANSFORMADO,UND,True
7700149685375,TapTan Der GrBr2 TTR TA,1631000003,Materia Prima terceros,203002,Ckd,,TRANSFORMADO,UND,True
7700149685382,TapTan Izq GrBr2 TTR TA,1631000003,Materia Prima terceros,203002,Ckd,,TRANSFORMADO,UND,True
7700149685399,Cubierta Cola GrBr2 TTR TA,1631000003,Materia Prima terceros,203002,Ckd,,TRANSFORMADO,UND,True
7700149685405,Gbarro Del Ver Mat TTR TA,1631000003,Materia Prima terceros,203002,Ckd,,TRANSFORMADO,UND,True
7700149685412,TapTan Der Ver Mat TTR TA,1631000003,Materia Prima terceros,203002,Ckd,,TRANSFORMADO,UND,True
7700149685429,TapTan Izq Ver Mat TTR TA,1631000003,Materia Prima terceros,203002,Ckd,,TRANSFORMADO,UND,True
7700149685436,Cubta Cola Ver Mat TTR TA,1631000003,Materia Prima terceros,203002,Ckd,,TRANSFORMADO,UND,True
7700149685443,TapTan Dr Dom GrBr2 TT200 TA,1631000003,Materia Prima terceros,203002,Ckd,,TRANSFORMADO,UND,True
7700149685450,TapTan Iz Dom GrBr2 TT200 TA,1631000003,Materia Prima terceros,203002,Ckd,,TRANSFORMADO,UND,True
7700149685467,TapTan Dr Dom GrMat TT200 TA,1631000003,Materia Prima terceros,203002,Ckd,,TRANSFORMADO,UND,True
7700149685474,TapTan Iz Dom GrMat TT200 TA,1631000003,Materia Prima terceros,203002,Ckd,,TRANSFORMADO,UND,True
7700149685962,Prot Suspen Izq Neg/B Rally TA,1631000003,Materia Prima terceros,203002,Ckd,,TRANSFORMADO,UND,True
7700149685979,Prot Suspen Der Neg/B Rally TA,1631000003,Materia Prima terceros,203002,Ckd,,TRANSFORMADO,UND,True
7700149685986,Cbta Cola Neg/B 300Rally TA,1631000003,Materia Prima terceros,203002,Ckd,,TRANSFORMADO,UND,True
7700149685993,CbtaTan Izq Neg/B 300RallyTA ,1631000003,Materia Prima terceros,203002,Ckd,,TRANSFORMADO,UND,True
7700149686006,CbtaTan Der Neg/B 300RallyTA ,1631000003,Materia Prima terceros,203002,Ckd,,TRANSFORMADO,UND,True
7700149686013,Tap Lat izq Neg/B 300Rally TA,1631000003,Materia Prima terceros,203002,Ckd,,TRANSFORMADO,UND,True
7700149686020,Tap Lat Der Neg/B 300Rally TA,1631000003,Materia Prima terceros,203002,Ckd,,TRANSFORMADO,UND,True
7700149686037,Guardbarro Neg/B 300Rally TA,1631000003,Materia Prima terceros,203002,Ckd,,TRANSFORMADO,UND,True
7700149686044,Tanq Gas Neg/B 300Rally TA,1631000003,Materia Prima terceros,203002,Ckd,,TRANSFORMADO,UND,True
7700149688611,Chasis Meteor 350 VIN Mp,1631000001,Materia Prima Chasis,203002,Ckd,,TRANSFORMADO,UND,True
7700149690041,Tapa Lat Izq Classic NegMat TA,1631000003,Materia Prima terceros,203002,Ckd,,TRANSFORMADO,UND,True
7700149690058,Tapa Lat Der Classic NegMat TA,1631000003,Materia Prima terceros,203002,Ckd,,TRANSFORMADO,UND,True
7700149690065,Cubta AmortDel ClassicNegMatTA,1631000003,Materia Prima terceros,203002,Ckd,,TRANSFORMADO,UND,True
7700149690072,Cubta Farola Classic NegMat TA,1631000003,Materia Prima terceros,203002,Ckd,,TRANSFORMADO,UND,True
7700149690089,Tapa Lat Izq ClassicGrisMat TA,1631000003,Materia Prima terceros,203002,Ckd,,TRANSFORMADO,UND,True
7700149690096,Tapa Lat Der ClassicGrisMat TA,1631000003,Materia Prima terceros,203002,Ckd,,TRANSFORMADO,UND,True
7700149690102,Cubta AmortDelClassicGrisMatTA,1631000003,Materia Prima terceros,203002,Ckd,,TRANSFORMADO,UND,True
7700149690119,Cubta Farola ClassicGrisMat TA,1631000003,Materia Prima terceros,203002,Ckd,,TRANSFORMADO,UND,True
7700149690126,Pintura Chasis VG525 TA,1631000000,Ckd,203002,Ckd,,TRANSFORMADO,UND,True
7700149690133,Pintura Chasis 300Rally TA,1631000001,Materia Prima Chasis,203002,Ckd,,TRANSFORMADO,UND,True
7700149690560,Moto AK200TT G/N 27 PT,1631000009,Partes Pequeñas,203002,Ckd,GRIS NEGRO,TRANSFORMADO,UND,True
7700149690577,Moto AK250EFI DNP G/N 27 PT,1631000009,Partes Pequeñas,203002,Ckd,GRIS NEGRO,TRANSFORMADO,UND,True
7700149690584,Moto AK125FLEX Gris 27 PT,1632000000,Integracion Nacional,203002,Integración Nacional,GRIS,TRANSFORMADO,UND,True
7700149690591,Moto AK150CR4 Gris 27 PT,1632000000,Integracion Nacional,203002,Integración Nacional,GRIS,TRANSFORMADO,UND,True
7700149690607,Moto AK125CR4 Gris 27 PT,1632000000,Integracion Nacional,203002,Integración Nacional,GRIS,TRANSFORMADO,UND,True
7700149690614,Moto AK125TTR V/N 27 PT,1632000000,Integracion Nacional,203002,Integración Nacional,VERDE MATE NEGRO,TRANSFORMADO,UND,True
7700149690645,Tapa Cola NM 900DS TA,1631000003,Materia Prima terceros,203002,Ckd,,TRANSFORMADO,UND,True
7700149690669,Tapa Tras Inf Der NM 900DS TA,1631000003,Materia Prima terceros,203002,Ckd,,TRANSFORMADO,UND,True
7700149690676,Tapa Tras Inf Izq NM 900DS TA,1631000003,Materia Prima terceros,203002,Ckd,,TRANSFORMADO,UND,True
7700149691864,Guardab Tras VerdeInt SM650 TA,1631000003,Materia Prima terceros,203002,Ckd,,TRANSFORMADO,UND,True
7700149691871,Guardab Del VerdeInt SM650 TA,1631000003,Materia Prima terceros,203002,Ckd,,TRANSFORMADO,UND,True
7700149691888,Tanque Gas VerdeInt SM650 TA,1631000003,Materia Prima terceros,203002,Ckd,,TRANSFORMADO,UND,True
7700149691895,Tapa Lat Det VerdeInt SM650 TA,1631000003,Materia Prima terceros,203002,Ckd,,TRANSFORMADO,UND,True
7700149691901,Tapa Lat Izq VerdeInt SM650 TA,1631000003,Materia Prima terceros,203002,Ckd,,TRANSFORMADO,UND,True
7700149691918,Guardab Del IntGR SM650 TA,1631000003,Materia Prima terceros,203002,Ckd,,TRANSFORMADO,UND,True
7700149691925,Guardab Tras IntGR SM650 TA,1631000003,Materia Prima terceros,203002,Ckd,,TRANSFORMADO,UND,True
7700149691932,Tanque Gas Gris SM650 TA,1631000003,Materia Prima terceros,203002,Ckd,,TRANSFORMADO,UND,True
7700149691949,Tapa Lat Der Gris SM650 TA,1631000003,Materia Prima terceros,203002,Ckd,,TRANSFORMADO,UND,True
7700149691956,Tapa Lat Izq Gris SM650 TA,1631000003,Materia Prima terceros,203002,Ckd,,TRANSFORMADO,UND,True
7700149691963,Guardab Tras Negro SM650 TA,1631000003,Materia Prima terceros,203002,Ckd,,TRANSFORMADO,UND,True
7700149691970,Guardab Del Negro SM650 TA,1631000003,Materia Prima terceros,203002,Ckd,,TRANSFORMADO,UND,True
7700149691987,Tanque Gas Negro SM650 TA,1631000003,Materia Prima terceros,203002,Ckd,,TRANSFORMADO,UND,True
7700149691994,Tap Lat Izq Negra SM650 TA,1631000003,Materia Prima terceros,203002,Ckd,,TRANSFORMADO,UND,True
7700149692007,Tap Lat Der Negra SM650 TA,1631000003,Materia Prima terceros,203002,Ckd,,TRANSFORMADO,UND,True
7700149692014,Pintura Chasis 900DS TA,1631000000,Ckd,203002,Ckd,,TRANSFORMADO,UND,True
7700149692021,Pintura Subchasis 900DS TA,1631000000,Ckd,203002,Ckd,,TRANSFORMADO,UND,True
7700149701433,Moto RY350Met Az 27 PT,1631000000,Ckd,203002,Ckd,AZUL,TRANSFORMADO,UND,True
7700149701440,Moto RY350Met Narj/N 27 PT,1631000000,Ckd,203002,Ckd,NARANJA NEGRO,TRANSFORMADO,UND,True
7700149701457,Moto RY350Met Gr 27 PT,1631000000,Ckd,203002,Ckd,GRIS NEGRO,TRANSFORMADO,UND,True
7700149701464,Moto RY350Met Gr/Mt 27 PT,1631000000,Ckd,203002,Ckd,GRIS MATE,TRANSFORMADO,UND,True
7700149701488,Moto RY350HNTR AzBl/Mt N 27 PT,1631000000,Ckd,203002,Ckd,AZUL BLANCO MATE NEGRO,TRANSFORMADO,UND,True
7700149701495,Moto RY350HNTR NgBl/Mt 27 PT,1631000000,Ckd,203002,Ckd,NEGRO BLANCO MATE,TRANSFORMADO,UND,True
7700149701518,Moto RY350HNTR N/Mt 27 PT,1631000000,Ckd,203002,Ckd,NEGRO MATE,TRANSFORMADO,UND,True
7700149701525,Moto AK125FLEX Gr ML 27 PT,1632000000,Integracion Nacional,203002,Integración Nacional,GRIS,TRANSFORMADO,UND,True
7700149701532,Moto 300Rally Gr 27 PT,1631000009,Partes Pequeñas,203002,Ckd,GRIS,TRANSFORMADO,UND,True
7700149702355,Tap Decor Iz Ng/Bri 300DS TA,1631000003,Materia Prima terceros,203002,Ckd,,TRANSFORMADO,UND,True
7700149702362,Tap Decor Dr Ng/Bri 300DS TA,1631000003,Materia Prima terceros,203002,Ckd,,TRANSFORMADO,UND,True
7700149702379,Cubta Iz Peq Gri Bri 300DS TA,1631000003,Materia Prima terceros,203002,Ckd,,TRANSFORMADO,UND,True
7700149702386,Cubta Dr Peq Gri Bri 300DS TA,1631000003,Materia Prima terceros,203002,Ckd,,TRANSFORMADO,UND,True
7700149702393,Caren Del Izq Gri Bri 300DS TA,1631000003,Materia Prima terceros,203002,Ckd,,TRANSFORMADO,UND,True
7700149702409,Caren Del Der Gri Bri 300DS TA,1631000003,Materia Prima terceros,203002,Ckd,,TRANSFORMADO,UND,True
7700149702416,Caren Tanq Iz Gri Bri 300DS TA,1631000003,Materia Prima terceros,203002,Ckd,,TRANSFORMADO,UND,True
7700149702423,Caren Tanq Dr Gri Bri 300DS TA,1631000003,Materia Prima terceros,203002,Ckd,,TRANSFORMADO,UND,True
7700149702430,Tanque Gris/Bri 2 300DS TA,1631000003,Materia Prima terceros,203002,Ckd,,TRANSFORMADO,UND,True
7700149703253,Guardab Del Gri Bri CR4125 TA,1631000003,Materia Prima terceros,203002,Ckd,,TRANSFORMADO,UND,True
7700149703260,Tanque Gri Bri 2 CR4125 TA,1631000003,Materia Prima terceros,203002,Ckd,,TRANSFORMADO,UND,True
7700149703277,Cub TrasGriBri 2 CR4125 TA,1631000003,Materia Prima terceros,203002,Ckd,,TRANSFORMADO,UND,True
7700149703284,Cub TraIzq GriBri 2 CR4125 TA,1631000003,Materia Prima terceros,203002,Ckd,,TRANSFORMADO,UND,True
7700149703291,Cub TraDer GriBri 2 CR4125 TA,1631000003,Materia Prima terceros,203002,Ckd,,TRANSFORMADO,UND,True
7700149703307,Tap Decor Iz Gri Bri 300DS TA,1631000003,Materia Prima terceros,203002,Ckd,,TRANSFORMADO,UND,True
7700149703314,Tap Decor Dr Gri Bri 300DS TA,1631000003,Materia Prima terceros,203002,Ckd,,TRANSFORMADO,UND,True
7700149703468,Guardab Del Blanco CR4125 TA,1631000003,Materia Prima terceros,203002,Ckd,,TRANSFORMADO,UND,True
7700149709781,Chasis 3W+ Profia VIN PF,1631000001,Materia Prima Chasis,203002,Ckd,,TRANSFORMADO,UND,True
7700149710244,Tanq Naranja Meteor 350 V2 TA,1631000003,Materia Prima terceros,203002,Ckd,,TRANSFORMADO,UND,True
7700149710251,Tap Lat Dr Nar Meteor350 V2 TA,1631000003,Materia Prima terceros,203002,Ckd,,TRANSFORMADO,UND,True
7700149710268,Tap Lat Iz Nar Meteor350 V2 TA,1631000003,Materia Prima terceros,203002,Ckd,,TRANSFORMADO,UND,True
7700149710275,Guard Del Ng Met350 V2 RE TA,1631000003,Materia Prima terceros,203002,Ckd,,TRANSFORMADO,UND,True
7700149710282,Guard Tras Ng Met350 V2 RE TA,1631000003,Materia Prima terceros,203002,Ckd,,TRANSFORMADO,UND,True
7700149710299,Tanq Gris Meteor 350 V2 TA,1631000003,Materia Prima terceros,203002,Ckd,,TRANSFORMADO,UND,True
7700149710305,Tap Lat Dr Gris Met350 V2 TA,1631000003,Materia Prima terceros,203002,Ckd,,TRANSFORMADO,UND,True
7700149710312,Tap Lat Iz GrisMet350 V2 TA,1631000003,Materia Prima terceros,203002,Ckd,,TRANSFORMADO,UND,True
7700149710329,Tanq Gr/M Meteor 350 V2 TA,1631000003,Materia Prima terceros,203002,Ckd,,TRANSFORMADO,UND,True
7700149710336,Tap Lat Dr Gr/M Met350 V2 TA,1631000003,Materia Prima terceros,203002,Ckd,,TRANSFORMADO,UND,True
7700149710343,Tap Lat Iz Gr/M Met350 V2 TA,1631000003,Materia Prima terceros,203002,Ckd,,TRANSFORMADO,UND,True
7700149710350,Guard Del Gr/M Met350 V2 TA,1631000003,Materia Prima terceros,203002,Ckd,,TRANSFORMADO,UND,True
7700149710367,Guard Tras Gr/M Met350 V2 TA,1631000003,Materia Prima terceros,203002,Ckd,,TRANSFORMADO,UND,True
7700149710374,Tanq Azul Meteor 350 V2 TA,1631000003,Materia Prima terceros,203002,Ckd,,TRANSFORMADO,UND,True
7700149710381,Tap Lat Dr Azul Met350 V2 TA,1631000003,Materia Prima terceros,203002,Ckd,,TRANSFORMADO,UND,True
7700149710398,Tap Lat Iz Azul Met350 V2 TA,1631000003,Materia Prima terceros,203002,Ckd,,TRANSFORMADO,UND,True
7700149710404,Guard Del Azul Met350 V2 TA,1631000003,Materia Prima terceros,203002,Ckd,,TRANSFORMADO,UND,True
7700149710411,Guard Tras Azul Met350 V2 TA,1631000003,Materia Prima terceros,203002,Ckd,,TRANSFORMADO,UND,True
7700149710442,Tanque HNTR350 Ng/Bla Mate TA,1631000003,Materia Prima terceros,203002,Ckd,,TRANSFORMADO,UND,True
7700149710459,Tap Lat Iz HNTR350 Tokyo TA,1631000003,Materia Prima terceros,203002,Ckd,,TRANSFORMADO,UND,True
7700149710466,Tap Lat Dr HNTR350 Tokyo TA,1631000003,Materia Prima terceros,203002,Ckd,,TRANSFORMADO,UND,True
7700149710473,Tanque HNTR350 Azul TA,1631000003,Materia Prima terceros,203002,Ckd,,TRANSFORMADO,UND,True
7700149710480,Tap Lat Iz HNTR350 Azul TA,1631000003,Materia Prima terceros,203002,Ckd,,TRANSFORMADO,UND,True
7700149710497,Tap Lat Dr HNTR350 Azul TA,1631000003,Materia Prima terceros,203002,Ckd,,TRANSFORMADO,UND,True
7700149710503,Tanque HNTR350 Ng/Gris Mate TA,1631000003,Materia Prima terceros,203002,Ckd,,TRANSFORMADO,UND,True
7700149710510,Tap Lat Iz HNTR350 N/Gris M TA,1631000003,Materia Prima terceros,203002,Ckd,,TRANSFORMADO,UND,True
7700149710527,Tap Lat Dr HNTR350 N/Gris M TA,1631000003,Materia Prima terceros,203002,Ckd,,TRANSFORMADO,UND,True
7700149712743,Caren Farola Gris Pla NV TA,1631000003,Materia Prima terceros,203002,Ckd,,TRANSFORMADO,UND,True
7700149712750,Gpierna Der Gris Pla NV TA,1631000003,Materia Prima terceros,203002,Ckd,,TRANSFORMADO,UND,True
7700149712767,Gpierna Izq Gris Pla NV TA,1631000003,Materia Prima terceros,203002,Ckd,,TRANSFORMADO,UND,True
7700149712774,Guardab Del Gris Pla NV TA,1631000003,Materia Prima terceros,203002,Ckd,,TRANSFORMADO,UND,True
7700149712781,Caren Pito Gris Pla NV TA,1631000003,Materia Prima terceros,203002,Ckd,,TRANSFORMADO,UND,True
7700149712798,Caren Tras Der Gris Pla NV TA,1631000003,Materia Prima terceros,203002,Ckd,,TRANSFORMADO,UND,True
7700149712804,Caren Tras Izq Gris Pla NV TA,1631000003,Materia Prima terceros,203002,Ckd,,TRANSFORMADO,UND,True
7700149712811,Tanque Neg Bri 300Rally TA,1631000003,Materia Prima terceros,203002,Ckd,,TRANSFORMADO,UND,True
7700149712828,Guardbarro Neg Bri 300Rally TA,1631000003,Materia Prima terceros,203002,Ckd,,TRANSFORMADO,UND,True
7700149712835,TapLatDer Neg Bri 300Rally TA,1631000003,Materia Prima terceros,203002,Ckd,,TRANSFORMADO,UND,True
7700149712842,TapLatIzq Neg Bri 300Rally TA,1631000003,Materia Prima terceros,203002,Ckd,,TRANSFORMADO,UND,True
7700149712859,TapTanDer Neg Bri 300RallyTA ,1631000003,Materia Prima terceros,203002,Ckd,,TRANSFORMADO,UND,True
7700149712866,TapTanIzq Neg Bri 300RallyTA ,1631000003,Materia Prima terceros,203002,Ckd,,TRANSFORMADO,UND,True
7700149712873,TapCola Neg Bri 300Rally TA,1631000003,Materia Prima terceros,203002,Ckd,,TRANSFORMADO,UND,True
7700149712880,Tap Susp Der Neg Bri Rally TA,1631000003,Materia Prima terceros,203002,Ckd,,TRANSFORMADO,UND,True
7700149712897,Tap Susp Izq Neg Bri Rally TA,1631000003,Materia Prima terceros,203002,Ckd,,TRANSFORMADO,UND,True
7700149722636,Chasis Rally 800 VIN Mp,1631000001,Materia Prima Chasis,203002,Ckd,,TRANSFORMADO,UND,True
7700149723558,Chasis 125NKD+ CBS VIN Mp,1631000003,Materia Prima terceros,203002,Ckd,,TRANSFORMADO,UND,True
7700149726337,Moto AK125NKD+ Bl 27 PT,1631000000,Ckd,203002,Ckd,BLANCO,TRANSFORMADO,UND,True
7700149726344,Moto AK125NKD+ Ve/Az 27 PT,1631000000,Ckd,203002,Ckd,VERDE AZUL NEGRO,TRANSFORMADO,UND,True
7700149726351,Moto AK125NKD+ Gr 27 PT,1631000000,Ckd,203002,Ckd,GRIS,TRANSFORMADO,UND,True
7700149726368,Moto AK125NKD+ Classic 27 PT,1631000000,Ckd,203002,Ckd,NEGRO ROJO,TRANSFORMADO,UND,True
7700149726375,Moto AK125NKD+ Mor 27 PT,1631000000,Ckd,203002,Ckd,MORADO NEGRO,TRANSFORMADO,UND,True
7700149726382,Moto AK125NKD+ Ng 27 PT,1631000000,Ckd,203002,Ckd,NEGRO,TRANSFORMADO,UND,True
7700149734608,Moto AK200TT Rally/Gr 27 PT ,1632000000,Integracion Nacional,203002,Integración Nacional,GRIS BRILLANTE,TRANSFORMADO,UND,True
7700149748438,Guardabarro Del Bla 250R TA,1631000000,Ckd,203002,Ckd,,TRANSFORMADO,UND,True
7700149748445,Tap Tanq Der Inf Bla 250R TA,1631000003,Materia Prima terceros,203002,Ckd,,TRANSFORMADO,UND,True
7700149748452,Tap Tanq Izq Inf Bla 250R TA,1631000003,Materia Prima terceros,203002,Ckd,,TRANSFORMADO,UND,True
7700149748469,Tap Lat Der Bla 250R TA,1631000003,Materia Prima terceros,203002,Ckd,,TRANSFORMADO,UND,True
7700149748476,Tap Lat Izq Bla 250R TA,1631000003,Materia Prima terceros,203002,Ckd,,TRANSFORMADO,UND,True
7700149748483,Cub Cent Tanq Carb 250R TA,1631000003,Materia Prima terceros,203002,Ckd,,TRANSFORMADO,UND,True
7700149748490,Caren Farola Der Bla 250R TA,1631000003,Materia Prima terceros,203002,Ckd,,TRANSFORMADO,UND,True
7700149748506,Caren Farola Izq Bla 250R TA,1631000003,Materia Prima terceros,203002,Ckd,,TRANSFORMADO,UND,True
7700149748513,Tap Tanq Der Bla 250R TA,1631000003,Materia Prima terceros,203002,Ckd,,TRANSFORMADO,UND,True
7700149748520,Tap Tanq Izq Bla 250R TA,1631000003,Materia Prima terceros,203002,Ckd,,TRANSFORMADO,UND,True
7700149748537,Tap Cola Der Bla 250R TA,1631000003,Materia Prima terceros,203002,Ckd,,TRANSFORMADO,UND,True
7700149748544,Tap Cola Izq Bla 250R TA,1631000003,Materia Prima terceros,203002,Ckd,,TRANSFORMADO,UND,True
7700149748551,Tanque Arena 300Rally TA,1631000003,Materia Prima terceros,203002,Ckd,,TRANSFORMADO,UND,True
7700149748568,Guardbarro Arena 300Rally TA,1631000003,Materia Prima terceros,203002,Ckd,,TRANSFORMADO,UND,True
7700149748575,TapLatDer Are Cam 300Rally TA,1631000003,Materia Prima terceros,203002,Ckd,,TRANSFORMADO,UND,True
7700149748582,TapLatIzq Are cam 300Rally TA,1631000003,Materia Prima terceros,203002,Ckd,,TRANSFORMADO,UND,True
7700149748599,TapTanDer Are Cam 300RallyTA ,1631000003,Materia Prima terceros,203002,Ckd,,TRANSFORMADO,UND,True
7700149748605,TapTanIzq Are Camu 300RallyTA ,1631000003,Materia Prima terceros,203002,Ckd,,TRANSFORMADO,UND,True
7700149748612,TapCola Are Camu 300Rally TA,1631000003,Materia Prima terceros,203002,Ckd,,TRANSFORMADO,UND,True
7700149748629,Tap Susp Der Arena 300Rally TA,1631000003,Materia Prima terceros,203002,Ckd,,TRANSFORMADO,UND,True
7700149748636,Tap Susp Izq Arena 300Rally TA,1631000003,Materia Prima terceros,203002,Ckd,,TRANSFORMADO,UND,True
7700149748704,Moto AK200TTR V/N 27 PT,1632000000,Integracion Nacional,203002,Integración Nacional,VERDE MATE NEGRO,TRANSFORMADO,UND,True
7700149748711,Moto AK200ZW+ NS 27 PT,1631000000,Ckd,203002,Ckd,GRIS,TRANSFORMADO,UND,True
7700149757614,Moto AK125DYN PRO+ GrBr 27 PT,1631000009,Partes Pequeñas,203002,Ckd,GRIS,TRANSFORMADO,UND,True
7700149757621,Moto AK125DYN PRO+ G/V2 27 PT,1631000009,Partes Pequeñas,203002,Ckd,GRIS MATE VERDE,TRANSFORMADO,UND,True
7700149757638,Moto AK125DYN PRO+ Ng2 27 PT,1631000009,Partes Pequeñas,203002,Ckd,NEGRO,TRANSFORMADO,UND,True
7700149757645,Moto AK250EFI DNP Bl 27 PT,1631000009,Partes Pequeñas,203002,Ckd,BLANCO,TRANSFORMADO,UND,True
7700149757652,Moto AK125 CHR Gr/Ng 27 PT,1632000000,Integracion Nacional,203002,Integración Nacional,GRIS NEGRO,TRANSFORMADO,UND,True
7700149757669,Moto AK150CR4 Gr2 27 PT,1632000000,Integracion Nacional,203002,Integración Nacional,GRIS,TRANSFORMADO,UND,True
7700149757676,Moto AK125FLEX N/Mt v2 27 PT,1632000000,Integracion Nacional,203002,Integración Nacional,NEGRO MATE,TRANSFORMADO,UND,True
7700149757683,Moto DSX900 Ng/Mt v2 27 PT,1631000000,Ckd,203002,Ckd,NEGRO MATE,TRANSFORMADO,UND,True
7700149757690,Moto DSX525 Ng/Mt v2 27 PT,1631000000,Ckd,203002,Ckd,NEGRO MATE,TRANSFORMADO,UND,True
7700149757706,Moto DSX525 Gr v2 27 PT,1631000000,Ckd,203002,Ckd,GRIS BRILLANTE GRIS MATE,TRANSFORMADO,UND,True
7700149759700,Tapa Super Der NegBri DS800 TA,1631000000,Ckd,203002,Ckd,,TRANSFORMADO,UND,True
7700149759717,Tapa Super Izq NegBri DS800 TA,1631000000,Ckd,203002,Ckd,,TRANSFORMADO,UND,True
7700149759724,Tapa Tanq Der NegMat DS800 TA,1631000000,Ckd,203002,Ckd,,TRANSFORMADO,UND,True
7700149759731,Tapa Tanq Izq NegMat DS800 TA,1631000000,Ckd,203002,Ckd,,TRANSFORMADO,UND,True
7700149759748,Caren Farola NegBri DS800 TA,1631000000,Ckd,203002,Ckd,,TRANSFORMADO,UND,True
7700149759755,Tapa Decor Der NegBri DS800 TA,1631000000,Ckd,203002,Ckd,,TRANSFORMADO,UND,True
7700149759762,Tapa Decor Izq NegBri DS800 TA,1631000000,Ckd,203002,Ckd,,TRANSFORMADO,UND,True
7700149759779,Tapa Cola NegBri DS800 TA,1631000000,Ckd,203002,Ckd,,TRANSFORMADO,UND,True
7700149759786,Tapa Lat Der NegBri DS800 TA,1631000009,Partes Pequeñas,203002,Ckd,,TRANSFORMADO,UND,True
7700149759793,Tapa Lat Izq NegBri DS800 TA,1631000009,Partes Pequeñas,203002,Ckd,,TRANSFORMADO,UND,True
7700149759809,Tapa Susp Der NegMat DS800 TA,1631000000,Ckd,203002,Ckd,,TRANSFORMADO,UND,True
7700149759816,Tapa Susp Izq NegMat DS800 TA,1631000000,Ckd,203002,Ckd,,TRANSFORMADO,UND,True
7700149759823,Tapa Super Der Arena DS800 TA,1631000000,Ckd,203002,Ckd,,TRANSFORMADO,UND,True
7700149759830,Tapa Super Izq Arena DS800 TA,1631000000,Ckd,203002,Ckd,,TRANSFORMADO,UND,True
7700149759847,Caren Farola Arena DS800 TA,1631000000,Ckd,203002,Ckd,,TRANSFORMADO,UND,True
7700149759854,Tapa Decor Der Arena DS800 TA,1631000000,Ckd,203002,Ckd,,TRANSFORMADO,UND,True
7700149759861,Tapa Decor Izq Arena DS800 TA,1631000000,Ckd,203002,Ckd,,TRANSFORMADO,UND,True
7700149759878,Tapa Cola Arena DS800 TA,1631000000,Ckd,203002,Ckd,,TRANSFORMADO,UND,True
7700149759885,Tapa Lat Der Arena DS800 TA,1631000009,Partes Pequeñas,203002,Ckd,,TRANSFORMADO,UND,True
7700149759892,Tapa Lat Izq Arena DS800 TA,1631000009,Partes Pequeñas,203002,Ckd,,TRANSFORMADO,UND,True
7700149762052,Gbarro Fron NegMat DS800 TA,1631000000,Ckd,203002,Ckd,,TRANSFORMADO,UND,True
7700149762618,Moto 800Rally Ng 27 PT,1631000009,Partes Pequeñas,203002,Ckd,NEGRO,TRANSFORMADO,UND,True
7700149762625,Moto 800Rally Ar 27 PT,1631000009,Partes Pequeñas,203002,Ckd,ARENA,TRANSFORMADO,UND,True
7700149775755,Tanque Blanco Perl NKD+ TA,1631000000,Ckd,203002,Ckd,,TRANSFORMADO,UND,True
7700149775762,Guardab Del Bla Perl NKD+ TA,1631000003,Materia Prima terceros,203002,Ckd,,TRANSFORMADO,UND,True
7700149775779,Tanque Petrol NKD+ TA,1631000000,Ckd,203002,Ckd,,TRANSFORMADO,UND,True
7700149775786,Guardab Del Petrol NKD+ TA,1631000003,Materia Prima terceros,203002,Ckd,,TRANSFORMADO,UND,True
7700149775793,Tanque Morado NKD+ TA,1631000000,Ckd,203002,Ckd,,TRANSFORMADO,UND,True
7700149775809,Guardab Del Morado NKD+ TA,1631000003,Materia Prima terceros,203002,Ckd,,TRANSFORMADO,UND,True
7700149775816,Tanque Plata NKD+ TA,1631000000,Ckd,203002,Ckd,,TRANSFORMADO,UND,True
7700149775823,Guardab Del Plata NKD+ TA,1631000003,Materia Prima terceros,203002,Ckd,,TRANSFORMADO,UND,True
7700149778190,Moto VOGE300DS Ng 27 PT,1631000000,Ckd,203002,Ckd,NEGRO,TRANSFORMADO,UND,True
7700149778206,Moto VOGE300DS G/N 27 PT,1631000000,Ckd,203002,Ckd,GRIS NEGRO,TRANSFORMADO,UND,True
7700149778213,Moto 300Rally Ng 27 PT,1631000009,Partes Pequeñas,203002,Ckd,NEGRO,TRANSFORMADO,UND,True
7700149778220,Moto 300Rally G/N 27 PT,1631000009,Partes Pequeñas,203002,Ckd,GRIS NEGRO,TRANSFORMADO,UND,True
7700149778237,Moto AK200TT Rally Vd 27 PT,1632000000,Integracion Nacional,203002,Integración Nacional,VERDE MATE NEGRO,TRANSFORMADO,UND,True
7700149779241,Tanque Dark Flame NKD+ TA,1631000000,Ckd,203002,Ckd,,TRANSFORMADO,UND,True
7700149779258,Guardab Del Dark Flame NKD+ TA,1631000003,Materia Prima terceros,203002,Ckd,,TRANSFORMADO,UND,True
7700149779265,Manubrio Alumi TTR/DS plano TA,1632000000,Integracion Nacional,203002,Integración Nacional,,TRANSFORMADO,UND,True
7700149779272,Manubrio Aluminio NKD+ TA,1632000000,Integracion Nacional,203002,Integración Nacional,,TRANSFORMADO,UND,True
7700149811057,Chasis 3W+ NS Profia VIN PF,1631000001,Materia Prima Chasis,203002,Ckd,,TRANSFORMADO,UND,True
7700149813693,Moto AK110NV LED Ng 27 PT,1632000000,Integracion Nacional,203002,Integración Nacional,NEGRO,TRANSFORMADO,UND,True
7700149813709,Moto AK110NV LED Gr 27 PT,1632000000,Integracion Nacional,203002,Integración Nacional,GRIS,TRANSFORMADO,UND,True
7700149815451,Moto AK200ZW+ Carpa 27 PT,1631000000,Ckd,203002,Ckd,GRIS,TRANSFORMADO,UND,True
7700149819404,Moto AK125NKD Cla KNT 27 PT,1631000000,Ckd,203002,Ckd,NEGRO ROJO,TRANSFORMADO,UND,True
7700149819411,Moto AK125NKD FP KNT 27 PT,1631000000,Ckd,203002,Ckd,NEGRO,TRANSFORMADO,UND,True
7700149819718,Moto AK110NV LED Az 27 PT,1632000000,Integracion Nacional,203002,Integración Nacional,AZUL,TRANSFORMADO,UND,True
7701023136259,Pintura Parrilla 125SC-PRO TA ,1631000003,Materia Prima terceros,203002,Ckd,,TRANSFORMADO,UND,True
7701023218870,Pintura Tijera NKDR-D TA,1631000003,Materia Prima terceros,203002,Ckd,,TRANSFORMADO,UND,True
7701023234467,Caren Inf Manubrio N/Mat J5 TA,1631000003,Materia Prima terceros,203002,Ckd,,TRANSFORMADO,UND,True
7701023767491,Caren Tras Der Negro 125W TA,1631000003,Materia Prima terceros,203002,Ckd,,TRANSFORMADO,UND,True
7701023767552,Caren Tras Izq Negro 125W TA,1631000003,Materia Prima terceros,203002,Ckd,,TRANSFORMADO,UND,True
7701023767675,Gpierna Ext Der Negro 125W TA,1631000003,Materia Prima terceros,203002,Ckd,,TRANSFORMADO,UND,True
7701023767736,Gpierna Ext Izq Negro 125W TA,1631000003,Materia Prima terceros,203002,Ckd,,TRANSFORMADO,UND,True
7701023767972,Caren Trasero Negro 125W TA,1631000003,Materia Prima terceros,203002,Ckd,,TRANSFORMADO,UND,True
7701023797375,Tanque Gas Negro NKD V2 TA,1631000003,Materia Prima terceros,203002,Ckd,,TRANSFORMADO,UND,True
7701023954532,Pintura Chasis 125BR SM TA,1631000003,Materia Prima terceros,203002,Ckd,,TRANSFORMADO,UND,True
7701023954549,Pint Chasis 125NKDR SM TA,1631000003,Materia Prima terceros,203002,Ckd,,TRANSFORMADO,UND,True
7705946021425,Tanque Gas Blan NKD P Mixta TA,1631000003,Materia Prima terceros,203002,Ckd,,TRANSFORMADO,UND,True
7705946021432,Tanque Gas Ngro NKD P Mixta TA,1631000003,Materia Prima terceros,203002,Ckd,,TRANSFORMADO,UND,True
7705946046879,Tanque Gas Negro Mate NKD TA,1631000003,Materia Prima terceros,203002,Ckd,,TRANSFORMADO,UND,True
7705946178938,Caren Fron Sup  N/M SCPro TA,1631000003,Materia Prima terceros,203002,Ckd,,TRANSFORMADO,UND,True
7705946179034,Caren Gbarro Dr Neg/M SC ProTA,1631000003,Materia Prima terceros,203002,Ckd,,TRANSFORMADO,UND,True
7705946179041,Caren Gbarro Iz Neg/M SC ProTA,1631000003,Materia Prima terceros,203002,Ckd,,TRANSFORMADO,UND,True
7705946179089,CareCubta Tra If Dr Neg/MPROTA,1631000003,Materia Prima terceros,203002,Ckd,,TRANSFORMADO,UND,True
7705946179096,Care CubtaTra If IzqNeg/MProTA,1631000003,Materia Prima terceros,203002,Ckd,,TRANSFORMADO,UND,True
7705946179102,Caren Trasero Neg/M SC Pro TA,1631000003,Materia Prima terceros,203002,Ckd,,TRANSFORMADO,UND,True
7705946179119,Caren Gbarro Dr Roj/M SC ProTA,1631000003,Materia Prima terceros,203002,Ckd,,TRANSFORMADO,UND,True
7705946179126,Caren Gbarro Iz Roj/M SC ProTA,1631000003,Materia Prima terceros,203002,Ckd,,TRANSFORMADO,UND,True
7705946179164,CarenCubta Tra If Dr Rj/MPROTA,1631000003,Materia Prima terceros,203002,Ckd,,TRANSFORMADO,UND,True
7705946179171,Caren CubtaTra If IzqRj/MProTA,1631000003,Materia Prima terceros,203002,Ckd,,TRANSFORMADO,UND,True
7705946179188,Caren Trasero Roj/M SC Pro TA,1631000003,Materia Prima terceros,203002,Ckd,,TRANSFORMADO,UND,True
7705946185707,Caren Tras Der Ne/Mate 125W TA,1631000003,Materia Prima terceros,203002,Ckd,,TRANSFORMADO,UND,True
7705946185714,Caren Tras Izq Ne/Mate 125W TA,1631000003,Materia Prima terceros,203002,Ckd,,TRANSFORMADO,UND,True
7705946185738,Gpierna Ext Der Ne/Mate 125WTA,1631000003,Materia Prima terceros,203002,Ckd,,TRANSFORMADO,UND,True
7705946185745,Gpierna Ext Izq Ne/Mate 125WTA,1631000003,Materia Prima terceros,203002,Ckd,,TRANSFORMADO,UND,True
7705946185769,Caren Trasero Neg/Mate 125W TA,1631000003,Materia Prima terceros,203002,Ckd,,TRANSFORMADO,UND,True
7705946233347,Guardab Del Negr/Mte NKD V2 TA,1631000003,Materia Prima terceros,203002,Ckd,,TRANSFORMADO,UND,True
7705946244831,Sillín Del Dynamic Pro V2 TA,1631000003,Materia Prima terceros,203002,Ckd,,TRANSFORMADO,UND,True
7705946244848,Sillín Tra Dynamic Pro V2 TA,1631000003,Materia Prima terceros,203002,Ckd,,TRANSFORMADO,UND,True
7705946307024,Tanque Gas Blanco CR4 TA,1631000003,Materia Prima terceros,203002,Ckd,,TRANSFORMADO,UND,True
7705946307048,Caren Farola Blanco CR4 TA,1631000003,Materia Prima terceros,203002,Ckd,,TRANSFORMADO,UND,True
7705946307079,Tanque Gas Neg/Br CR4 TA,1631000003,Materia Prima terceros,203002,Ckd,,TRANSFORMADO,UND,True
7705946307093,Caren Farola Neg/Br CR4 TA,1631000003,Materia Prima terceros,203002,Ckd,,TRANSFORMADO,UND,True
7705946307123,Tanque Gas Neg/Mt CR4 TA,1631000003,Materia Prima terceros,203002,Ckd,,TRANSFORMADO,UND,True
7705946307130,Guardab Del Neg/Mt CR4 TA,1631000003,Materia Prima terceros,203002,Ckd,,TRANSFORMADO,UND,True
7705946307147,Caren Farola Neg/Mt CR4 TA,1631000003,Materia Prima terceros,203002,Ckd,,TRANSFORMADO,UND,True
7705946307178,Tanque Gas Rojo CR4 TA,1631000003,Materia Prima terceros,203002,Ckd,,TRANSFORMADO,UND,True
7705946307192,Caren Farola Rojo CR4 TA,1631000003,Materia Prima terceros,203002,Ckd,,TRANSFORMADO,UND,True
7705946314008,Caren Farola Negro 110 NV-X TA,1631000003,Materia Prima terceros,203002,Ckd,,TRANSFORMADO,UND,True
7705946314046,Caren Pito Negro 110 NV-X TA,1631000003,Materia Prima terceros,203002,Ckd,,TRANSFORMADO,UND,True
7705946314053,Caren Tras Der Negro 110NV-XTA,1631000003,Materia Prima terceros,203002,Ckd,,TRANSFORMADO,UND,True
7705946314060,Caren Tras Izq Negro 110NV-XTA,1631000003,Materia Prima terceros,203002,Ckd,,TRANSFORMADO,UND,True
7705946314084,Caren Farola Rojo 110 NV-X TA,1631000003,Materia Prima terceros,203002,Ckd,,TRANSFORMADO,UND,True
7705946314121,Caren Pito Rojo 110 NV-X TA,1631000003,Materia Prima terceros,203002,Ckd,,TRANSFORMADO,UND,True
7705946314138,Caren Tras Der Rojo 110 NV-XTA,1631000003,Materia Prima terceros,203002,Ckd,,TRANSFORMADO,UND,True
7705946314145,Caren Tras Izq Rojo 110 NV-XTA,1631000003,Materia Prima terceros,203002,Ckd,,TRANSFORMADO,UND,True
7705946314169,Caren Farola Ne/Mat 110NV-X TA,1631000003,Materia Prima terceros,203002,Ckd,,TRANSFORMADO,UND,True
7705946314206,Caren Pito Neg/Mat 110 NV-X TA,1631000003,Materia Prima terceros,203002,Ckd,,TRANSFORMADO,UND,True
7705946314213,Caren Tras Der Ne/Mat110NV-XTA,1631000003,Materia Prima terceros,203002,Ckd,,TRANSFORMADO,UND,True
7705946314220,Caren Tras Izq Ne/Mat110NV-XTA,1631000003,Materia Prima terceros,203002,Ckd,,TRANSFORMADO,UND,True
7705946321099,Soporte Farola Der NKD TA,1631000000,Ckd,203002,Ckd,,TRANSFORMADO,UND,True
7705946321105,Soporte Farola Izq NKD TA,1631000000,Ckd,203002,Ckd,,TRANSFORMADO,UND,True
7705946340984,Caren Pito Neg/Mte 125W NEW TA,1631000003,Materia Prima terceros,203002,Ckd,,TRANSFORMADO,UND,True
7705946343244,Caren Gbarro Dr Alum SC ProTA,1631000003,Materia Prima terceros,203002,Ckd,,TRANSFORMADO,UND,True
7705946343268,Tapa Inf CbtaTra DrAlumSCProTA,1631000000,Ckd,203002,Ckd,,TRANSFORMADO,UND,True
7705946345613,Guardab Del Neg/Mt 125W NEW TA,1631000003,Materia Prima terceros,203002,Ckd,,TRANSFORMADO,UND,True
7705946352697,CareCubtaTra If Izq Bla/BPROTA,1631000003,Materia Prima terceros,203002,Ckd,,TRANSFORMADO,UND,True
7705946376013,Caren Delan Neg/Mate PRO V2 TA,1631000003,Materia Prima terceros,203002,Ckd,,TRANSFORMADO,UND,True
7705946376020,Caren Tras Der Neg/M PRO V2 TA,1631000003,Materia Prima terceros,203002,Ckd,,TRANSFORMADO,UND,True
7705946376037,Caren Tras Izq Neg/M PRO V2 TA,1631000003,Materia Prima terceros,203002,Ckd,,TRANSFORMADO,UND,True
7705946376044,Caren Delan Roj/Mate PRO V2 TA,1631000003,Materia Prima terceros,203002,Ckd,,TRANSFORMADO,UND,True
7705946376051,Caren Tras Der Roj/M PRO V2 TA,1631000003,Materia Prima terceros,203002,Ckd,,TRANSFORMADO,UND,True
7705946376068,Caren Tras Izq Roj/M PRO V2 TA,1631000003,Materia Prima terceros,203002,Ckd,,TRANSFORMADO,UND,True
7705946376075,Caren Delan Mor/Mate PRO V2 TA,1631000003,Materia Prima terceros,203002,Ckd,,TRANSFORMADO,UND,True
7705946376082,Caren Tras Der Mor/M PRO V2 TA,1631000003,Materia Prima terceros,203002,Ckd,,TRANSFORMADO,UND,True
7705946376099,Caren Tras Izq Mor/M PRO V2 TA,1631000003,Materia Prima terceros,203002,Ckd,,TRANSFORMADO,UND,True
7705946378208,Sillin 2018 110NV TA,1632000000,Integracion Nacional,203002,Integración Nacional,,TRANSFORMADO,UND,True
7705946401159,Caren Gbarro Dr Neg/B SC ProTA,1631000003,Materia Prima terceros,203002,Ckd,,TRANSFORMADO,UND,True
7705946401166,Caren Gbarro Iz Neg/B SC ProTA,1631000003,Materia Prima terceros,203002,Ckd,,TRANSFORMADO,UND,True
7705946401173,Caren Delan Neg/B SC Pro TA,1631000003,Materia Prima terceros,203002,Ckd,,TRANSFORMADO,UND,True
7705946401180,Caren Tras Der Neg/B SC ProTA,1631000003,Materia Prima terceros,203002,Ckd,,TRANSFORMADO,UND,True
7705946401197,Caren Tras Izq Neg/B SC ProTA,1631000003,Materia Prima terceros,203002,Ckd,,TRANSFORMADO,UND,True
7705946401203,CareCubtaTra If Dr Neg/B ProTA,1631000003,Materia Prima terceros,203002,Ckd,,TRANSFORMADO,UND,True
7705946401210,CareCubtaTra If Izq Neg/BProTA,1631000003,Materia Prima terceros,203002,Ckd,,TRANSFORMADO,UND,True
7705946401227,Caren Trasero Neg/B SC Pro TA,1631000003,Materia Prima terceros,203002,Ckd,,TRANSFORMADO,UND,True
7705946401234,Chasis Motocarro Profia VIN PF,1631000007,Control profia,203002,Ckd,,TRANSFORMADO,UND,True
7705946404433,Tanque Gas Rojo Mate NKD TA,1631000003,Materia Prima terceros,203002,Ckd,,TRANSFORMADO,UND,True
7705946404440,Guardab Del Rojo Mate NKD TA,1631000003,Materia Prima terceros,203002,Ckd,,TRANSFORMADO,UND,True
7705946449687,Tanque Gas Gr/M CR4 TA,1631000003,Materia Prima terceros,203002,Ckd,,TRANSFORMADO,UND,True
7705946449694,Cubie Tras Der Gr/M CR4 TA,1631000000,Ckd,203002,Ckd,,TRANSFORMADO,UND,True
7705946449700,Cubie Tras Izq Gr/M CR4 TA,1631000000,Ckd,203002,Ckd,,TRANSFORMADO,UND,True
7705946449717,Cubie Tras Gr/M CR4 TA,1631000000,Ckd,203002,Ckd,,TRANSFORMADO,UND,True
7705946449748,Caren Farola Gr/M CR4 TA,1631000003,Materia Prima terceros,203002,Ckd,,TRANSFORMADO,UND,True
7705946449755,Guardab Del Gr/M CR4 TA,1631000003,Materia Prima terceros,203002,Ckd,,TRANSFORMADO,UND,True
7705946449779,Cubta Tanq Ex Der Ver/Br CR4TA,1631000000,Ckd,203002,Ckd,,TRANSFORMADO,UND,True
7705946449786,Cubta Tanq Ex Izq Ver/Br CR4TA,1631000000,Ckd,203002,Ckd,,TRANSFORMADO,UND,True
7705946507196,Gpier Ext Der Gris/Mate 125WTA,1631000003,Materia Prima terceros,203002,Ckd,,TRANSFORMADO,UND,True
7705946507202,Gpier Ext Izq Gris/Mate 125WTA,1631000003,Materia Prima terceros,203002,Ckd,,TRANSFORMADO,UND,True
7705946507219,Guardab Del Gri/Mt 125W NEW TA,1631000003,Materia Prima terceros,203002,Ckd,,TRANSFORMADO,UND,True
7705946507226,Caren Pito Gris/Mat 125W V2 TA,1631000003,Materia Prima terceros,203002,Ckd,,TRANSFORMADO,UND,True
7705946507233,Caren Tra Der Gris/Mat 125W TA,1631000003,Materia Prima terceros,203002,Ckd,,TRANSFORMADO,UND,True
7705946507240,Caren Tra Izq Gris/Mat 125W TA,1631000003,Materia Prima terceros,203002,Ckd,,TRANSFORMADO,UND,True
7705946507257,Caren Traser Gris/Mate 125W TA,1631000003,Materia Prima terceros,203002,Ckd,,TRANSFORMADO,UND,True
7705946508629,Tanque Gas Azul P NKD Clas TA,1631000003,Materia Prima terceros,203002,Ckd,,TRANSFORMADO,UND,True
7705946576178,Chasis AK125 CR4 EIII VIN  MP,1633000000,Terceros,203002,Terceros,,TRANSFORMADO,UND,True
7705946582698,Pintura Chasis 125CR4 SM TA,1631000003,Materia Prima terceros,203002,Ckd,,TRANSFORMADO,UND,True
7705946644419,Caren Farola Neg 125W-ll V2 TA,1631000003,Materia Prima terceros,203002,Ckd,,TRANSFORMADO,UND,True
7705946644426,Caren Farola Roj 125W-ll V2 TA,1631000003,Materia Prima terceros,203002,Ckd,,TRANSFORMADO,UND,True
7705946644433,Caren FarolNe/Mat 125W-llV2 TA,1631000003,Materia Prima terceros,203002,Ckd,,TRANSFORMADO,UND,True
7705946644440,Caren FarolGri/Mat125W-llV2 TA,1631000003,Materia Prima terceros,203002,Ckd,,TRANSFORMADO,UND,True
7705946678575,Tanque Gasolina 110 NV TA,1631000003,Materia Prima terceros,203002,Ckd,,TRANSFORMADO,UND,True
7705946678582,Tanque Gasolina Flex TA,1631000003,Materia Prima terceros,203002,Ckd,,TRANSFORMADO,UND,True
7705946678919,Caren Gbarro Dr Ver/B SC ProTA,1631000003,Materia Prima terceros,203002,Ckd,,TRANSFORMADO,UND,True
7705946678926,Caren Gbarro Iz Ver/B SC ProTA,1631000003,Materia Prima terceros,203002,Ckd,,TRANSFORMADO,UND,True
7705946678933,Caren Delan Grs/Mer SC Pro TA,1631000003,Materia Prima terceros,203002,Ckd,,TRANSFORMADO,UND,True
7705946678940,Caren Tras Der Grs/Mer SCProTA,1631000003,Materia Prima terceros,203002,Ckd,,TRANSFORMADO,UND,True
7705946678957,Caren Tras Izq Grs/Mer SCProTA,1631000003,Materia Prima terceros,203002,Ckd,,TRANSFORMADO,UND,True
7705946678964,CareCubtTra If Der Ver/B ProTA,1631000003,Materia Prima terceros,203002,Ckd,,TRANSFORMADO,UND,True
7705946678971,CareCubtTra If Izq Ver/B ProTA,1631000003,Materia Prima terceros,203002,Ckd,,TRANSFORMADO,UND,True
7705946678988,Caren Tras Grs/Mer SC Pro TA,1631000003,Materia Prima terceros,203002,Ckd,,TRANSFORMADO,UND,True
7705946730938,Mofle 125 FLEX E3 8mm TA,1631000000,Ckd,203002,Ckd,,TRANSFORMADO,UND,True
7705946732796,Chasis AK200TTR VIN Mp,1633000000,Terceros,203002,Terceros,,TRANSFORMADO,UND,True
7705946737616,Chasis AK125FLEX EIII VIN Mp,1631000001,Materia Prima Chasis,203002,Ckd,,TRANSFORMADO,UND,True
7705946741835,Car Far Gris/Mt 110 NV TA,1631000003,Materia Prima terceros,203002,Ckd,,TRANSFORMADO,UND,True
7705946741873,Care Pito Gris/Mate 110 NV TA,1631000003,Materia Prima terceros,203002,Ckd,,TRANSFORMADO,UND,True
7705946741880,Care Tra Der Gris/Mt 110 NV TA,1631000003,Materia Prima terceros,203002,Ckd,,TRANSFORMADO,UND,True
7705946741897,Care Tra Izq Gris/Mt 110 NV TA,1631000003,Materia Prima terceros,203002,Ckd,,TRANSFORMADO,UND,True
7705946749664,Mofle E3 V2 CR4 TA,1631000003,Materia Prima terceros,203002,Ckd,,TRANSFORMADO,UND,True
7705946762816,Chasis AK125TTR EIII VIN Mp,1633000000,Terceros,203002,Terceros,,TRANSFORMADO,UND,True
7705946764193,Curva mofle 125TTR TA,1631000000,Ckd,203002,Ckd,,TRANSFORMADO,UND,True
7705946767347,Curva mofle 200DS V2 TA,1631000000,Ckd,203002,Ckd,,TRANSFORMADO,UND,True
7705946768740,Guardab Del Ng/Mt 110NEW V2 TA,1631000003,Materia Prima terceros,203002,Ckd,,TRANSFORMADO,UND,True
7705946768764,Guardab Del Gr/Mt 110NVW V2 TA,1631000003,Materia Prima terceros,203002,Ckd,,TRANSFORMADO,UND,True
7705946778787,Gpierna Ext Der Negr 110 V2 TA,1631000003,Materia Prima terceros,203002,Ckd,,TRANSFORMADO,UND,True
7705946778794,Gpierna Ext Izq Negr 110 V2 TA,1631000003,Materia Prima terceros,203002,Ckd,,TRANSFORMADO,UND,True
7705946778800,Gpierna Ext Der Rojo 110 V2 TA,1631000003,Materia Prima terceros,203002,Ckd,,TRANSFORMADO,UND,True
7705946778817,Gpierna Ext Izq Rojo 110 V2 TA,1631000003,Materia Prima terceros,203002,Ckd,,TRANSFORMADO,UND,True
7705946778824,Gpierna Ext DerNe/Mat110 V2 TA,1631000003,Materia Prima terceros,203002,Ckd,,TRANSFORMADO,UND,True
7705946778831,Gpierna Ext IzqNe/Mat110 V2 TA,1631000003,Materia Prima terceros,203002,Ckd,,TRANSFORMADO,UND,True
7705946778848,Gpierna Der Gris/Mt 110 V2 TA,1631000003,Materia Prima terceros,203002,Ckd,,TRANSFORMADO,UND,True
7705946778855,Gpierna Izq Gris/Mt 110 V2 TA,1631000003,Materia Prima terceros,203002,Ckd,,TRANSFORMADO,UND,True
7705946780056,Chasis AK110NV EIII VIN Mp,1631000001,Materia Prima Chasis,203002,Ckd,,TRANSFORMADO,UND,True
7705946793971,Tanque Gas 3W Gris/Darg TA,1631000007,Control profia,203002,Ckd,,TRANSFORMADO,UND,True
7705946793988,Tap Latral Der 3W Gris/Darg TA,1631000007,Control profia,203002,Ckd,,TRANSFORMADO,UND,True
7705946793995,Tap Latral Izq 3W Gris/Darg TA,1631000007,Control profia,203002,Ckd,,TRANSFORMADO,UND,True
7705946848886,Chasis AK125DYN PRO+ VIN Mp,1631000001,Materia Prima Chasis,203002,Ckd,,TRANSFORMADO,UND,True
7705946856164,Caren Pito Negro FLEX EIII TA ,1631000003,Materia Prima terceros,203002,Ckd,,TRANSFORMADO,UND,True
7705946856171,Caren Pito Neg/Mt FLEX EIII TA,1631000003,Materia Prima terceros,203002,Ckd,,TRANSFORMADO,UND,True
7705946856188,Caren Pito Gri/Mt FLEX EIII TA,1631000003,Materia Prima terceros,203002,Ckd,,TRANSFORMADO,UND,True
7705946874700,Base Posapie Tra Izq NKD V2 TA,1631000003,Materia Prima terceros,203002,Ckd,,TRANSFORMADO,UND,True
7705946874717,Base Posapie Tra Der NKD V2 TA,1631000003,Materia Prima terceros,203002,Ckd,,TRANSFORMADO,UND,True
7705946953221,Guardab Del Neg Br Meteor TA,1631000003,Materia Prima terceros,203002,Ckd,,TRANSFORMADO,UND,True
7705946953238,Guardab Del Neg/Mat Meteor TA,1631000003,Materia Prima terceros,203002,Ckd,,TRANSFORMADO,UND,True
7705946953245,Tanque Gas Rojo Br Meteor TA,1631000003,Materia Prima terceros,203002,Ckd,,TRANSFORMADO,UND,True
7705946953252,Tanque Gas Amari Br Meteor TA,1631000003,Materia Prima terceros,203002,Ckd,,TRANSFORMADO,UND,True
7705946953269,Tanque Gas Neg/Mat Meteor TA,1631000003,Materia Prima terceros,203002,Ckd,,TRANSFORMADO,UND,True
7705946953276,Tapa Lat Der Neg/Br Meteor TA,1631000003,Materia Prima terceros,203002,Ckd,,TRANSFORMADO,UND,True
7705946953283,Tapa Lat Izq Neg/Br Meteor TA,1631000003,Materia Prima terceros,203002,Ckd,,TRANSFORMADO,UND,True
7705946953290,Tapa Lat Der Neg/Mat Meteor TA,1631000003,Materia Prima terceros,203002,Ckd,,TRANSFORMADO,UND,True
7705946953306,Tapa Lat Izq Neg/Mat Meteor TA,1631000003,Materia Prima terceros,203002,Ckd,,TRANSFORMADO,UND,True
7705946953313,Guardab Tras Neg Br Meteor TA,1631000003,Materia Prima terceros,203002,Ckd,,TRANSFORMADO,UND,True
7705946953320,Guardab Tras Neg/Mat Meteor TA,1631000003,Materia Prima terceros,203002,Ckd,,TRANSFORMADO,UND,True
7705946953412,Tanque Gas Blanc Marfil NKD TA,1631000003,Materia Prima terceros,203002,Ckd,,TRANSFORMADO,UND,True
7705946962537,Sillín Del Dynamic Pro 2022 TA,1631000003,Materia Prima terceros,203002,Ckd,,TRANSFORMADO,UND,True
7705946962544,Sillín Tra Dynamic Pro 2022 TA,1631000003,Materia Prima terceros,203002,Ckd,,TRANSFORMADO,UND,True
7705946971966,Pint Chasis 125NKD CBS V2 TA,1631000003,Materia Prima terceros,203002,Ckd,,TRANSFORMADO,UND,True
7705946972642,Chasis VIN Meteor 350 RE Mp,1631000000,Ckd,203002,Ckd,,TRANSFORMADO,UND,True
7705946985789,Cubie Tras Der Ngr/M CR4 TA,1631000003,Materia Prima terceros,203002,Ckd,,TRANSFORMADO,UND,True
7705946985796,Cubie Tras Izq Ngr/M CR4 TA,1631000003,Materia Prima terceros,203002,Ckd,,TRANSFORMADO,UND,True
7705946985802,Cubie Tras Ngr/M CR4 TA,1631000003,Materia Prima terceros,203002,Ckd,,TRANSFORMADO,UND,True
7705946985819,Cubt Tnq Ex Dr Ver/Br V2 CR4TA,1632000000,Integracion Nacional,203002,Integración Nacional,,TRANSFORMADO,UND,True
7705946985826,Cubt Tnq Ex Iz Ver/Br V2 CR4TA,1632000000,Integracion Nacional,203002,Integración Nacional,,TRANSFORMADO,UND,True
7705946991551,ChasisAK125NKDR EIII VIN V2 Mp,1633000000,Terceros,203002,Terceros,,TRANSFORMADO,UND,True
7700149175050,Guardabarro Tras Ng Meteor Mp,1631000003,Materia Prima terceros,203002,Ckd,,CRUDO,UND,True
7705946956932,Guardabarro Del Meteor RE Mp,1631000003,Materia Prima terceros,203002,Ckd,,CRUDO,UND,True
7705946883399,Tapa Lateral Izq Meteor Mp,1631000003,Materia Prima terceros,203002,Ckd,,CRUDO,UND,True
7705946957113,Calca 2D Izq Mono Tone Mp,1631000003,Materia Prima terceros,203002,Ckd,,CRUDO,UND,True
7705946883382,Tapa Lateral Der Meteor Mp,1631000003,Materia Prima terceros,203002,Ckd,,CRUDO,UND,True
7705946957120,Calca 2D Der Mono Tone Mp,1631000003,Materia Prima terceros,203002,Ckd,,CRUDO,UND,True
7705946956888,Tanque Fireball Meteor RE Mp,1631000003,Materia Prima terceros,203002,Ckd,,CRUDO,UND,True
7705946983051,Carenaje Tras Der V2 CR4 Mp,1631000003,Materia Prima terceros,203002,Ckd,,CRUDO,UND,True
7705946983068,Carenaje Tras Izq V2 CR4 Mp,1631000003,Materia Prima terceros,203002,Ckd,,CRUDO,UND,True
7705946983075,Carenaje Tras V2 CR4 Mp,1631000003,Materia Prima terceros,203002,Ckd,,CRUDO,UND,True
7705946986045,Tanque Gas 300DS MP,1631000003,Materia Prima terceros,203002,Ckd,,CRUDO,UND,True
7705946987196,Tapa Tanq Del Der 300DS MP,1631000003,Materia Prima terceros,203002,Ckd,,CRUDO,UND,True
7705946987189,Tapa Tanq Del Izq 300DS MP,1631000003,Materia Prima terceros,203002,Ckd,,CRUDO,UND,True
7705946987011,Tapa Tanq Sup Der 300DS MP,1631000003,Materia Prima terceros,203002,Ckd,,CRUDO,UND,True
7705946987004,Tapa Tanq Sup Izq 300DS MP,1631000003,Materia Prima terceros,203002,Ckd,,CRUDO,UND,True
7705946987363,Tapa Tanq Inf com Der 300DS MP,1631000003,Materia Prima terceros,203002,Ckd,,CRUDO,UND,True
7705946987356,Tapa Tanq Inf com Izq 300DS MP,1631000003,Materia Prima terceros,203002,Ckd,,CRUDO,UND,True
7705946987264,Tapa Tanq Inf Der 300DS MP,1631000003,Materia Prima terceros,203002,Ckd,,CRUDO,UND,True
7705946987257,Tapa Tanq Inf Izq 300DS MP,1631000003,Materia Prima terceros,203002,Ckd,,CRUDO,UND,True
7705946987165,Tapa Lat Der 300DS MP,1631000003,Materia Prima terceros,203002,Ckd,,CRUDO,UND,True
7705946987141,Tapa Lat Izq 300DS MP,1631000003,Materia Prima terceros,203002,Ckd,,CRUDO,UND,True
7705946987110,Cubta Der Guardab Del 300DS MP,1631000003,Materia Prima terceros,203002,Ckd,,CRUDO,UND,True
7705946987103,Guardab Del 300DS MP,1631000003,Materia Prima terceros,203002,Ckd,,CRUDO,UND,True
7705946988353,Chasis 300DS MP,1631000000,Ckd,203002,Ckd,,CRUDO,UND,True
7701023312608,Tanque Gas NKD MP,1631000003,Materia Prima terceros,203002,Ckd,,CRUDO,UND,True
7700149056021,Base Sillin Tras 125T4 Mp,1631000000,Ckd,203002,Ckd,,CRUDO,UND,True
7700149301473,Tapa Frontal Mawi MP,1632000000,Integracion Nacional,203002,Integración Nacional,,CRUDO,UND,True
7700149301534,Tapa Lateral Izq Mawi MP,1632000000,Integracion Nacional,203002,Integración Nacional,,CRUDO,UND,True
7700149301527,Tapa Lateral Der Mawi MP,1632000000,Integracion Nacional,203002,Integración Nacional,,CRUDO,UND,True
7700149301480,Guardabarro Delantero Mawi MP,1632000000,Integracion Nacional,203002,Integración Nacional,,CRUDO,UND,True
7700149157582,Base Sillin Delantera 125T4 Mp,1631000000,Ckd,203002,Ckd,,CRUDO,UND,True
7700149056588,Chasis SM 125T4 Mp,1631000000,Ckd,203002,Ckd,,CRUDO,UND,True
7700149082389,Tapa Lat Izq Inf 200CR3 Mp,1631000003,Materia Prima terceros,203002,Ckd,,CRUDO,UND,True
7700149053037,Base sillin 200CR3 Mp,1631000000,Ckd,203002,Ckd,,CRUDO,UND,True
7700149082402,Tapa Lat Der Inf 200CR3 Mp,1631000003,Materia Prima terceros,203002,Ckd,,CRUDO,UND,True
7700149081863,Tanque Gas 200CR3 Mp,1631000003,Materia Prima terceros,203002,Ckd,,CRUDO,UND,True
7700149081771,Guardab Del 200CR3 MP,1631000003,Materia Prima terceros,203002,Ckd,,CRUDO,UND,True
7700149082082,Cubta Farola Izq 200CR3 MP,1631000003,Materia Prima terceros,203002,Ckd,,CRUDO,UND,True
7700149082365,Cubta Farola Der 200CR3 MP,1631000003,Materia Prima terceros,203002,Ckd,,CRUDO,UND,True
7700149082303,Chasis 200CR3 SM MP,1631000003,Materia Prima terceros,203002,Ckd,,CRUDO,UND,True
7700149081757,Tapa Tanq Izq 200CR3 Mp,1631000003,Materia Prima terceros,203002,Ckd,,CRUDO,UND,True
7700149081764,Tapa Tanq Der 200CR3 Mp,1631000003,Materia Prima terceros,203002,Ckd,,CRUDO,UND,True
7700149081610,Tapa Tanq Inf Izq 200CR3 Mp,1631000003,Materia Prima terceros,203002,Ckd,,CRUDO,UND,True
7700149081740,Tapa Tanq Inf Der 200CR3 Mp,1631000003,Materia Prima terceros,203002,Ckd,,CRUDO,UND,True
7700149082112,Tapa Tanq Int Der 200CR3 Mp,1631000003,Materia Prima terceros,203002,Ckd,,CRUDO,UND,True
7700149081818,Tapa Tanq Int Izq 200CR3 Mp,1631000003,Materia Prima terceros,203002,Ckd,,CRUDO,UND,True
7700149100243,Tanque Gas NKD V3 Mp,1631000003,Materia Prima terceros,203002,Ckd,,CRUDO,UND,True
7705946996853,Cubta Lat Ov Izq RE CLA350 Mp,1631000003,Materia Prima terceros,203002,Ckd,,CRUDO,UND,True
7705946996884,Cubta amort Del RE CLA350 Mp,1631000003,Materia Prima terceros,203002,Ckd,,CRUDO,UND,True
7705946996860,Platina Emblema RE CLA350 MP,1631000003,Materia Prima terceros,203002,Ckd,,CRUDO,UND,True
7705946996877,Cubta Farola RE CLA350 Mp,1631000003,Materia Prima terceros,203002,Ckd,,CRUDO,UND,True
7700149206211,Calco Guarda Del Ng Cob RE Mp,1631000000,Ckd,203002,Ckd,,CRUDO,UND,True
7705946996839,Guardab Del RE CLA350 Mp,1631000003,Materia Prima terceros,203002,Ckd,,CRUDO,UND,True
7700149206150,Calco Guarda Tras Ng Cob RE Mp,1631000000,Ckd,203002,Ckd,,CRUDO,UND,True
7705946996822,Guardab Tras RE CLA350 Mp,1631000003,Materia Prima terceros,203002,Ckd,,CRUDO,UND,True
7700149206167,Calco Tanq Der Ng Metal RE Mp,1631000000,Ckd,203002,Ckd,,CRUDO,UND,True
7700149206174,Calco Tanq Izq Ng Metal RE Mp,1631000000,Ckd,203002,Ckd,,CRUDO,UND,True
7700149206181,Calco Tanq Izq Cob Metal RE Mp,1631000000,Ckd,203002,Ckd,,CRUDO,UND,True
7700149206198,Calco Tanq Der Cob Metal RE Mp,1631000000,Ckd,203002,Ckd,,CRUDO,UND,True
7705946996792,Tanque Gas RE CLA350 Mp,1631000003,Materia Prima terceros,203002,Ckd,,CRUDO,UND,True
7700149206136,Calco Tapa Der Cobre RE Mp,1631000000,Ckd,203002,Ckd,,CRUDO,UND,True
7705946996808,Tapa Lateral Der RE CLA350 Mp,1631000003,Materia Prima terceros,203002,Ckd,,CRUDO,UND,True
7700149082488,Caren Farola 200CR4 Mp,1631000003,Materia Prima terceros,203002,Ckd,,CRUDO,UND,True
7705946996846,Cubta Lat Ov Der RE CLA350 Mp,1631000003,Materia Prima terceros,203002,Ckd,,CRUDO,UND,True
7700149141178,Cal tapa lat Izq Oro CLSS Mp,1631000000,Ckd,203002,Ckd,,CRUDO,UND,True
7705946996815,Tapa Lateral Izq RE CLA350 Mp,1631000003,Materia Prima terceros,203002,Ckd,,CRUDO,UND,True
7700149141079,Logo Metalico fronto CLSS Mp,1631000000,Ckd,203002,Ckd,,CRUDO,UND,True
7700149140959,Logo Metalico Tras CLSS Mp,1631000000,Ckd,203002,Ckd,,CRUDO,UND,True
7700149141260,Calco tanq metalic Izq CLSS Mp,1631000000,Ckd,203002,Ckd,,CRUDO,UND,True
7700149141475,Calco tanq metalic Der CLSS Mp,1631000000,Ckd,203002,Ckd,,CRUDO,UND,True
7700149141536,Calco tanq Oro Izq CLSS Mp,1631000000,Ckd,203002,Ckd,,CRUDO,UND,True
7700149141543,Calco tanq Oro Der CLSS Mp,1631000000,Ckd,203002,Ckd,,CRUDO,UND,True
7700149141185,Cal tapa lat Der Oro CLSS Mp,1631000000,Ckd,203002,Ckd,,CRUDO,UND,True
7700149206143,Calco Tapa Izq Cobre RE Mp,1631000000,Ckd,203002,Ckd,,CRUDO,UND,True
7700149613262,Chasis Ng Mat CLSS350 V2 Mp,1631000000,Ckd,203002,Ckd,,CRUDO,UND,True
7705946161893,Parrilla 125SC-R PRO Mp,1631000003,Materia Prima terceros,203002,Ckd,,CRUDO,UND,True
7700149026840,Tanque Gas J1C Mp,1631000003,Materia Prima terceros,203002,Ckd,,CRUDO,UND,True
7700149206099,Calco Tanq Rebel Black RE Mp,1631000003,Materia Prima terceros,203002,Ckd,,CRUDO,UND,True
7700149206105,Calco Tanq Log Rebel Blk RE Mp,1631000003,Materia Prima terceros,203002,Ckd,,CRUDO,UND,True
7700149206112,Calco Tanq Izq DapGrey Mp,1631000003,Materia Prima terceros,203002,Ckd,,CRUDO,UND,True
7700149206129,Calco Tanq Der DapGrey Mp,1631000003,Materia Prima terceros,203002,Ckd,,CRUDO,UND,True
7700149168854,Guardabarro Del HNTR Mp,1631000000,Ckd,203002,Ckd,,CRUDO,UND,True
7700149165884,Calco Tanque Logo RebRed Mp,1631000003,Materia Prima terceros,203002,Ckd,,CRUDO,UND,True
7700149166072,Calco Tanque Dorado RebRed Mp,1631000003,Materia Prima terceros,203002,Ckd,,CRUDO,UND,True
7700149166508,Chasis HNTR 350 Mp,1631000001,Materia Prima Chasis,203002,Ckd,,CRUDO,UND,True
7701023312004,Gpierna Ext Der 125W MP,1631000003,Materia Prima terceros,203002,Ckd,,CRUDO,UND,True
7701023312011,Gpierna Ext Izq 125W MP,1631000003,Materia Prima terceros,203002,Ckd,,CRUDO,UND,True
7705946238786,Guardabarro Del Crudo FLEX MP,1631000003,Materia Prima terceros,203002,Ckd,,CRUDO,UND,True
7701023311977,Caren Tras Der 125W MP,1631000003,Materia Prima terceros,203002,Ckd,,CRUDO,UND,True
7701023311984,Caren Tras Izq 125W MP,1631000003,Materia Prima terceros,203002,Ckd,,CRUDO,UND,True
7701023312035,Caren Trasero 125W MP,1631000003,Materia Prima terceros,203002,Ckd,,CRUDO,UND,True
7705946575911,Caren Farola 125W-ll V2 MP,1631000003,Materia Prima terceros,203002,Ckd,,CRUDO,UND,True
7700149022897,Carenaje Tanque Izq IML CR4 Mp,1632000000,Integracion Nacional,203002,Integración Nacional,,CRUDO,UND,True
7700149022880,Carenaje Tanque Der IML CR4 Mp,1632000000,Integracion Nacional,203002,Integración Nacional,,CRUDO,UND,True
7705946983082,Tapa Tanque Ext Der V2 CR4 Mp,1632000000,Integracion Nacional,203002,Integración Nacional,,CRUDO,UND,True
7705946983099,Tapa Tanque Ext Izq V2 CR4 Mp,1632000000,Integracion Nacional,203002,Integración Nacional,,CRUDO,UND,True
7700149213202,Chasis 300Rally Mp,1631000001,Materia Prima Chasis,203002,Ckd,,CRUDO,UND,True
7700149218184,Chasis Jet14 Mp,1631000001,Materia Prima Chasis,203002,Ckd,,CRUDO,UND,True
7700149219051,Cubta Tras Centr Jet14 Mp,1631000000,Ckd,203002,Ckd,,CRUDO,UND,True
7700149219518,Cubta Tras Izq Jet14 Mp,1631000000,Ckd,203002,Ckd,,CRUDO,UND,True
7700149218245,Gbrro Del Jet14 Mp,1631000000,Ckd,203002,Ckd,,CRUDO,UND,True
7700149219556,Cubta Tras Der Jet14 Mp,1631000000,Ckd,203002,Ckd,,CRUDO,UND,True
7700149219525,Cubta Lat Der Jet14 Mp,1631000000,Ckd,203002,Ckd,,CRUDO,UND,True
7700149219464,Cubta Frontal Izq Jet14 Mp,1631000000,Ckd,203002,Ckd,,CRUDO,UND,True
7700149219471,Cubta Frontal Der Jet14 Mp,1631000000,Ckd,203002,Ckd,,CRUDO,UND,True
7700149219402,Visor Jet14 Mp,1631000000,Ckd,203002,Ckd,,CRUDO,UND,True
7700149219280,Cubta Frontal Jet14 Mp,1631000000,Ckd,203002,Ckd,,CRUDO,UND,True
7700149219488,Sillin Jet14 Mp,1631000000,Ckd,203002,Ckd,,CRUDO,UND,True
7700149197564,Tapa Lat Tras Izq 300AC Mp,1631000000,Ckd,203002,Ckd,,CRUDO,UND,True
7700149197533,Tapa Prot Tanque Izq  Mp,1631000000,Ckd,203002,Ckd,,CRUDO,UND,True
7700149197526,Tapa Tanque Der 300AC Mp,1631000000,Ckd,203002,Ckd,,CRUDO,UND,True
7700149197519,Tapa Tanque Izq 300AC Mp,1631000000,Ckd,203002,Ckd,,CRUDO,UND,True
7700149197632,Tapa Decor Quilla Izq Mp,1631000000,Ckd,203002,Ckd,,CRUDO,UND,True
7700149197649,Tapa Decor Quilla Der Mp,1631000000,Ckd,203002,Ckd,,CRUDO,UND,True
7705946676229,Cubier Sup Stop DS Mp,1631000003,Materia Prima terceros,203002,Ckd,,CRUDO,UND,True
7705946674782,Tapa Tanq Ext Der DS Mp,1631000000,Ckd,203002,Ckd,,CRUDO,UND,True
7705946674775,Tapa Tanq Ext Izq DS Mp,1631000000,Ckd,203002,Ckd,,CRUDO,UND,True
7700149213608,Cbta Caren Farola 300Rally Mp,1631000003,Materia Prima terceros,203002,Ckd,,CRUDO,UND,True
7700149211895,Quilla Izq 300Ral MP,1631000003,Materia Prima terceros,203002,Ckd,,CRUDO,UND,True
7700149211888,Quilla Der 300Ral MP,1631000003,Materia Prima terceros,203002,Ckd,,CRUDO,UND,True
7700149213509,Cbta Lat Izq Tras 300Rally Mp,1631000003,Materia Prima terceros,203002,Ckd,,CRUDO,UND,True
7700149212113,Cbta Tanque Izq 300Rally Mp,1631000003,Materia Prima terceros,203002,Ckd,,CRUDO,UND,True
7700149213790,Cbta Tanque Der 300Rally Mp,1631000003,Materia Prima terceros,203002,Ckd,,CRUDO,UND,True
7700149213639,Cbta Tanq Izq Decor Rally Mp,1631000003,Materia Prima terceros,203002,Ckd,,CRUDO,UND,True
7700149213622,Cbta Tanq Der Decor Rally Mp,1631000003,Materia Prima terceros,203002,Ckd,,CRUDO,UND,True
7700149212144,Tap Lat Izq 300Rally Mp,1631000003,Materia Prima terceros,203002,Ckd,,CRUDO,UND,True
7700149212120,Tap Lat Der 300Rally Mp,1631000003,Materia Prima terceros,203002,Ckd,,CRUDO,UND,True
7700149212359,Guardabarro Del 300Rally Mp,1631000003,Materia Prima terceros,203002,Ckd,,CRUDO,UND,True
7700149212595,Tanque Gas Cto 300Rally Mp,1631000003,Materia Prima terceros,203002,Ckd,,CRUDO,UND,True
7705946263429,Caren Tras Izq 110 NV-X  Mp,1631000003,Materia Prima terceros,203002,Ckd,,CRUDO,UND,True
7705946263436,Caren Tras Der 110 NV-X  Mp,1631000003,Materia Prima terceros,203002,Ckd,,CRUDO,UND,True
7705946263399,Caren Pito 110 NV-X  MP,1631000003,Materia Prima terceros,203002,Ckd,,CRUDO,UND,True
7705946768153,Guardapierna Izquierd NV110 Mp,1631000003,Materia Prima terceros,203002,Ckd,,CRUDO,UND,True
7705946768160,Guardapierna Derecho NV110 Mp,1631000003,Materia Prima terceros,203002,Ckd,,CRUDO,UND,True
7705946263405,Caren Farola 110 NV-X  Mp,1631000003,Materia Prima terceros,203002,Ckd,,CRUDO,UND,True
7705946784412,Caren Pito 125FLEX V2 Mp,1631000003,Materia Prima terceros,203002,Ckd,,CRUDO,UND,True
7705946768115,Guardabarro ABS crudo NV110 MP,1631000003,Materia Prima terceros,203002,Ckd,,CRUDO,UND,True
7700149266451,Tapa Lat Sup Izq CH125 Mp,1631000003,Materia Prima terceros,203002,Ckd,,CRUDO,UND,True
7700149266468,Tapa Lat Sup Der CH125 Mp,1631000003,Materia Prima terceros,203002,Ckd,,CRUDO,UND,True
7700149266475,Tanque 125CH Mp,1631000003,Materia Prima terceros,203002,Ckd,,CRUDO,UND,True
7705946161657,Base silla tras 125SC-R PRO Mp,1631000003,Materia Prima terceros,203002,Ckd,,CRUDO,UND,True
7700149451642,Base silla CR4 200 Mp,1632000000,Integracion Nacional,203002,Integración Nacional,,CRUDO,UND,True
7705946161923,Base sillin Del SC-R PRO Mp,1631000003,Materia Prima terceros,203002,Ckd,,CRUDO,UND,True
7701023563901,Base Sillín 125SC Mp,1631000003,Materia Prima terceros,203002,Ckd,,CRUDO,UND,True
7705946162043,60P Platina Gaveta SC-R PRO Mp,1631000000,Ckd,203002,Ckd,,CRUDO,UND,True
7705946157254,Guardabarro Crudo NKD MP,1631000003,Materia Prima terceros,203002,Ckd,,CRUDO,UND,True
7700149255776,Calc Tapa Lat Der Met Verd Mp,1631000003,Materia Prima terceros,203002,Ckd,,CRUDO,UND,True
7700149255868,Calc Tapa Lat Izq Met Verd Mp,1631000003,Materia Prima terceros,203002,Ckd,,CRUDO,UND,True
7700149265980,Base Sillin AK125CH Mp,1631000003,Materia Prima terceros,203002,Ckd,,CRUDO,UND,True
7700149375696,Carenaje Farola TTR 2025 Mp,1631000003,Materia Prima terceros,203002,Ckd,,CRUDO,UND,True
7700149292702,Chasis AK125CH V2 Mp,1631000003,Materia Prima terceros,203002,Ckd,,CRUDO,UND,True
7700149266437,Tijera AK125CH Mp,1631000000,Ckd,203002,Ckd,,CRUDO,UND,True
7701023860222,Chasis BR SN15 Mp,1631000003,Materia Prima terceros,203002,Ckd,,CRUDO,UND,True
7700149265850,Chasis 125CH Mp,1631000001,Materia Prima Chasis,203002,Ckd,,CRUDO,UND,True
7700149375702,Guardabarro TTR 2025 Mp,1631000003,Materia Prima terceros,203002,Ckd,,CRUDO,UND,True
7700149375665,Tapa tanque Der TTR 2025 Mp,1631000003,Materia Prima terceros,203002,Ckd,,CRUDO,UND,True
7700149375658,Tapa tanque Izq TTR 2025 Mp,1631000003,Materia Prima terceros,203002,Ckd,,CRUDO,UND,True
7705946940375,Tanque Gas TTR22 Mp,1631000003,Materia Prima terceros,203002,Ckd,,CRUDO,UND,True
7700149375634,Tapa Tanque 2 TTR 2025 Mp,1631000003,Materia Prima terceros,203002,Ckd,,CRUDO,UND,True
7700149375641,Tapa Tanque 1 TTR 2025 Mp,1631000003,Materia Prima terceros,203002,Ckd,,CRUDO,UND,True
7700149244589,Mofle 125NKDR EIII V4 Mp,1631000000,Ckd,203002,Ckd,,CRUDO,UND,True
7705946940368,Carenaje Farola TTR22 Mp,1631000000,Ckd,203002,Ckd,,CRUDO,UND,True
7700149604819,Cubta Tras Der JetEvo Mp,1631000003,Materia Prima terceros,203002,Ckd,,CRUDO,UND,True
7700149604611,Cubta Frontal Izq JetEvo Mp,1631000003,Materia Prima terceros,203002,Ckd,,CRUDO,UND,True
7700149603980,Cubta Frontal Der JetEvo Mp,1631000003,Materia Prima terceros,203002,Ckd,,CRUDO,UND,True
7700149604161,Cubta Lat Piso Izq JetEvo Mp,1631000003,Materia Prima terceros,203002,Ckd,,CRUDO,UND,True
7700149604673,Cubta Lat Piso Der JetEvo Mp,1631000003,Materia Prima terceros,203002,Ckd,,CRUDO,UND,True
7700149604802,Cubta Tras Izq JetEvo Mp,1631000003,Materia Prima terceros,203002,Ckd,,CRUDO,UND,True
7700149603379,Gbrro Del JetEvo Mp,1631000003,Materia Prima terceros,203002,Ckd,,CRUDO,UND,True
7700149604543,Cubta Frontal JetEvo Mp,1631000003,Materia Prima terceros,203002,Ckd,,CRUDO,UND,True
7700149604710,Cubta Tras Der int JetEvo Mp,1631000003,Materia Prima terceros,203002,Ckd,,CRUDO,UND,True
7700149422697,Cubta Front Sup Velo RX Mp,1631000003,Materia Prima terceros,203002,Ckd,,CRUDO,UND,True
7700149422406,Cubta Tras Central RX Mp,1631000003,Materia Prima terceros,203002,Ckd,,CRUDO,UND,True
7700149422765,Cubta Tras Izq RX Mp,1631000003,Materia Prima terceros,203002,Ckd,,CRUDO,UND,True
7700149422901,Cubta Tras Der RX Mp,1631000003,Materia Prima terceros,203002,Ckd,,CRUDO,UND,True
7700149422741,Cubta Front Inf RX Mp,1631000003,Materia Prima terceros,203002,Ckd,,CRUDO,UND,True
7700149422727,Guardabarro Del RX Mp,1631000003,Materia Prima terceros,203002,Ckd,,CRUDO,UND,True
7700149422758,Cubta Frontal RX Mp,1631000003,Materia Prima terceros,203002,Ckd,,CRUDO,UND,True
7700149422680,Cubta Manubrio RX Mp,1631000003,Materia Prima terceros,203002,Ckd,,CRUDO,UND,True
7700149386173,Cubierta Tras 200DS+ Mp,1631000003,Materia Prima terceros,203002,Ckd,,CRUDO,UND,True
7700149385718,Cubta Izq Tanq Gas 200DS+ Mp,1631000003,Materia Prima terceros,203002,Ckd,,CRUDO,UND,True
7700149385725,Cubta Der Tanq Gas 200DS+ Mp,1631000003,Materia Prima terceros,203002,Ckd,,CRUDO,UND,True
7700149448062,Tanque Gasolina 200DS+ V2 Mp,1631000003,Materia Prima terceros,203002,Ckd,,CRUDO,UND,True
7700149386142,Carenaje Farola 200DS+ Mp,1631000003,Materia Prima terceros,203002,Ckd,,CRUDO,UND,True
7700149386081,Guardabarro Del Frontal Mp,1631000003,Materia Prima terceros,203002,Ckd,,CRUDO,UND,True
7700149176330,Tanque Gasolina 3W200 V2 Mp,1631000000,Ckd,203002,Ckd,,CRUDO,UND,True
7700149279086,Calco Lat  Izq PPF 3W Mp,1632000000,Integracion Nacional,203002,Integración Nacional,,CRUDO,UND,True
7700149279116,Calco PPF 3W Mp,1632000000,Integracion Nacional,203002,Integración Nacional,,CRUDO,UND,True
7700149279123,Calco Lat Der PPF 3W Mp,1632000000,Integracion Nacional,203002,Integración Nacional,,CRUDO,UND,True
7700149317412,Calco Tapa Tanque PPF 3W Mp,1632000000,Integracion Nacional,203002,Integración Nacional,,CRUDO,UND,True
7700149320573,Calco Central PPF 3W Mp,1632000000,Integracion Nacional,203002,Integración Nacional,,CRUDO,UND,True
7701023345071,Calco Caja Reversa 3W MP,1632000000,Integracion Nacional,203002,Integración Nacional,,CRUDO,UND,True
7705946334402,Calco tanque AKT 3W Mp,1632000000,Integracion Nacional,203002,Integración Nacional,,CRUDO,UND,True
7705946979078,Calco Tanq Izq Carguero 3W Mp,1631000008,Sin control PROFIA,203002,Ckd,,CRUDO,UND,True
7705946979085,Calco Tanq Der Carguero 3W Mp,1631000008,Sin control PROFIA,203002,Ckd,,CRUDO,UND,True
7705946909686,Tanq Combustibl Motoca Gris PF,1631000007,Control profia,203002,Ckd,,CRUDO,UND,True
7700149363273,Chasis HY450 Mp,1631000001,Materia Prima Chasis,203002,Ckd,,CRUDO,UND,True
7700149389167,Chasis 500DS Mp,1631000000,Ckd,203002,Ckd,,CRUDO,UND,True
7700149317153,Calco Tecnologia Clutch Mp,1632000000,Integracion Nacional,203002,Integración Nacional,,CRUDO,UND,True
7700149496872,Emblema Col NKD125 Mp,1632000000,Integracion Nacional,203002,Integración Nacional,,CRUDO,UND,True
7700149496896,Calco Ed Lim Col NKD125 MP,1632000000,Integracion Nacional,203002,Integración Nacional,,CRUDO,UND,True
7700149496902,Calco Lineas Col NKD125 Mp,1632000000,Integracion Nacional,203002,Integración Nacional,,CRUDO,UND,True
7700149496919,Calco Inf Tanq Col NKD125 Mp,1632000000,Integracion Nacional,203002,Integración Nacional,,CRUDO,UND,True
7705946811392,Tapa Tanq Izq 250CR4 Mp,1631000003,Materia Prima terceros,203002,Ckd,,CRUDO,UND,True
7705946810821,Tapa Tanq Inf Der 250CR4 Mp,1631000003,Materia Prima terceros,203002,Ckd,,CRUDO,UND,True
7700149342810,Tapa Tanq Inf Izq 250CR4 Mp,1631000003,Materia Prima terceros,203002,Ckd,,CRUDO,UND,True
7705946811521,Tapa Lat Der 250CR4 Mp,1631000003,Materia Prima terceros,203002,Ckd,,CRUDO,UND,True
7705946811507,Tapa Lat Izq 250CR4 Mp,1631000003,Materia Prima terceros,203002,Ckd,,CRUDO,UND,True
7705946811712,Tapa Tanq Centr 250CR4 Mp,1631000003,Materia Prima terceros,203002,Ckd,,CRUDO,UND,True
7705946811576,Cubta Farola Der 250CR4 Mp,1631000003,Materia Prima terceros,203002,Ckd,,CRUDO,UND,True
7705946238700,Guardabarro crudo 250 R Mp,1631000003,Materia Prima terceros,203002,Ckd,,CRUDO,UND,True
7705946811408,Tapa Tanq Der 250CR4 Mp,1631000003,Materia Prima terceros,203002,Ckd,,CRUDO,UND,True
7705946811651,Tapa Tras Izq 250CR4 Mp,1631000003,Materia Prima terceros,203002,Ckd,,CRUDO,UND,True
7705946811699,Tapa Tras Der 250CR4 Mp,1631000003,Materia Prima terceros,203002,Ckd,,CRUDO,UND,True
7705946811569,Cubta Farola Izq 250CR4 Mp,1631000003,Materia Prima terceros,203002,Ckd,,CRUDO,UND,True
7700149325806,Tanque Gas Him2 Mp,1631000003,Materia Prima terceros,203002,Ckd,,CRUDO,UND,True
7700149366649,Cal Tanq De Azul Hmlyan 450 Mp,1631000003,Materia Prima terceros,203002,Ckd,,CRUDO,UND,True
7700149366663,Cal Tanq Iz Azul Hmlyan 450 Mp,1631000003,Materia Prima terceros,203002,Ckd,,CRUDO,UND,True
7700149366915,Calca Tanq Azul Hmalyan 450 Mp,1631000003,Materia Prima terceros,203002,Ckd,,CRUDO,UND,True
7700149325844,Guardabarro Del Him2 Mp,1631000003,Materia Prima terceros,203002,Ckd,,CRUDO,UND,True
7700149363662,Calco Guard Del Izq Sup HY Mp,1631000003,Materia Prima terceros,203002,Ckd,,CRUDO,UND,True
7700149363679,Calco Guardb Del Der Sup HY Mp,1631000003,Materia Prima terceros,203002,Ckd,,CRUDO,UND,True
7700149325813,Guardabarro Tras Him2 Mp,1631000003,Materia Prima terceros,203002,Ckd,,CRUDO,UND,True
7700149363686,Calco Logo Oro HY450 Mp,1631000003,Materia Prima terceros,203002,Ckd,,CRUDO,UND,True
7700149325820,Cubta lat Izq Him2 Mp,1631000003,Materia Prima terceros,203002,Ckd,,CRUDO,UND,True
7700149363693,Calco Tapa Lat Izq HY450 Mp,1631000003,Materia Prima terceros,203002,Ckd,,CRUDO,UND,True
7700149325837,Cubta lat Der Him2 Mp,1631000003,Materia Prima terceros,203002,Ckd,,CRUDO,UND,True
7700149363709,Calco Tapa Lat Der HY450 Mp,1631000003,Materia Prima terceros,203002,Ckd,,CRUDO,UND,True
7700149323925,Calco Tanque HY 450 Brown Mp,1631000003,Materia Prima terceros,203002,Ckd,,CRUDO,UND,True
7700149366632,Cal Gbo Tras Neg Hmlyan 450 Mp,1631000003,Materia Prima terceros,203002,Ckd,,CRUDO,UND,True
7700149363464,Calco Tanq Izq Oro HY Mp,1631000003,Materia Prima terceros,203002,Ckd,,CRUDO,UND,True
7700149363624,Calco Tanq Der Oro HY Mp,1631000003,Materia Prima terceros,203002,Ckd,,CRUDO,UND,True
7700149363631,Calco Tanq Logo Oro HY Mp,1631000003,Materia Prima terceros,203002,Ckd,,CRUDO,UND,True
7700149366625,Cal Tapa Lat Der Neg Hy 450 Mp,1631000003,Materia Prima terceros,203002,Ckd,,CRUDO,UND,True
7700149366793,Cal Tap Lat Der Roja Hy 450 Mp,1631000003,Materia Prima terceros,203002,Ckd,,CRUDO,UND,True
7700149366861,Cal Sup Gbro Iz Azul Hy 450 Mp,1631000003,Materia Prima terceros,203002,Ckd,,CRUDO,UND,True
7700149366878,Cal Sup Gbro De Azul Hy 450 Mp,1631000003,Materia Prima terceros,203002,Ckd,,CRUDO,UND,True
7700149366854,Calca Gbo Tras Azul Hy 450 Mp,1631000003,Materia Prima terceros,203002,Ckd,,CRUDO,UND,True
7700149366908,Cal Tap Lat Izq Azul Hy 450 Mp,1631000003,Materia Prima terceros,203002,Ckd,,CRUDO,UND,True
7700149366892,Cal Tap Lat Der Azul Hy 450 Mp,1631000003,Materia Prima terceros,203002,Ckd,,CRUDO,UND,True
7700149323864,Cal Tan HY 450 De Rojo Grey Mp,1631000003,Materia Prima terceros,203002,Ckd,,CRUDO,UND,True
7700149366816,Calca Tanq Roja Hmalyan 450 Mp,1631000003,Materia Prima terceros,203002,Ckd,,CRUDO,UND,True
7700149366922,Cal Tanq Iz Roja Hmlyan 450 Mp,1631000003,Materia Prima terceros,203002,Ckd,,CRUDO,UND,True
7700149366762,Cal Sup Gbro De Roja Hy 450 Mp,1631000003,Materia Prima terceros,203002,Ckd,,CRUDO,UND,True
7700149366847,Cal Sup Gbro Iz Roja Hy 450 Mp,1631000003,Materia Prima terceros,203002,Ckd,,CRUDO,UND,True
7700149366779,Calca Gbo Tras Roja Hy 450 Mp,1631000003,Materia Prima terceros,203002,Ckd,,CRUDO,UND,True
7700149366786,Cal Tap Lat Izq Roja Hy 450 Mp,1631000003,Materia Prima terceros,203002,Ckd,,CRUDO,UND,True
7700149366618,Cal Tapa Lat Izq Neg Hy 450 Mp,1631000003,Materia Prima terceros,203002,Ckd,,CRUDO,UND,True
7705946262163,Caren Farola  125 CR4 Mp,1631000003,Materia Prima terceros,203002,Ckd,,CRUDO,UND,True
7705946157223,Guardabarro Crudo CR4 MP,1631000003,Materia Prima terceros,203002,Ckd,,CRUDO,UND,True
7705946261753,Tanque Gas 125 CR4 Mp,1631000003,Materia Prima terceros,203002,Ckd,,CRUDO,UND,True
7700149115353,Sistema Electrico RE Mp,1631000000,Ckd,203002,Ckd,,CRUDO,UND,True
7705946956734,Sistema Electrico Meteor RE Mp,1631000000,Ckd,203002,Ckd,,CRUDO,UND,True
7700149421904,Chasis RX Mp,1631000001,Materia Prima Chasis,203002,Ckd,,CRUDO,UND,True
7700149453691,Base Silla 200DS+ Mp,1631000003,Materia Prima terceros,203002,Ckd,,CRUDO,UND,True
7700149422819,Base Sillin RX Mp,1631000003,Materia Prima terceros,203002,Ckd,,CRUDO,UND,True
7700149342544,Chasis AK250CR4 Mp,1631000003,Materia Prima terceros,203002,Ckd,,CRUDO,UND,True
7700149450065,Calco Tanque AKT NKD FP Mp,1632000000,Integracion Nacional,203002,Integración Nacional,,CRUDO,UND,True
7700149450072,Calco tanque Der NKD FP Mp,1632000000,Integracion Nacional,203002,Integración Nacional,,CRUDO,UND,True
7700149460446,Calco tanque Izq NKD FP Mp,1632000000,Integracion Nacional,203002,Integración Nacional,,CRUDO,UND,True
7700149386036,Chasis 200DS+ Mp,1631000003,Materia Prima terceros,203002,Ckd,,CRUDO,UND,True
7700149255806,Tapa Lat Izq Generica HNTR Mp,1631000003,Materia Prima terceros,203002,Ckd,,CRUDO,UND,True
7700149458443,Calc Tap Lat HNTR  Bla/Amar Mp,1631000003,Materia Prima terceros,203002,Ckd,,CRUDO,UND,True
7700149255813,Tapa Lat Der Generica HNTR Mp,1631000003,Materia Prima terceros,203002,Ckd,,CRUDO,UND,True
7700149458436,Calc Tap Lat HNTR  Oro/Roja Mp,1631000003,Materia Prima terceros,203002,Ckd,,CRUDO,UND,True
7700149458429,Calc Tap Lat HNTR  Bla/Roja Mp,1631000003,Materia Prima terceros,203002,Ckd,,CRUDO,UND,True
7700149386227,Cupula 200DS+ Mp,1631000003,Materia Prima terceros,203002,Ckd,,CRUDO,UND,True
7700149385701,Sillin Compl 200DS+ Mp,1631000003,Materia Prima terceros,203002,Ckd,,CRUDO,UND,True
7700149437141,Base Silla 300Rally Mp,1631000003,Materia Prima terceros,203002,Ckd,,CRUDO,UND,True
7700149474375,Base silla NKD Mp,1632000000,Integracion Nacional,203002,Integración Nacional,,CRUDO,UND,True
7700149453264,Base Silla 300DS Mp,1631000003,Materia Prima terceros,203002,Ckd,,CRUDO,UND,True
7700149474368,Base silla FLEX125 MP,1632000000,Integracion Nacional,203002,Integración Nacional,,CRUDO,UND,True
7700149520751,Protector Mofle Carbon 1 MP,1632000000,Integracion Nacional,203002,Integración Nacional,,CRUDO,UND,True
7700149389587,Caren Front 500DS MP,1631000003,Materia Prima terceros,203002,Ckd,,CRUDO,UND,True
7700149389495,Cubta Cola Izq 500DS Mp,1631000003,Materia Prima terceros,203002,Ckd,,CRUDO,UND,True
7700149389570,Cubta Cola Der 500DS Mp,1631000003,Materia Prima terceros,203002,Ckd,,CRUDO,UND,True
7700149389969,Tap Tanque Izq 500DS MP,1631000003,Materia Prima terceros,203002,Ckd,,CRUDO,UND,True
7700149388481,Tap Tanque Der 500DS MP,1631000003,Materia Prima terceros,203002,Ckd,,CRUDO,UND,True
7700149389457,Tapa Lat Inf Izq 500DS MP,1631000003,Materia Prima terceros,203002,Ckd,,CRUDO,UND,True
7700149389433,Tapa Lat Inf Der 500DS MP,1631000003,Materia Prima terceros,203002,Ckd,,CRUDO,UND,True
7700149389730,Tapa Lateral Izq Sup 500DS Mp,1631000003,Materia Prima terceros,203002,Ckd,,CRUDO,UND,True
7700149389723,Tapa Lateral Der Sup 500DS Mp,1631000003,Materia Prima terceros,203002,Ckd,,CRUDO,UND,True
7700149389617,Cubta Gbrro Del Sup 500DS MP,1631000003,Materia Prima terceros,203002,Ckd,,CRUDO,UND,True
7700149520768,Protector Curv Mofle Carbon MP,1632000000,Integracion Nacional,203002,Integración Nacional,,CRUDO,UND,True
7700149562843,Prot Curva Mofle 200TT V2 Mp,1631000000,Ckd,203002,Ckd,,CRUDO,UND,True
7700149186742,20P Posapie Del Der TTR V3 Mp,1631000003,Materia Prima terceros,203002,Ckd,,CRUDO,UND,True
7700149186780,20P Posapie Del Izq TTX V2 Mp,1631000003,Materia Prima terceros,203002,Ckd,,CRUDO,UND,True
7700149471251,Caren Farola 110 NV-X  Mp,1631000003,Materia Prima terceros,203002,Ckd,,CRUDO,UND,True
7700149542081,Chasis GRR 450 Mp,1631000001,Materia Prima Chasis,203002,Ckd,,CRUDO,UND,True
7701023070751,Parrilla AK125BR/180TTR/X  MP,1632000000,Integracion Nacional,203002,Integración Nacional,,CRUDO,UND,True
7700149491730,Guardabarro Tras GRR Mp,1631000003,Materia Prima terceros,203002,Ckd,,CRUDO,UND,True
7700149491723,Guardabarro Del GRR Mp,1631000003,Materia Prima terceros,203002,Ckd,,CRUDO,UND,True
7700149491518,Calco Tapa Lat Iz Plata GRR Mp,1631000003,Materia Prima terceros,203002,Ckd,,CRUDO,UND,True
7700149491631,Cubta lat Izq GRR Mp,1631000003,Materia Prima terceros,203002,Ckd,,CRUDO,UND,True
7700149491532,Calco Tapa Lat De Plata GRR Mp,1631000003,Materia Prima terceros,203002,Ckd,,CRUDO,UND,True
7700149491747,Cubta lat Der GRR Mp,1631000003,Materia Prima terceros,203002,Ckd,,CRUDO,UND,True
7700149491693,Calco Tanque Logo Negro GRR Mp,1631000003,Materia Prima terceros,203002,Ckd,,CRUDO,UND,True
7700149491716,Tanque Gas GRR Mp,1631000003,Materia Prima terceros,203002,Ckd,,CRUDO,UND,True
7705946318372,Carenaje Tras Izq Dyn V2 MP,1631000003,Materia Prima terceros,203002,Ckd,,CRUDO,UND,True
7705946318365,Carenaje Tras Der Dyn V2 MP,1631000003,Materia Prima terceros,203002,Ckd,,CRUDO,UND,True
7705946318341,Carenaje Del Dyn PRO V2 MP,1631000003,Materia Prima terceros,203002,Ckd,,CRUDO,UND,True
7700149471497,Chasis 125NKDR-D MP,1631000001,Materia Prima Chasis,203002,Ckd,,CRUDO,UND,True
7700149471503,Tijera 125NKD+ FT Mp,1631000003,Materia Prima terceros,203002,Ckd,,CRUDO,UND,True
7700149561617,Chasis BEAR650 Mp,1631000000,Ckd,203002,Ckd,,CRUDO,UND,True
7700149559560,Chasis SM650 Mp,1631000001,Materia Prima Chasis,203002,Ckd,,CRUDO,UND,True
7700149427067,Cubta Tras Inf Der RX Mp,1631000000,Ckd,203002,Ckd,,CRUDO,UND,True
7700149427074,Cubta Tras Inf Izq RX Mp,1631000000,Ckd,203002,Ckd,,CRUDO,UND,True
7700149560115,Calco Gbo Tras Oro/Rojo GRR Mp,1631000003,Materia Prima terceros,203002,Ckd,,CRUDO,UND,True
7700149560108,Calco Gbo Del Oro/Rojo GRR Mp,1631000003,Materia Prima terceros,203002,Ckd,,CRUDO,UND,True
7700149491556,Calc Tapa Lat Iz Yellow GRR Mp,1631000003,Materia Prima terceros,203002,Ckd,,CRUDO,UND,True
7700149491525,Calc Tapa Lat De Yellow GRR Mp,1631000003,Materia Prima terceros,203002,Ckd,,CRUDO,UND,True
7700149491563,Calco Tanq Logo Yellow GRR Mp,1631000003,Materia Prima terceros,203002,Ckd,,CRUDO,UND,True
7700149491594,Calco Tanque Der Rojo GRR Mp,1631000003,Materia Prima terceros,203002,Ckd,,CRUDO,UND,True
7700149491600,Calco Tanque Izq Rojo GRR Mp,1631000003,Materia Prima terceros,203002,Ckd,,CRUDO,UND,True
7700149560085,Calco Lat Izq Amarilla GRR Mp,1631000003,Materia Prima terceros,203002,Ckd,,CRUDO,UND,True
7700149560092,Calco Lat Der Amarilla GRR Mp,1631000003,Materia Prima terceros,203002,Ckd,,CRUDO,UND,True
7700149491570,Calco Tanque Izq Yellow GRR Mp,1631000003,Materia Prima terceros,203002,Ckd,,CRUDO,UND,True
7700149491587,Calco Tanque Der Yellow GRR Mp,1631000003,Materia Prima terceros,203002,Ckd,,CRUDO,UND,True
7700149597845,Chasis 900DS Mp,1631000000,Ckd,203002,Ckd,,CRUDO,UND,True
7700149603560,Chasis Jet Evo Mp,1631000001,Materia Prima Chasis,203002,Ckd,,CRUDO,UND,True
7700149583794,Tanque Combustible NKD+ Mp,1631000000,Ckd,203002,Ckd,,CRUDO,UND,True
7700149524759,Chasis 180TTR Mp,1631000003,Materia Prima terceros,203002,Ckd,,CRUDO,UND,True
7700149603447,Cubierta manubrio JetEvo Mp,1631000003,Materia Prima terceros,203002,Ckd,,CRUDO,UND,True
7700149604499,Cubta inf Visor JetEvo Mp,1631000003,Materia Prima terceros,203002,Ckd,,CRUDO,UND,True
7700149604505,Cubta Tras Izq int JetEvo Mp,1631000003,Materia Prima terceros,203002,Ckd,,CRUDO,UND,True
7705946377492,Chasis Metalico Motocarro PF,1631000007,Control profia,203002,Ckd,,CRUDO,UND,True
7700149543231,Cal Tan Der1 Honey Bear 650 Mp,1631000003,Materia Prima terceros,203002,Ckd,,CRUDO,UND,True
7700149543248,Cal Tan Der2 Honey Bear 650 Mp,1631000003,Materia Prima terceros,203002,Ckd,,CRUDO,UND,True
7700149543644,Calco Tanq Honey Bear 650 Mp,1631000003,Materia Prima terceros,203002,Ckd,,CRUDO,UND,True
7700149543668,Cal Tan Izq Honey Bear 650 Mp,1631000003,Materia Prima terceros,203002,Ckd,,CRUDO,UND,True
7700149543798,Tanque Bear 650 Mp,1631000003,Materia Prima terceros,203002,Ckd,,CRUDO,UND,True
7700149543255,Guardab Tras Bear 650 Mp,1631000003,Materia Prima terceros,203002,Ckd,,CRUDO,UND,True
7700149543811,Guardab Del Bear 650 Mp,1631000003,Materia Prima terceros,203002,Ckd,,CRUDO,UND,True
7700149543194,Tapa Lat Der Bear 650 Mp,1631000003,Materia Prima terceros,203002,Ckd,,CRUDO,UND,True
7700149543279,Calc Tap Der White Bear 650 Mp,1631000003,Materia Prima terceros,203002,Ckd,,CRUDO,UND,True
7700149543712,Calc Tap Izq White Bear 650 Mp,1631000003,Materia Prima terceros,203002,Ckd,,CRUDO,UND,True
7700149543743,Tapa Lat Izq Bear 650 Mp,1631000003,Materia Prima terceros,203002,Ckd,,CRUDO,UND,True
7700149543699,Calco Tanq Shadow Bear 650 Mp,1631000003,Materia Prima terceros,203002,Ckd,,CRUDO,UND,True
7700149543705,Cal Tan Logo Shado Bear 650 Mp,1631000003,Materia Prima terceros,203002,Ckd,,CRUDO,UND,True
7700149543439,Cal Tan Logo White Bear 650 Mp,1631000003,Materia Prima terceros,203002,Ckd,,CRUDO,UND,True
7700149543590,Calc Tan Der White Bear 650 Mp,1631000003,Materia Prima terceros,203002,Ckd,,CRUDO,UND,True
7700149543828,Calc Tan Izq White Bear 650 Mp,1631000003,Materia Prima terceros,203002,Ckd,,CRUDO,UND,True
7700149543651,Calc Tap Iz Shadow Bear 650 Mp,1631000003,Materia Prima terceros,203002,Ckd,,CRUDO,UND,True
7700149543606,Calc Tap Izq Green Bear 650 Mp,1631000003,Materia Prima terceros,203002,Ckd,,CRUDO,UND,True
7700149543224,Calc Tap Der Honey Bear 650 Mp,1631000003,Materia Prima terceros,203002,Ckd,,CRUDO,UND,True
7700149543217,Calc Tap Izq Honey Bear 650 Mp,1631000003,Materia Prima terceros,203002,Ckd,,CRUDO,UND,True
7700149543620,Calc Tan Der Green Bear 650 Mp,1631000003,Materia Prima terceros,203002,Ckd,,CRUDO,UND,True
7700149543637,Calc Tan Izq Green Bear 650 Mp,1631000003,Materia Prima terceros,203002,Ckd,,CRUDO,UND,True
7700149543736,Cal Tan Logo Green Bear 650 Mp,1631000003,Materia Prima terceros,203002,Ckd,,CRUDO,UND,True
7700149543613,Calc Tap Der Green Bear 650 Mp,1631000003,Materia Prima terceros,203002,Ckd,,CRUDO,UND,True
7700149543583,Calc Tap De Shadow Bear 650 Mp,1631000003,Materia Prima terceros,203002,Ckd,,CRUDO,UND,True
7700149598200,Cubta Tras Izq DS900X Mp,1631000003,Materia Prima terceros,203002,Ckd,,CRUDO,UND,True
7700149598187,Cubta Tras Der DS900X Mp,1631000003,Materia Prima terceros,203002,Ckd,,CRUDO,UND,True
7700149598170,Cubta Rad Inf Izq DS900X Mp,1631000003,Materia Prima terceros,203002,Ckd,,CRUDO,UND,True
7700149598286,Cubta Rad Inf Der DS900X Mp,1631000003,Materia Prima terceros,203002,Ckd,,CRUDO,UND,True
7700149596282,Tap tanq Izq DS900X Mp,1631000003,Materia Prima terceros,203002,Ckd,,CRUDO,UND,True
7700149596190,Tap tanq Der DS900X Mp,1631000003,Materia Prima terceros,203002,Ckd,,CRUDO,UND,True
7700149598347,Cubta Radiad Izq DS900X Mp,1631000003,Materia Prima terceros,203002,Ckd,,CRUDO,UND,True
7700149598354,Cubta Radiad Der DS900X Mp,1631000003,Materia Prima terceros,203002,Ckd,,CRUDO,UND,True
7700149598477,Cubta Faro DS900X Mp,1631000003,Materia Prima terceros,203002,Ckd,,CRUDO,UND,True
7700149385657,Tanque Gasolina 200DS+ Mp,1631000000,Ckd,203002,Ckd,,CRUDO,UND,True
7700149046466,Torn Hex Arand M6x30x10 Neg Mp,1631000009,Partes Pequeñas,203002,Ckd,GRIS,CRUDO,UND,True
7700149144780,Sello Garantia AKT V3 MP,1632000000,Integracion Nacional,203002,Integración Nacional,GRIS,CRUDO,UND,True
7700149218078,30P Sprte Unidad ABS XC15WX Mp,1631000000,Ckd,203002,Ckd,GRIS,CRUDO,UND,True
7700149218122,Resor Gato Latetal XC15WX Mp,1631000009,Partes Pequeñas,203002,Ckd,GRIS,CRUDO,UND,True
7700149218252,Pasacable Metal Largo 2x100 Mp,1631000009,Partes Pequeñas,203002,Ckd,GRIS,CRUDO,UND,True
7700149218450,Soporte Sensor Oxigeno Mp,1631000009,Partes Pequeñas,203002,Ckd,GRIS,CRUDO,UND,True
7700149218481,30P Regulador Rectif XC15WX Mp,1631000000,Ckd,203002,Ckd,GRIS,CRUDO,UND,True
7700149218511,Abrazadera Mang XC15WX Mp,1631000009,Partes Pequeñas,203002,Ckd,GRIS,CRUDO,UND,True
7700149218566,Pin Gui Plas Cabl Bobi Alta Mp,1631000009,Partes Pequeñas,203002,Ckd,GRIS,CRUDO,UND,True
7700149218719,Cargador USB XC15WX Mp,1631000009,Partes Pequeñas,203002,Ckd,GRIS,CRUDO,UND,True
7700149218726,60P Relay XC15WX Mp,1631000000,Ckd,203002,Ckd,GRIS,CRUDO,UND,True
7700149218740,60P Sensor O2 XC15WX Mp,1631000000,Ckd,203002,Ckd,GRIS,CRUDO,UND,True
7700149218764,Switche Freno Mp,1631000009,Partes Pequeñas,203002,Ckd,GRIS,CRUDO,UND,True
7700149218788,60G Comando Der XC15WX Mp,1631000000,Ckd,203002,Ckd,GRIS,CRUDO,UND,True
7700149218917,Tor Camp Arand M4x17x8 Trop Mp,1631000009,Partes Pequeñas,203002,Ckd,GRIS,CRUDO,UND,True
7700149218931,Torn Hex Buj Rosca M8x34x14 Mp,1631000009,Partes Pequeñas,203002,Ckd,GRIS,CRUDO,UND,True
7700149219075,Tornillo Goloso M5x16 Negro Mp,1631000009,Partes Pequeñas,203002,Ckd,GRIS,CRUDO,UND,True
7700149219129,Tornillo Camp M10x35x12 Neg Mp,1631000009,Partes Pequeñas,203002,Ckd,GRIS,CRUDO,UND,True
7700149219136,Tor Cam Cue Neg M8x45x12 Mp,1631000009,Partes Pequeñas,203002,Ckd,GRIS,CRUDO,UND,True
7700149219143,Torn Camp M6x22x10 Neg Mp,1631000009,Partes Pequeñas,203002,Ckd,GRIS,CRUDO,UND,True
7700149219204,Tornillo Goloso M4x20 Neg Mp,1631000009,Partes Pequeñas,203002,Ckd,GRIS,CRUDO,UND,True
7700149219273,Tornillo Camp M6x12x10 Neg Mp,1631000009,Partes Pequeñas,203002,Ckd,GRIS,CRUDO,UND,True
7700149219389,Caucho Gaveta XC15WX Mp,1631000009,Partes Pequeñas,203002,Ckd,GRIS,CRUDO,UND,True
7700149304238,Torn Camp Gol M5x16 Neg Mp,1631000009,Partes Pequeñas,203002,Ckd,GRIS,CRUDO,UND,True
7700149320627,Calco Info moto Dyn RX Mp,1632000000,Integracion Nacional,203002,Integración Nacional,GRIS,CRUDO,UND,True
7700149364515,Disco Freno Tras XC15WX MP,1631000000,Ckd,203002,Ckd,GRIS,CRUDO,UND,True
7700149421805,Soporte Bateria RX Mp,1631000000,Ckd,203002,Ckd,GRIS,CRUDO,UND,True
7700149421812,Tijeras RX Mp,1631000000,Ckd,203002,Ckd,GRIS,CRUDO,UND,True
7700149421829,Buje Campa Tropi M17x27x35 Mp,1631000009,Partes Pequeñas,203002,Ckd,GRIS,CRUDO,UND,True
7700149421836,Eje Llanta Tras Mp,1631000009,Partes Pequeñas,203002,Ckd,GRIS,CRUDO,UND,True
7700149421850,Caja Velocimetro RX Mp,1631000000,Ckd,203002,Ckd,GRIS,CRUDO,UND,True
7700149421867,Control CBS RX Mp,1631000000,Ckd,203002,Ckd,GRIS,CRUDO,UND,True
7700149421874,Sistema Freno RX Mp,1631000000,Ckd,203002,Ckd,GRIS,CRUDO,UND,True
7700149421881,Disco Freno Del RX Mp,1631000000,Ckd,203002,Ckd,GRIS,CRUDO,UND,True
7700149421898,Pasacable Manguera Freno Mp,1631000009,Partes Pequeñas,203002,Ckd,GRIS,CRUDO,UND,True
7700149421911,Soporte Posapie Der RX Mp,1631000009,Partes Pequeñas,203002,Ckd,GRIS,CRUDO,UND,True
7700149421928,Velocimetro RX Mp,1631000000,Ckd,203002,Ckd,GRIS,CRUDO,UND,True
7700149421935,Caja Bateria RX Mp,1631000000,Ckd,203002,Ckd,GRIS,CRUDO,UND,True
7700149421942,Caucho Velocimetro RX Mp,1631000009,Partes Pequeñas,203002,Ckd,GRIS,CRUDO,UND,True
7700149421959,Protector Bateria Mp,1631000000,Ckd,203002,Ckd,GRIS,CRUDO,UND,True
7700149421966,Bobina Encendido A RX Mp,1631000009,Partes Pequeñas,203002,Ckd,GRIS,CRUDO,UND,True
7700149421973,Bobina Encendido B RX Mp,1631000009,Partes Pequeñas,203002,Ckd,GRIS,CRUDO,UND,True
7700149421980,Gato Central RX Mp,1631000000,Ckd,203002,Ckd,GRIS,CRUDO,UND,True
7700149421997,Eje Pasad Gato Centr M8x176 Mp,1631000009,Partes Pequeñas,203002,Ckd,GRIS,CRUDO,UND,True
7700149422000,Gato Laterl RX Mp,1631000000,Ckd,203002,Ckd,GRIS,CRUDO,UND,True
7700149422017,Cubierta Interna RX Mp,1631000000,Ckd,203002,Ckd,GRIS,CRUDO,UND,True
7700149422024,Cub Posapie Der RX Mp,1631000000,Ckd,203002,Ckd,GRIS,CRUDO,UND,True
7700149422031,Cub Posapie Izq RX Mp,1631000000,Ckd,203002,Ckd,GRIS,CRUDO,UND,True
7700149422048,Buje Recto Tropica M10x18x4 Mp,1631000009,Partes Pequeñas,203002,Ckd,GRIS,CRUDO,UND,True
7700149422055,Suspensión Del Der DYN RX Mp,1631000009,Partes Pequeñas,203002,Ckd,GRIS,CRUDO,UND,True
7700149422062,Cubierta Izq Conduct RX Mp,1631000000,Ckd,203002,Ckd,GRIS,CRUDO,UND,True
7700149422079,Soporte Posapie Izq RX Mp,1631000009,Partes Pequeñas,203002,Ckd,GRIS,CRUDO,UND,True
7700149422086,Ramal Electrico RX Mp,1631000000,Ckd,203002,Ckd,GRIS,CRUDO,UND,True
7700149422093,Caja Filtro RX Mp,1631000000,Ckd,203002,Ckd,GRIS,CRUDO,UND,True
7700149422109,Tanque Gasolina RX Mp,1631000000,Ckd,203002,Ckd,GRIS,CRUDO,UND,True
7700149422116,Valvula Cort Gasolina RX Mp,1631000000,Ckd,203002,Ckd,GRIS,CRUDO,UND,True
7700149422123,Cuello Tuberia Gas RX Mp,1631000000,Ckd,203002,Ckd,GRIS,CRUDO,UND,True
7700149422130,Clip Tuberia RX Mp,1631000009,Partes Pequeñas,203002,Ckd,GRIS,CRUDO,UND,True
7700149422147,Manguera Val Gases Mp,1631000009,Partes Pequeñas,203002,Ckd,GRIS,CRUDO,UND,True
7700149422154,Manguera Llenado Mp,1631000000,Ckd,203002,Ckd,GRIS,CRUDO,UND,True
7700149422161,Manguera Combustible Mp,1631000009,Partes Pequeñas,203002,Ckd,GRIS,CRUDO,UND,True
7700149422178,Guaya Acelerador RX Mp,1631000000,Ckd,203002,Ckd,GRIS,CRUDO,UND,True
7700149422185,Mofle RX Mp,1631000000,Ckd,203002,Ckd,GRIS,CRUDO,UND,True
7700149422192,Protector Mofle RX Mp,1631000000,Ckd,203002,Ckd,GRIS,CRUDO,UND,True
7700149422208,Pito RX Mp,1631000000,Ckd,203002,Ckd,GRIS,CRUDO,UND,True
7700149422215,Bateria RX Mp,1631000000,Ckd,203002,Ckd,GRIS,CRUDO,UND,True
7700149422222,Amortiguador trasero RX Mp,1631000000,Ckd,203002,Ckd,GRIS,CRUDO,UND,True
7700149422239,Cable Bateria RX Mp,1631000000,Ckd,203002,Ckd,GRIS,CRUDO,UND,True
7700149422246,Cable a Tierra Mp,1631000000,Ckd,203002,Ckd,GRIS,CRUDO,UND,True
7700149422253,Ensamble Farolas RX Mp,1631000000,Ckd,203002,Ckd,GRIS,CRUDO,UND,True
7700149422260,Direc Front Der RX Mp,1631000000,Ckd,203002,Ckd,GRIS,CRUDO,UND,True
7700149422277,Estacio Front Der RX Mp,1631000009,Partes Pequeñas,203002,Ckd,GRIS,CRUDO,UND,True
7700149422284,Direc Front Izq RX Mp,1631000000,Ckd,203002,Ckd,GRIS,CRUDO,UND,True
7700149422291,Estacio Front Izq RX Mp,1631000009,Partes Pequeñas,203002,Ckd,GRIS,CRUDO,UND,True
7700149422307,Stop RX Mp,1631000000,Ckd,203002,Ckd,GRIS,CRUDO,UND,True
7700149422314,Reflectivo Laterales RX Mp,1631000009,Partes Pequeñas,203002,Ckd,GRIS,CRUDO,UND,True
7700149422321,Reflectivo Derecho RX Mp,1631000009,Partes Pequeñas,203002,Ckd,GRIS,CRUDO,UND,True
7700149422338,Reflectivo Izquierdo RX Mp,1631000009,Partes Pequeñas,203002,Ckd,GRIS,CRUDO,UND,True
7700149422345,Suit Gato Laterl RX Mp,1631000000,Ckd,203002,Ckd,GRIS,CRUDO,UND,True
7700149422352,Bobina Encendido RX Mp,1631000000,Ckd,203002,Ckd,GRIS,CRUDO,UND,True
7700149422369,Torn Hex Arand Neg M5x14x8 Mp,1631000009,Partes Pequeñas,203002,Ckd,GRIS,CRUDO,UND,True
7700149422376,Suspensión Del Izq DYN RX Mp,1631000009,Partes Pequeñas,203002,Ckd,GRIS,CRUDO,UND,True
7700149422383,Antivibrante Mp,1631000009,Partes Pequeñas,203002,Ckd,GRIS,CRUDO,UND,True
7700149422390,Cubierta Lateral Izq RX Mp,1631000000,Ckd,203002,Ckd,GRIS,CRUDO,UND,True
7700149422437,Torn M8x45 Mp,1631000009,Partes Pequeñas,203002,Ckd,GRIS,CRUDO,UND,True
7700149422444,Eje M10x203x12 Neg Mp,1631000009,Partes Pequeñas,203002,Ckd,GRIS,CRUDO,UND,True
7700149422451,Tor Button Somb Ara M8x20x6 Mp,1631000009,Partes Pequeñas,203002,Ckd,GRIS,CRUDO,UND,True
7700149422475,Pasacable Guaya Acelerador Mp,1631000009,Partes Pequeñas,203002,Ckd,GRIS,CRUDO,UND,True
7700149422482,Cubierta Lateral Der RX Mp,1631000000,Ckd,203002,Ckd,GRIS,CRUDO,UND,True
7700149422499,Torn Hex Arand M5x14x8 Neg Mp,1631000009,Partes Pequeñas,203002,Ckd,GRIS,CRUDO,UND,True
7700149422505,Antivibrante Recto Mp,1631000009,Partes Pequeñas,203002,Ckd,GRIS,CRUDO,UND,True
7700149422512,Tor Somb Estr Buje Ng M6x16 Mp,1631000009,Partes Pequeñas,203002,Ckd,GRIS,CRUDO,UND,True
7700149422529,Chapeta Tropicalizada M5 Mp,1631000009,Partes Pequeñas,203002,Ckd,GRIS,CRUDO,UND,True
7700149422536,Tuerca Cupula Galvan M10x17 Mp,1631000009,Partes Pequeñas,203002,Ckd,GRIS,CRUDO,UND,True
7700149422543,Tuer Camp Segur M8x12 Gal Mp,1631000009,Partes Pequeñas,203002,Ckd,GRIS,CRUDO,UND,True
7700149422550,Torn Hex Arand M6x12x10 Neg Mp,1631000009,Partes Pequeñas,203002,Ckd,GRIS,CRUDO,UND,True
7700149422567,Torn Hex Arand Neg M6x16x10 Mp,1631000009,Partes Pequeñas,203002,Ckd,GRIS,CRUDO,UND,True
7700149422574,Tornillo Goloso Neg M5x16 Mp,1631000009,Partes Pequeñas,203002,Ckd,GRIS,CRUDO,UND,True
7700149422581,Arand Plana Galvan M8x18x1 Mp,1631000009,Partes Pequeñas,203002,Ckd,GRIS,CRUDO,UND,True
7700149422598,Arand Plana M6x18x1.5 Pavon Mp,1631000009,Partes Pequeñas,203002,Ckd,GRIS,CRUDO,UND,True
7700149422604,Torn Camp Cuel Pav M8x65x12 Mp,1631000009,Partes Pequeñas,203002,Ckd,GRIS,CRUDO,UND,True
7700149422611,Tornillo Campana Pavo M6x12 Mp,1631000009,Partes Pequeñas,203002,Ckd,GRIS,CRUDO,UND,True
7700149422628,Torn Camp Cuel Galv M6x45x8 Mp,1631000009,Partes Pequeñas,203002,Ckd,GRIS,CRUDO,UND,True
7700149422635,Torni Somb Estre M6x16 Neg Mp,1631000009,Partes Pequeñas,203002,Ckd,GRIS,CRUDO,UND,True
7700149422642,Cubierta piso RX Mp,1631000000,Ckd,203002,Ckd,GRIS,CRUDO,UND,True
7700149422659,Amortiguador tras izq RX Mp,1631000000,Ckd,203002,Ckd,GRIS,CRUDO,UND,True
7700149422666,Manubrio RX Mp,1631000000,Ckd,203002,Ckd,GRIS,CRUDO,UND,True
7700149422673,Cubierta velocimetro RX Mp,1631000000,Ckd,203002,Ckd,GRIS,CRUDO,UND,True
7700149422703,Cubierta Embrague Der Mp,1631000000,Ckd,203002,Ckd,GRIS,CRUDO,UND,True
7700149422710,Cubierta Embrague Izq Mp,1631000000,Ckd,203002,Ckd,GRIS,CRUDO,UND,True
7700149422734,Guardab Del Interno RX Mp,1631000000,Ckd,203002,Ckd,GRIS,CRUDO,UND,True
7700149422772,Antivibrante Rectangu M6x80 Mp,1631000009,Partes Pequeñas,203002,Ckd,GRIS,CRUDO,UND,True
7700149422789,Motor RX VIN Mp,1631000002,Materia Prima Motor,203002,Ckd,GRIS,CRUDO,UND,True
7700149422796,Seguro Asiento RX Mp,1631000009,Partes Pequeñas,203002,Ckd,GRIS,CRUDO,UND,True
7700149422802,Bisagra Asiento RX Mp,1631000000,Ckd,203002,Ckd,GRIS,CRUDO,UND,True
7700149422826,Seguro Chapa Sillin RX Mp,1631000000,Ckd,203002,Ckd,GRIS,CRUDO,UND,True
7700149422833,Cable Seguro Asiento RX Mp,1631000000,Ckd,203002,Ckd,GRIS,CRUDO,UND,True
7700149422840,Guardab Tras RX Mp,1631000000,Ckd,203002,Ckd,GRIS,CRUDO,UND,True
7700149422857,Guardab Tras Interno RX Mp,1631000000,Ckd,203002,Ckd,GRIS,CRUDO,UND,True
7700149422864,Guardabarro Tras RX Mp,1631000000,Ckd,203002,Ckd,GRIS,CRUDO,UND,True
7700149422871,Cubierta Central RX Mp,1631000000,Ckd,203002,Ckd,GRIS,CRUDO,UND,True
7700149422888,Caja Front Int RX Mp,1631000000,Ckd,203002,Ckd,GRIS,CRUDO,UND,True
7700149422895,Gaveta RX Mp,1631000000,Ckd,203002,Ckd,GRIS,CRUDO,UND,True
7700149422918,Cubierta Int Guardab Del RX Mp,1631000000,Ckd,203002,Ckd,GRIS,CRUDO,UND,True
7700149426930,Abraz Motor RX Mp,1631000000,Ckd,203002,Ckd,GRIS,CRUDO,UND,True
7700149426947,Juego Llaves RX Mp,1631000000,Ckd,203002,Ckd,GRIS,CRUDO,UND,True
7700149426954,Comando Izquierdo RX Mp,1631000000,Ckd,203002,Ckd,GRIS,CRUDO,UND,True
7700149426961,Soporte Velocimetro RX Mp,1631000000,Ckd,203002,Ckd,GRIS,CRUDO,UND,True
7700149426985,Platina Panel Inf  Tras Mp,1631000000,Ckd,203002,Ckd,GRIS,CRUDO,UND,True
7700149426992,Pasacable Plastico Mp,1631000009,Partes Pequeñas,203002,Ckd,GRIS,CRUDO,UND,True
7700149427005,Soporte Switch Mag Mp,1631000000,Ckd,203002,Ckd,GRIS,CRUDO,UND,True
7700149427012,Torni Pesli Guia Galv M6x16 Mp,1631000009,Partes Pequeñas,203002,Ckd,GRIS,CRUDO,UND,True
7700149427029,Soporte Regulador RX Mp,1631000009,Partes Pequeñas,203002,Ckd,GRIS,CRUDO,UND,True
7700149427036,Platina Soporte Caja Scaner Mp,1631000009,Partes Pequeñas,203002,Ckd,GRIS,CRUDO,UND,True
7700149427043,Horquilla Inferior RX Mp,1631000000,Ckd,203002,Ckd,GRIS,CRUDO,UND,True
7700149427050,Cubierta Inf Del RX Mp,1631000000,Ckd,203002,Ckd,GRIS,CRUDO,UND,True
7700149427081,Platina Panel Inf Mp,1631000000,Ckd,203002,Ckd,GRIS,CRUDO,UND,True
7700149440516,Calco Castrol automatico Mp,1632000000,Integracion Nacional,203002,Integración Nacional,GRIS,CRUDO,UND,True
7700149440530,Emblema Manubrio AKT Dyn RX Mp,1632000000,Integracion Nacional,203002,Integración Nacional,GRIS,CRUDO,UND,True
7700149440554,Calco EFI Negro generico Mp,1632000000,Integracion Nacional,203002,Integración Nacional,GRIS,CRUDO,UND,True
7700149440561,Calco CBS Negro generico Mp,1632000000,Integracion Nacional,203002,Integración Nacional,GRIS,CRUDO,UND,True
7700149440578,Calco Rin DYN RX Mp,1632000000,Integracion Nacional,203002,Integración Nacional,GRIS,CRUDO,UND,True
7700149475761,Emblema AKT Frontal Mp,1632000000,Integracion Nacional,203002,Integración Nacional,GRIS,CRUDO,UND,True
7700149492843,Emblema Der DYN RX V2 Mp,1632000000,Integracion Nacional,203002,Integración Nacional,GRIS,CRUDO,UND,True
7700149492850,Emblema Izq DYN RX V2 Mp,1632000000,Integracion Nacional,203002,Integración Nacional,GRIS,CRUDO,UND,True
7700149546171,Manual CBS Dyn RX 3*1 Mp,1632000000,Integracion Nacional,203002,Integración Nacional,GRIS,CRUDO,UND,True
7700149608145,Rueda Del Especial DYN RX Mp,1631000000,Ckd,203002,Ckd,GRIS,CRUDO,UND,True
7700149608152,Rueda Tras Especial DYN RX Mp,1631000000,Ckd,203002,Ckd,GRIS,CRUDO,UND,True
7700149692618,Calco Lat Der AKT DYN RX Mp,1632000000,Integracion Nacional,203002,Integración Nacional,GRIS,CRUDO,UND,True
7700149692625,Calco Lat Izq AKT DYN RX Mp,1632000000,Integracion Nacional,203002,Integración Nacional,GRIS,CRUDO,UND,True
7701023225731,60P Abraz Inf Manubrio J5 Mp,1631000000,Ckd,203002,Ckd,GRIS,CRUDO,UND,True
7701023225748,60P Abraz Sup Manubrio J5 Mp,1631000000,Ckd,203002,Ckd,GRIS,CRUDO,UND,True
7701023395052,60P Carretel Aceler 125SC-R Mp,1631000009,Partes Pequeñas,203002,Ckd,GRIS,CRUDO,UND,True
7701023418287,60G Flasher Direcc 125SC-R Mp,1631000000,Ckd,203002,Ckd,GRIS,CRUDO,UND,True
7701023418447,60P Manilar Izq Naked 125PROMp,1631000000,Ckd,203002,Ckd,GRIS,CRUDO,UND,True
7701023418546,Tapón Carenaje Cent 125SC Mp,1631000009,Partes Pequeñas,203002,Ckd,GRIS,CRUDO,UND,True
7701023418621,Soporte Guantera Pechera Mp,1631000009,Partes Pequeñas,203002,Ckd,GRIS,CRUDO,UND,True
7701023418690,Tor Button Aran M6x14x5 Gal Mp,1631000009,Partes Pequeñas,203002,Ckd,GRIS,CRUDO,UND,True
7701023562935,Abrazade Desfogue Motor SC Mp,1631000009,Partes Pequeñas,203002,Ckd,GRIS,CRUDO,UND,True
7701023563048,Empaque Mofle 125SC Mp,1631000009,Partes Pequeñas,203002,Ckd,GRIS,CRUDO,UND,True
7701023563185,Tie-Rap 300MM Mp,1631000009,Partes Pequeñas,203002,Ckd,GRIS,CRUDO,UND,True
7701023563253,60P Luz Placa 125SC Mp,1631000000,Ckd,203002,Ckd,GRIS,CRUDO,UND,True
7701023563260,Reflectivo Trasero 125SC Mp,1631000009,Partes Pequeñas,203002,Ckd,GRIS,CRUDO,UND,True
7701023563352,Tuer Camp Estr Tropi M6x10 Mp,1631000009,Partes Pequeñas,203002,Ckd,GRIS,CRUDO,UND,True
7701023563369,30P Relay Arranque 125SC Mp,1631000000,Ckd,203002,Ckd,GRIS,CRUDO,UND,True
7701023563468,Eje Llan Del M12x255x14 Neg Mp,1631000009,Partes Pequeñas,203002,Ckd,GRIS,CRUDO,UND,True
7701023563567,Tuer Direc Tropic M24x32x8 Mp,1631000009,Partes Pequeñas,203002,Ckd,GRIS,CRUDO,UND,True
7701023563635,Caucho Gato Central Mp,1631000009,Partes Pequeñas,203002,Ckd,GRIS,CRUDO,UND,True
7701023563864,Antivibrante Cuadrado Peq Mp,1631000009,Partes Pequeñas,203002,Ckd,GRIS,CRUDO,UND,True
7701023564038,Caucho Gancho Carenag 125SC Mp,1631000009,Partes Pequeñas,203002,Ckd,GRIS,CRUDO,UND,True
7701023564120,60P Set Herramienta 125J4 Mp,1631000000,Ckd,203002,Ckd,GRIS,CRUDO,UND,True
7701023564151,Tor Cam Cuell Neg M10x50x14 Mp,1631000009,Partes Pequeñas,203002,Ckd,GRIS,CRUDO,UND,True
7701023564342,Chapeta China Tropica 125SC Mp,1631000009,Partes Pequeñas,203002,Ckd,GRIS,CRUDO,UND,True
7701023564472,Torni Conic Estre Neg M5x18 Mp,1631000009,Partes Pequeñas,203002,Ckd,GRIS,CRUDO,UND,True
7701023564588,Arandela Plan Neg M8x18x2 Mp,1631000009,Partes Pequeñas,203002,Ckd,GRIS,CRUDO,UND,True
7701023564618,Arandela Pres Neg M8x13x2 Mp,1631000009,Partes Pequeñas,203002,Ckd,GRIS,CRUDO,UND,True
7701023564670,Tornillo Camp M6x12x10 Neg Mp,1631000009,Partes Pequeñas,203002,Ckd,GRIS,CRUDO,UND,True
7701023582926,Tuerca Cupula Negro M8x12 Mp,1631000009,Partes Pequeñas,203002,Ckd,GRIS,CRUDO,UND,True
7701023583909,Tor Gol Punt Plan M5x16 Neg Mp,1631000009,Partes Pequeñas,203002,Ckd,GRIS,CRUDO,UND,True
7701023583916,Tor Gol Punt Plan M5x12 Pav Mp,1631000009,Partes Pequeñas,203002,Ckd,GRIS,CRUDO,UND,True
7701023735452,Calco Akt Guardab Tras Mp,1632000000,Integracion Nacional,203002,Integración Nacional,GRIS,CRUDO,UND,True
7705946160797,Buje Camp Tropical M18x35x7 Mp,1631000009,Partes Pequeñas,203002,Ckd,GRIS,CRUDO,UND,True
7705946160803,Buje Campana Neg M12x25x12 Mp,1631000009,Partes Pequeñas,203002,Ckd,GRIS,CRUDO,UND,True
7705946160810,Buj Rec Manu Trop M10x21x9 Mp,1631000009,Partes Pequeñas,203002,Ckd,GRIS,CRUDO,UND,True
7705946160865,Tuerca Camp Seg M10x14 Neg Mp,1631000009,Partes Pequeñas,203002,Ckd,GRIS,CRUDO,UND,True
7705946160872,Tue Hex Seg M16x24x11 Neg Mp,1631000009,Partes Pequeñas,203002,Ckd,GRIS,CRUDO,UND,True
7705946160889,Tuerca Camp Segu Neg M12x17 Mp,1631000009,Partes Pequeñas,203002,Ckd,GRIS,CRUDO,UND,True
7705946160902,Tuerca Hexag M8x14x6 Neg Mp,1631000009,Partes Pequeñas,203002,Ckd,GRIS,CRUDO,UND,True
7705946160919,Tuerca Campa Neg M6x10x6 Mp,1631000009,Partes Pequeñas,203002,Ckd,GRIS,CRUDO,UND,True
7705946160933,Platina Pasacable Velocime Mp,1631000009,Partes Pequeñas,203002,Ckd,GRIS,CRUDO,UND,True
7705946160940,Eje Pasad Motor M10x191x12 Mp,1631000009,Partes Pequeñas,203002,Ckd,GRIS,CRUDO,UND,True
7705946161053,Tornillo Soke M6x16 Galvani Mp,1631000009,Partes Pequeñas,203002,Ckd,GRIS,CRUDO,UND,True
7705946161060,Tornillos Soke M6x28 Galva Mp,1631000009,Partes Pequeñas,203002,Ckd,GRIS,CRUDO,UND,True
7705946161084,Tornillo Soke M8x20 Galva Mp,1631000009,Partes Pequeñas,203002,Ckd,GRIS,CRUDO,UND,True
7705946161114,Torn Camp M6x16x10 Neg Mp,1631000009,Partes Pequeñas,203002,Ckd,GRIS,CRUDO,UND,True
7705946161121,Tornillo Camp M8x12x12 Neg Mp,1631000009,Partes Pequeñas,203002,Ckd,GRIS,CRUDO,UND,True
7705946161152,Tor Hex Aran M6x16x10 Galv Mp,1631000009,Partes Pequeñas,203002,Ckd,GRIS,CRUDO,UND,True
7705946161190,Resorte Gato Cent SC-R PRO Mp,1631000009,Partes Pequeñas,203002,Ckd,GRIS,CRUDO,UND,True
7705946161220,Tor Cam Cue Neg M8x35x12 Mp,1631000009,Partes Pequeñas,203002,Ckd,GRIS,CRUDO,UND,True
7705946161244,Tor Cam Cue M8x40x12Pav Mp,1631000009,Partes Pequeñas,203002,Ckd,GRIS,CRUDO,UND,True
7705946161251,Tornillo Hex M8x70 SC-R PRO Mp,1631000009,Partes Pequeñas,203002,Ckd,GRIS,CRUDO,UND,True
7705946161268,Tor Cam Cue Loc M8x65x12 Ng Mp,1631000009,Partes Pequeñas,203002,Ckd,GRIS,CRUDO,UND,True
7705946161282,Canastilla Superior SC Mp,1631000009,Partes Pequeñas,203002,Ckd,GRIS,CRUDO,UND,True
7705946161299,Canastilla Inferior SC Mp,1631000009,Partes Pequeñas,203002,Ckd,GRIS,CRUDO,UND,True
7705946161305,Tuerca Castillo Mp,1631000009,Partes Pequeñas,203002,Ckd,GRIS,CRUDO,UND,True
7705946161329,Tor Cam Buje M6x14.5x10Pav Mp,1631000009,Partes Pequeñas,203002,Ckd,GRIS,CRUDO,UND,True
7705946161381,60P Balancead Manub 125 PRO Mp,1631000000,Ckd,203002,Ckd,GRIS,CRUDO,UND,True
7705946161428,Caucho Piso Mp,1631000009,Partes Pequeñas,203002,Ckd,GRIS,CRUDO,UND,True
7705946161480,60P Cable Veloc 125SC-R PRO Mp,1631000000,Ckd,203002,Ckd,GRIS,CRUDO,UND,True
7705946161527,10P Horqu sup manub 125 PRO Mp,1631000000,Ckd,203002,Ckd,GRIS,CRUDO,UND,True
7705946450263,Pasacable Freno Delantero Mp,1631000009,Partes Pequeñas,203002,Ckd,GRIS,CRUDO,UND,True
7705946612012,Tor Butt SombrBuje M8x25 Mp,1631000009,Partes Pequeñas,203002,Ckd,GRIS,CRUDO,UND,True
7705946612029,Tor Cam Cue Loct M8x40x12 Mp,1631000009,Partes Pequeñas,203002,Ckd,GRIS,CRUDO,UND,True
7705946612050,Valvula Rin SC-R Mp,1631000009,Partes Pequeñas,203002,Ckd,GRIS,CRUDO,UND,True
7705946795043,Tor Golo Punt Plan 4x12 Neg Mp,1631000009,Partes Pequeñas,203002,Ckd,GRIS,CRUDO,UND,True
7705946795050,Tornillo Gol 4.2x12 Pav Neg Mp,1631000009,Partes Pequeñas,203002,Ckd,GRIS,CRUDO,UND,True
7705946918879,Pasacable Metali Corto 2X70 Mp,1631000009,Partes Pequeñas,203002,Ckd,GRIS,CRUDO,UND,True
7700149049610,Protector Central CR4 V2 Mp,1632000000,Integracion Nacional,203002,Integración Nacional,GRIS NEGRO,CRUDO,UND,True
7700149081641,50G Desliza Cadena AK200CR3 Mp,1631000000,Ckd,203002,Ckd,GRIS NEGRO,CRUDO,UND,True
7700149081658,10G Posa Del Izq Cto 200CR3 Mp,1631000000,Ckd,203002,Ckd,GRIS NEGRO,CRUDO,UND,True
7700149081665,10G Posa Del Der Cto 200CR3 Mp,1631000000,Ckd,203002,Ckd,GRIS NEGRO,CRUDO,UND,True
7700149081672,35G Cubta PosaTraIzq 200CR3 Mp,1631000000,Ckd,203002,Ckd,GRIS NEGRO,CRUDO,UND,True
7700149081689,35G Cubta PosaTraDer CR200 Mp,1631000000,Ckd,203002,Ckd,GRIS NEGRO,CRUDO,UND,True
7700149081696,Posapie Tras Izq AK200CR3 Mp,1631000000,Ckd,203002,Ckd,GRIS NEGRO,CRUDO,UND,True
7700149081702,Posapie Tras Der AK200CR3 Mp,1631000000,Ckd,203002,Ckd,GRIS NEGRO,CRUDO,UND,True
7700149081719,Cable Clutch AK200CR3 Mp,1631000000,Ckd,203002,Ckd,GRIS NEGRO,CRUDO,UND,True
7700149081726,30P Agarr Tras Der 200CR3 Mp,1631000000,Ckd,203002,Ckd,GRIS NEGRO,CRUDO,UND,True
7700149081788,55P Cubta Guard Tras CR200 Mp,1631000000,Ckd,203002,Ckd,GRIS NEGRO,CRUDO,UND,True
7700149081795,Guardab Tras Int AK200CR3 Mp,1631000000,Ckd,203002,Ckd,GRIS NEGRO,CRUDO,UND,True
7700149081801,Tapa Lat Izq Sup 200CR3 Mp,1631000000,Ckd,203002,Ckd,GRIS NEGRO,CRUDO,UND,True
7700149081825,Tapa Lat Der Sup 200CR3 Mp,1631000000,Ckd,203002,Ckd,GRIS NEGRO,CRUDO,UND,True
7700149081832,30P Agarr Tras Izq 200CR3 Mp,1631000000,Ckd,203002,Ckd,GRIS NEGRO,CRUDO,UND,True
7700149081849,Farola AK200CR3 Mp,1631000000,Ckd,203002,Ckd,GRIS NEGRO,CRUDO,UND,True
7700149081856,15P Carburador AK200CR3 Mp,1631000000,Ckd,203002,Ckd,GRIS NEGRO,CRUDO,UND,True
7700149081870,55G Cable Aceler AK200CR3 Mp,1631000000,Ckd,203002,Ckd,GRIS NEGRO,CRUDO,UND,True
7700149081887,Caja filtro Cta AK200CR3 Mp,1631000000,Ckd,203002,Ckd,GRIS NEGRO,CRUDO,UND,True
7700149081894,Filtro Gas-Aceite AK200CR3 Mp,1631000009,Partes Pequeñas,203002,Ckd,GRIS NEGRO,CRUDO,UND,True
7700149081900,66P Soprt FiltrGasAceit CR3 Mp,1631000000,Ckd,203002,Ckd,GRIS NEGRO,CRUDO,UND,True
7700149081917,55P Conector Carb AK200CR3 MP,1631000000,Ckd,203002,Ckd,GRIS NEGRO,CRUDO,UND,True
7700149081931,10P Cadena 428HDx128 CR200 Mp,1631000000,Ckd,203002,Ckd,GRIS NEGRO,CRUDO,UND,True
7700149081948,Tapon Tijera AK200CR3 Mp,1631000009,Partes Pequeñas,203002,Ckd,GRIS NEGRO,CRUDO,UND,True
7700149081955,Pedal Freno AK200CR3 MP,1631000000,Ckd,203002,Ckd,GRIS NEGRO,CRUDO,UND,True
7700149081962,Clip Fijacion AK200CR3 Mp,1631000000,Ckd,203002,Ckd,GRIS NEGRO,CRUDO,UND,True
7700149081986,Stop AK200CR3 Mp,1631000000,Ckd,203002,Ckd,GRIS NEGRO,CRUDO,UND,True
7700149082013,55G Luz Led AK200CR3 Mp,1631000000,Ckd,203002,Ckd,GRIS NEGRO,CRUDO,UND,True
7700149082020,55G Luz Led 2 AK200CR3 Mp,1631000000,Ckd,203002,Ckd,GRIS NEGRO,CRUDO,UND,True
7700149082037,55P Soport Veloc CR200 Mp,1631000000,Ckd,203002,Ckd,GRIS NEGRO,CRUDO,UND,True
7700149082044,40G Sensor Gasol AK200CR3 Mp,1631000000,Ckd,203002,Ckd,GRIS NEGRO,CRUDO,UND,True
7700149082051,55P Luz Led Izq AK200CR3 Mp,1631000000,Ckd,203002,Ckd,GRIS NEGRO,CRUDO,UND,True
7700149082068,55P Luz Led Der AK200CR3 Mp,1631000000,Ckd,203002,Ckd,GRIS NEGRO,CRUDO,UND,True
7700149082105,Eje 12x213 AK200CR3 Mp,1631000009,Partes Pequeñas,203002,Ckd,GRIS NEGRO,CRUDO,UND,True
7700149082129,Torn Cross ST 4.2x13 200CR3 Mp,1631000009,Partes Pequeñas,203002,Ckd,GRIS NEGRO,CRUDO,UND,True
7700149082136,Tuerca Hex M12 AK200CR3 Mp,1631000009,Partes Pequeñas,203002,Ckd,GRIS NEGRO,CRUDO,UND,True
7700149082143,Tuer Hex M10x1.25 AK200CR3 Mp,1631000009,Partes Pequeñas,203002,Ckd,GRIS NEGRO,CRUDO,UND,True
7700149082150,Tuer Hex M12x1.25 AK200CR3 Mp,1631000009,Partes Pequeñas,203002,Ckd,GRIS NEGRO,CRUDO,UND,True
7700149082167,Tuer Hex M14x1.5 AK200CR3 Mp,1631000009,Partes Pequeñas,203002,Ckd,GRIS NEGRO,CRUDO,UND,True
7700149082174,Arandela Plana M10 AK200CR3 Mp,1631000009,Partes Pequeñas,203002,Ckd,GRIS NEGRO,CRUDO,UND,True
7700149082181,Manguera Gasol 260 AK200CR3 Mp,1631000009,Partes Pequeñas,203002,Ckd,GRIS NEGRO,CRUDO,UND,True
7700149082198,Buje 15x21.5 AK200CR3 Mp,1631000009,Partes Pequeñas,203002,Ckd,GRIS NEGRO,CRUDO,UND,True
7700149082204,Buje 15x14 AK200CR3 Mp,1631000009,Partes Pequeñas,203002,Ckd,GRIS NEGRO,CRUDO,UND,True
7700149082228,Eje 17x102 AK200CR3 Mp,1631000009,Partes Pequeñas,203002,Ckd,GRIS NEGRO,CRUDO,UND,True
7700149082235,Torn M6x20 AK200CR3 Mp,1631000009,Partes Pequeñas,203002,Ckd,GRIS NEGRO,CRUDO,UND,True
7700149082242,Eje 15x272 AK200CR3 Mp,1631000009,Partes Pequeñas,203002,Ckd,GRIS NEGRO,CRUDO,UND,True
7700149082259,Eje 16x316 AK200CR3 Mp,1631000009,Partes Pequeñas,203002,Ckd,GRIS NEGRO,CRUDO,UND,True
7700149082266,Eje 16x291 AK200CR3 Mp,1631000009,Partes Pequeñas,203002,Ckd,GRIS NEGRO,CRUDO,UND,True
7700149082273,Correa 110 AK200CR3 Mp,1631000009,Partes Pequeñas,203002,Ckd,GRIS NEGRO,CRUDO,UND,True
7700149082280,Abrazadera AK200CR3 Mp,1631000009,Partes Pequeñas,203002,Ckd,GRIS NEGRO,CRUDO,UND,True
7700149082310,Tijera Cta AK200CR3 Mp,1631000000,Ckd,203002,Ckd,GRIS NEGRO,CRUDO,UND,True
7700149082358,14G Guardab Tras AK200CR3 Mp,1631000000,Ckd,203002,Ckd,GRIS NEGRO,CRUDO,UND,True
7700149082372,Cubierta Tras Izq AK200CR3 Mp,1631000000,Ckd,203002,Ckd,GRIS NEGRO,CRUDO,UND,True
7700149082396,Cubierta Tras Der AK200CR3 Mp,1631000000,Ckd,203002,Ckd,GRIS NEGRO,CRUDO,UND,True
7700149082419,Cubierta Trasera AK200CR3 Mp,1631000000,Ckd,203002,Ckd,GRIS NEGRO,CRUDO,UND,True
7700149082426,105P Tapa Tras Izq 200CR3 MP,1631000000,Ckd,203002,Ckd,GRIS NEGRO,CRUDO,UND,True
7700149082433,55P Tapa Tras Der 200CR3 MP,1631000000,Ckd,203002,Ckd,GRIS NEGRO,CRUDO,UND,True
7700149082440,50P Plati Guard Tras CR200 Mp,1631000000,Ckd,203002,Ckd,GRIS NEGRO,CRUDO,UND,True
7700149082457,50P Plati Guard Tras CR200 Mp,1631000000,Ckd,203002,Ckd,GRIS NEGRO,CRUDO,UND,True
7700149082464,Torn Cross M5x16 AK200CR3 Mp,1631000009,Partes Pequeñas,203002,Ckd,GRIS NEGRO,CRUDO,UND,True
7700149082471,Soport guardb Tras AK200CR3 Mp,1631000000,Ckd,203002,Ckd,GRIS NEGRO,CRUDO,UND,True
7700149082518,Tornillo M10x36 AK200CR3 Mp,1631000009,Partes Pequeñas,203002,Ckd,GRIS NEGRO,CRUDO,UND,True
7700149082525,Torn Hex J530 AK200CR3 Mp,1631000009,Partes Pequeñas,203002,Ckd,GRIS NEGRO,CRUDO,UND,True
7700149082532,Torn Hex M6x10 AK200CR3 Mp,1631000009,Partes Pequeñas,203002,Ckd,GRIS NEGRO,CRUDO,UND,True
7700149082549,Tor Hex M10x1.25x65 200CR3 Mp,1631000009,Partes Pequeñas,203002,Ckd,GRIS NEGRO,CRUDO,UND,True
7700149082556,Tor Hex M10x1.25x60 200CR3 Mp,1631000009,Partes Pequeñas,203002,Ckd,GRIS NEGRO,CRUDO,UND,True
7700149082563,Torn Hex M5x35 AK200CR3 Mp,1631000009,Partes Pequeñas,203002,Ckd,GRIS NEGRO,CRUDO,UND,True
7700149082570,Torn Hex M5x20 AK200CR3 Mp,1631000009,Partes Pequeñas,203002,Ckd,GRIS NEGRO,CRUDO,UND,True
7700149082587,Torn M5x15 AK200CR3 Mp,1631000009,Partes Pequeñas,203002,Ckd,GRIS NEGRO,CRUDO,UND,True
7700149082594,12G Plati Conex Guard Tras Mp,1631000009,Partes Pequeñas,203002,Ckd,GRIS NEGRO,CRUDO,UND,True
7700149122818,Calco Info moto 200CR4 Mp,1632000000,Integracion Nacional,203002,Integración Nacional,GRIS NEGRO,CRUDO,UND,True
7700149168670,Buje Tapa Lat Izq CR4 200 Mp,1632000000,Integracion Nacional,203002,Integración Nacional,GRIS NEGRO,CRUDO,UND,True
7700149234320,Tuer Hex Gato Later 200CR3 Mp,1631000009,Partes Pequeñas,203002,Ckd,GRIS NEGRO,CRUDO,UND,True
7700149234337,Mofle Cto AK200CR3 V2 Mp,1631000000,Ckd,203002,Ckd,GRIS NEGRO,CRUDO,UND,True
7700149255011,Bobina Alta AK200CR3 Mp,1631000000,Ckd,203002,Ckd,GRIS NEGRO,CRUDO,UND,True
7700149265393,Cortaviento Der CR4 200 MP,1632000000,Integracion Nacional,203002,Integración Nacional,GRIS NEGRO,CRUDO,UND,True
7700149265409,Cortaviento Izq CR4 200 MP,1632000000,Integracion Nacional,203002,Integración Nacional,GRIS NEGRO,CRUDO,UND,True
7700149289917,Torn Hex Camp M8x40 Mp,1631000009,Partes Pequeñas,203002,Ckd,GRIS NEGRO,CRUDO,UND,True
7700149298834,Tuerca Hex Seguridad M8 Mp,1631000009,Partes Pequeñas,203002,Ckd,GRIS NEGRO,CRUDO,UND,True
7700149317405,Calco Aceite castrol Mp,1632000000,Integracion Nacional,203002,Integración Nacional,GRIS NEGRO,CRUDO,UND,True
7700149326261,Porta Sprocket 200CR3 Mp,1631000000,Ckd,203002,Ckd,GRIS NEGRO,CRUDO,UND,True
7700149327206,Sprocket Tras 200CR3 Mp,1631000000,Ckd,203002,Ckd,GRIS NEGRO,CRUDO,UND,True
7700149344418,Torn Hex M8X100 Gr 10.9 Mp,1631000009,Partes Pequeñas,203002,Ckd,GRIS NEGRO,CRUDO,UND,True
7700149387279,Sensor Chip ABS 500DS Mp,1631000000,Ckd,203002,Ckd,GRIS NEGRO,CRUDO,UND,True
7700149395663,Torn Hex M8x40 Mp,1631000009,Partes Pequeñas,203002,Ckd,GRIS NEGRO,CRUDO,UND,True
7700149395670,Tuerca Hex Torq M8 Mp,1631000009,Partes Pequeñas,203002,Ckd,GRIS NEGRO,CRUDO,UND,True
7700149400619,Calco Barras Dunlop Mp,1632000000,Integracion Nacional,203002,Integración Nacional,GRIS NEGRO,CRUDO,UND,True
7700149425063,Guia Cable M11 R410 Mp,1631000000,Ckd,203002,Ckd,GRIS NEGRO,CRUDO,UND,True
7700149441452,Abrazadera Mang 200CR3 ABS Mp,1631000009,Partes Pequeñas,203002,Ckd,GRIS NEGRO,CRUDO,UND,True
7700149441469,Buje 200CR3 ABS Mp,1631000009,Partes Pequeñas,203002,Ckd,GRIS NEGRO,CRUDO,UND,True
7700149441476,Amortiguadr Tras 200CR3 ABS Mp,1631000000,Ckd,203002,Ckd,GRIS NEGRO,CRUDO,UND,True
7700149441483,Suspension Der 200CR3 ABS Mp,1631000000,Ckd,203002,Ckd,GRIS NEGRO,CRUDO,UND,True
7700149441490,Soport Part Electr CR3 ABS Mp,1631000000,Ckd,203002,Ckd,GRIS NEGRO,CRUDO,UND,True
7700149441506,Piñon ABS 200CR3 Mp,1631000000,Ckd,203002,Ckd,GRIS NEGRO,CRUDO,UND,True
7700149441513,Instalador Sprte ABS 200CR3 Mp,1631000000,Ckd,203002,Ckd,GRIS NEGRO,CRUDO,UND,True
7700149441520,Calip Disc Fre Del CR3 ABS Mp,1631000000,Ckd,203002,Ckd,GRIS NEGRO,CRUDO,UND,True
7700149441568,Ramal Elect Aux 200CR3 ABS Mp,1631000000,Ckd,203002,Ckd,GRIS NEGRO,CRUDO,UND,True
7700149470643,Ducto RAC 200 MP,1632000000,Integracion Nacional,203002,Integración Nacional,GRIS NEGRO,CRUDO,UND,True
7700149526876,Cbta Decor Velocimt 125CR4 Mp,1631000000,Ckd,203002,Ckd,GRIS NEGRO,CRUDO,UND,True
7700149526890,Spte Velocimetro 150CR4 Mp,1631000000,Ckd,203002,Ckd,GRIS NEGRO,CRUDO,UND,True
7700149526920,Sistema Electr 200CR3 ABS Mp,1631000000,Ckd,203002,Ckd,GRIS NEGRO,CRUDO,UND,True
7700149526937,Pasacable Mang 200CR3 ABS Mp,1631000000,Ckd,203002,Ckd,GRIS NEGRO,CRUDO,UND,True
7700149535564,Velocimetro 200CR3 ABS V2 Mp,1631000000,Ckd,203002,Ckd,GRIS NEGRO,CRUDO,UND,True
7700149535571,Sistem Electr 200CR3 ABS V2 Mp,1631000000,Ckd,203002,Ckd,GRIS NEGRO,CRUDO,UND,True
7700149545754,Direcc Del Izq 200CR3 V2 Mp,1631000000,Ckd,203002,Ckd,GRIS NEGRO,CRUDO,UND,True
7700149545761,Direcc Tra Izq 200CR3 V2 Mp,1631000000,Ckd,203002,Ckd,GRIS NEGRO,CRUDO,UND,True
7700149545778,Direcc Del Der 200CR3 V2 Mp,1631000000,Ckd,203002,Ckd,GRIS NEGRO,CRUDO,UND,True
7700149545785,Direcc Tra Der 200CR3 V2 Mp,1631000000,Ckd,203002,Ckd,GRIS NEGRO,CRUDO,UND,True
7700149545792,Kit Switch AK200CR3 V2 Mp,1631000000,Ckd,203002,Ckd,GRIS NEGRO,CRUDO,UND,True
7700149545808,Motor AK200CR3 ABS V2 VIN Mp,1631000002,Materia Prima Motor,203002,Ckd,GRIS NEGRO,CRUDO,UND,True
7700149546072,Manual ABS CR4 200 3*1 Mp,1632000000,Integracion Nacional,203002,Integración Nacional,GRIS NEGRO,CRUDO,UND,True
7700149600217,Calco ABS Der CR4200 MP,1632000000,Integracion Nacional,203002,Integración Nacional,GRIS NEGRO,CRUDO,UND,True
7700149600224,Calco ABS Izq CR4200 MP,1632000000,Integracion Nacional,203002,Integración Nacional,GRIS NEGRO,CRUDO,UND,True
7700149600231,Calco Rin  CR4 200 V2 Mp,1632000000,Integracion Nacional,203002,Integración Nacional,GRIS NEGRO,CRUDO,UND,True
7700149600248,Calco Tapa Tanq Der  CR4200 MP,1632000000,Integracion Nacional,203002,Integración Nacional,GRIS NEGRO,CRUDO,UND,True
7700149600255,Calco Tapa Tanq Izq  CR4200 MP,1632000000,Integracion Nacional,203002,Integración Nacional,GRIS NEGRO,CRUDO,UND,True
7700149600262,Calco Tanque Der  CR4200 MP,1632000000,Integracion Nacional,203002,Integración Nacional,GRIS NEGRO,CRUDO,UND,True
7700149600279,Calco Tanque Izq  CR4200 MP,1632000000,Integracion Nacional,203002,Integración Nacional,GRIS NEGRO,CRUDO,UND,True
7700149600286,Calco Cola 2 Izq CR4200 MP,1632000000,Integracion Nacional,203002,Integración Nacional,GRIS NEGRO,CRUDO,UND,True
7700149600293,Calco Cola 2 Der CR4200 MP,1632000000,Integracion Nacional,203002,Integración Nacional,GRIS NEGRO,CRUDO,UND,True
7700149600309,Calco Cola 1 Izq CR4200 MP,1632000000,Integracion Nacional,203002,Integración Nacional,GRIS NEGRO,CRUDO,UND,True
7700149600316,Calco Cola 1 Der CR4200 MP,1632000000,Integracion Nacional,203002,Integración Nacional,GRIS NEGRO,CRUDO,UND,True
7700149608121,Emblema Der CR4 200 MP,1632000000,Integracion Nacional,203002,Integración Nacional,GRIS NEGRO,CRUDO,UND,True
7700149608138,Emblema Izq CR4 200 MP,1632000000,Integracion Nacional,203002,Integración Nacional,GRIS NEGRO,CRUDO,UND,True
7700149611169,Rueda Del  Espe 200CR4 Mp,1631000000,Ckd,203002,Ckd,GRIS NEGRO,CRUDO,UND,True
7700149611176,Rueda Tras Espe 200CR4 Mp ,1631000000,Ckd,203002,Ckd,GRIS NEGRO,CRUDO,UND,True
7701023034722,Buje campana M6x18x1 Galv Mp,1631000009,Partes Pequeñas,203002,Ckd,GRIS NEGRO,CRUDO,UND,True
7701023034784,Buj Rec Tij Later M16x33x20 Mp,1631000009,Partes Pequeñas,203002,Ckd,GRIS NEGRO,CRUDO,UND,True
7701023034791,Buje #e2 CR5 Mp,1631000009,Partes Pequeñas,203002,Ckd,GRIS NEGRO,CRUDO,UND,True
7701023034975,55P Soprte Motor SupIzq CR5 MP,1631000000,Ckd,203002,Ckd,GRIS NEGRO,CRUDO,UND,True
7701023034999,55P Soprte Motor SupDer CR5 MP,1631000000,Ckd,203002,Ckd,GRIS NEGRO,CRUDO,UND,True
7701023035132,Tornillo Tarr ST4.2×16 Pav Mp,1631000009,Partes Pequeñas,203002,Ckd,GRIS NEGRO,CRUDO,UND,True
7701023035156,Chapeta M6 Zinc Mp,1631000009,Partes Pequeñas,203002,Ckd,GRIS NEGRO,CRUDO,UND,True
7701023043373,Clip Valvu Gases CR5-TTX Mp,1631000009,Partes Pequeñas,203002,Ckd,GRIS NEGRO,CRUDO,UND,True
7701023100199,Calco Nota Embrague DS-TTR Mp,1631000000,Ckd,203002,Ckd,GRIS NEGRO,CRUDO,UND,True
7701023100359,Torn som Hex M5*16 Inox Mp,1631000009,Partes Pequeñas,203002,Ckd,GRIS NEGRO,CRUDO,UND,True
7701023100380,Tornillo Soke 125R3 Mp,1631000009,Partes Pequeñas,203002,Ckd,GRIS NEGRO,CRUDO,UND,True
7701023157179,Manubrio CR4 MP,1632000000,Integracion Nacional,203002,Integración Nacional,GRIS NEGRO,CRUDO,UND,True
7701023176811,Suspension Izq Cta R3 MP,1631000000,Ckd,203002,Ckd,GRIS NEGRO,CRUDO,UND,True
7701023177139,45P Leva Clutch Cta R3 MP,1631000000,Ckd,203002,Ckd,GRIS NEGRO,CRUDO,UND,True
7701023177214,15P Disco Freno Delant R3 MP,1631000000,Ckd,203002,Ckd,GRIS NEGRO,CRUDO,UND,True
7701023177252,105P Reflec Guardab Tras R3 MP,1631000000,Ckd,203002,Ckd,GRIS NEGRO,CRUDO,UND,True
7701023177290,133P Balinera # 42515 R3 MP,1631000000,Ckd,203002,Ckd,GRIS NEGRO,CRUDO,UND,True
7701023177382,133P Media Luna Gato R3 MP,1631000000,Ckd,203002,Ckd,GRIS NEGRO,CRUDO,UND,True
7701023177443,66P Cable Seguro Sillin R3 MP,1631000000,Ckd,203002,Ckd,GRIS NEGRO,CRUDO,UND,True
7701023177474,66P Cable Choke R3 MP,1631000000,Ckd,203002,Ckd,GRIS NEGRO,CRUDO,UND,True
7701023177481,Pedal Cambios R3 MP,1631000000,Ckd,203002,Ckd,GRIS NEGRO,CRUDO,UND,True
7701023177498,Flaser LED R3 MP,1631000000,Ckd,203002,Ckd,GRIS NEGRO,CRUDO,UND,True
7701023177535,30P Set Herramienta R3 MP,1631000000,Ckd,203002,Ckd,GRIS NEGRO,CRUDO,UND,True
7701023177559,45G Comando Izquierdo R3 MP,1631000000,Ckd,203002,Ckd,GRIS NEGRO,CRUDO,UND,True
7701023177603,66P Platina Pito R3 MP,1631000000,Ckd,203002,Ckd,GRIS NEGRO,CRUDO,UND,True
7701023177610,66P Platina Válvu Gases R3 MP,1631000000,Ckd,203002,Ckd,GRIS NEGRO,CRUDO,UND,True
7701023178129,66P Pltina Tapa Lateral Der MP,1631000000,Ckd,203002,Ckd,GRIS NEGRO,CRUDO,UND,True
7701023178143,66P Guia Sup Mangu Freno R3 MP,1631000000,Ckd,203002,Ckd,GRIS NEGRO,CRUDO,UND,True
7701023178150,133P Guia SisteEléctrico R3 MP,1631000000,Ckd,203002,Ckd,GRIS NEGRO,CRUDO,UND,True
7701023178167,66P Platina Tapa Lateral IzqMP,1631000000,Ckd,203002,Ckd,GRIS NEGRO,CRUDO,UND,True
7701023178211,66P Guia Ramal Comandos R3 MP,1631000000,Ckd,203002,Ckd,GRIS NEGRO,CRUDO,UND,True
7701023235129,Ajuste Caucho somb tanq R3 Mp,1631000009,Partes Pequeñas,203002,Ckd,GRIS NEGRO,CRUDO,UND,True
7701023235136,Aran Pres M8x13x2 Galv Mp,1631000009,Partes Pequeñas,203002,Ckd,GRIS NEGRO,CRUDO,UND,True
7701023235174,Arandela 4.3 Mp,1631000009,Partes Pequeñas,203002,Ckd,GRIS NEGRO,CRUDO,UND,True
7701023235303,Aran Plana Pavonada M6x12x1 Mp,1631000009,Partes Pequeñas,203002,Ckd,GRIS NEGRO,CRUDO,UND,True
7701023235327,Aran Plan M6x18x1.5 Galv Mp,1631000009,Partes Pequeñas,203002,Ckd,GRIS NEGRO,CRUDO,UND,True
7701023235334,60P Arandela Direc TTR-BR Mp,1631000000,Ckd,203002,Ckd,GRIS NEGRO,CRUDO,UND,True
7701023235372,Aran Plan M8x16x2 Galv Mp,1631000009,Partes Pequeñas,203002,Ckd,GRIS NEGRO,CRUDO,UND,True
7701023235419,Arandela M6.5*25*2 Mp,1631000009,Partes Pequeñas,203002,Ckd,GRIS NEGRO,CRUDO,UND,True
7701023235464,Buj Tras Izq 15x28x31 R3 Mp,1631000009,Partes Pequeñas,203002,Ckd,GRIS NEGRO,CRUDO,UND,True
7701023235488,Buje Camp Galvani M6x18x10 Mp,1631000009,Partes Pequeñas,203002,Ckd,GRIS NEGRO,CRUDO,UND,True
7701023235501,Buje camp M13*23*17 Galv R3 Mp,1631000009,Partes Pequeñas,203002,Ckd,GRIS NEGRO,CRUDO,UND,True
7701023235518,Buje camp M13*23*34 Galv R3 Mp,1631000009,Partes Pequeñas,203002,Ckd,GRIS NEGRO,CRUDO,UND,True
7701023235525,Buje tanq 10x6x22 R3 Mp,1631000009,Partes Pequeñas,203002,Ckd,GRIS NEGRO,CRUDO,UND,True
7701023235532,Buje Rued 23x12x16 DI R3 Mp,1631000009,Partes Pequeñas,203002,Ckd,GRIS NEGRO,CRUDO,UND,True
7701023235600,Caucho Ajuste Tanque R3 Mp,1631000009,Partes Pequeñas,203002,Ckd,GRIS NEGRO,CRUDO,UND,True
7701023235624,Cau camp 10*18*6 CR4 Mp,1631000009,Partes Pequeñas,203002,Ckd,GRIS NEGRO,CRUDO,UND,True
7701023235631,Caucho Del Tanque R3 Mp,1631000009,Partes Pequeñas,203002,Ckd,GRIS NEGRO,CRUDO,UND,True
7701023235648,Cauc Doble Ranurad M9x19x10 Mp,1631000009,Partes Pequeñas,203002,Ckd,GRIS NEGRO,CRUDO,UND,True
7701023235655,Caucho gato central Mp,1631000009,Partes Pequeñas,203002,Ckd,GRIS NEGRO,CRUDO,UND,True
7701023235662,Cauc dob oval M12*27*10 Mp,1631000009,Partes Pequeñas,203002,Ckd,GRIS NEGRO,CRUDO,UND,True
7701023235693,Caucho Tapon Mp,1631000009,Partes Pequeñas,203002,Ckd,GRIS NEGRO,CRUDO,UND,True
7701023235709,Cau ranu oval 18*21*10 Mp,1631000009,Partes Pequeñas,203002,Ckd,GRIS NEGRO,CRUDO,UND,True
7701023235716,Chapeta M5 Galvanizada Mp,1631000009,Partes Pequeñas,203002,Ckd,GRIS NEGRO,CRUDO,UND,True
7701023235730,Correa Bateria R3 MP,1631000009,Partes Pequeñas,203002,Ckd,GRIS NEGRO,CRUDO,UND,True
7701023235754,Correa Bateria Cr4 Mp,1631000009,Partes Pequeñas,203002,Ckd,GRIS NEGRO,CRUDO,UND,True
7701023235761,Correa Plastica 230 R3 MP,1631000009,Partes Pequeñas,203002,Ckd,GRIS NEGRO,CRUDO,UND,True
7701023235860,Arand Plan M17x28x2 Galv Mp,1631000009,Partes Pequeñas,203002,Ckd,GRIS NEGRO,CRUDO,UND,True
7701023235891,65P Guia Mangue Freno R3 Mp,1631000000,Ckd,203002,Ckd,GRIS NEGRO,CRUDO,UND,True
7701023235938,Mang 11×16×370 R3 Mp,1631000009,Partes Pequeñas,203002,Ckd,GRIS NEGRO,CRUDO,UND,True
7701023235945,Mang 4×8×355 R3 Mp,1631000009,Partes Pequeñas,203002,Ckd,GRIS NEGRO,CRUDO,UND,True
7701023236072,Abraza MetaliC Verde M14x12 Mp,1631000009,Partes Pequeñas,203002,Ckd,GRIS NEGRO,CRUDO,UND,True
7701023236096,Resorte 110×12.5×2.5×145 R3 Mp,1631000009,Partes Pequeñas,203002,Ckd,GRIS NEGRO,CRUDO,UND,True
7701023236102,Resorte 95×16.5×20.5×3.2 R3 Mp,1631000009,Partes Pequeñas,203002,Ckd,GRIS NEGRO,CRUDO,UND,True
7701023236140,Torn Buj Soke M8×25 R3 Pav Mp,1631000009,Partes Pequeñas,203002,Ckd,GRIS NEGRO,CRUDO,UND,True
7701023236164,Torn lujo M5x15 R3 Mp,1631000009,Partes Pequeñas,203002,Ckd,GRIS NEGRO,CRUDO,UND,True
7701023236218,Torn Camp Buj M6x12x10 Mp,1631000009,Partes Pequeñas,203002,Ckd,GRIS NEGRO,CRUDO,UND,True
7701023236454,Tornillo Camp M6×16 Zinc Mp,1631000009,Partes Pequeñas,203002,Ckd,GRIS NEGRO,CRUDO,UND,True
7701023236508,Tornillo Camp M6×35 Zinc Mp,1631000009,Partes Pequeñas,203002,Ckd,GRIS NEGRO,CRUDO,UND,True
7701023236607,Tor Camp M8x16x10 Galv Mp,1631000009,Partes Pequeñas,203002,Ckd,GRIS NEGRO,CRUDO,UND,True
7701023236621,Torn Camp M8x20x10 Galv Mp,1631000009,Partes Pequeñas,203002,Ckd,GRIS NEGRO,CRUDO,UND,True
7701023236645,Tor Camp M8x25x10 Galv Mp,1631000009,Partes Pequeñas,203002,Ckd,GRIS NEGRO,CRUDO,UND,True
7701023236669,Torn som hex M5*15 Inox Mp,1631000009,Partes Pequeñas,203002,Ckd,GRIS NEGRO,CRUDO,UND,True
7701023236676,Torn Som M5×35 Inox MP,1631000009,Partes Pequeñas,203002,Ckd,GRIS NEGRO,CRUDO,UND,True
7701023236683,Torn som hex M5*12 Inox Mp,1631000009,Partes Pequeñas,203002,Ckd,GRIS NEGRO,CRUDO,UND,True
7701023236737,TorniCamp M8x35x10 Galv Mp,1631000009,Partes Pequeñas,203002,Ckd,GRIS NEGRO,CRUDO,UND,True
7701023236775,Torni Est M5x12 Zinc Mp,1631000009,Partes Pequeñas,203002,Ckd,GRIS NEGRO,CRUDO,UND,True
7701023236928,Tornillo Motor M6x20 AKT Mp,1631000009,Partes Pequeñas,203002,Ckd,GRIS NEGRO,CRUDO,UND,True
7701023237055,Torn Soke M8×16 Zinc Mp,1631000009,Partes Pequeñas,203002,Ckd,GRIS NEGRO,CRUDO,UND,True
7701023237192,Tuerca 03530-08125 Mp,1631000009,Partes Pequeñas,203002,Ckd,GRIS NEGRO,CRUDO,UND,True
7701023237246,Tuer Camp Estri M6x10 Pav Mp,1631000009,Partes Pequeñas,203002,Ckd,GRIS NEGRO,CRUDO,UND,True
7701023237291,Tuerca Cup M8x25 Pav Mp,1631000009,Partes Pequeñas,203002,Ckd,GRIS NEGRO,CRUDO,UND,True
7701023237307,Tuerca Campana Galv M8x13 Mp,1631000009,Partes Pequeñas,203002,Ckd,GRIS NEGRO,CRUDO,UND,True
7701023237314,Tuerca Eje Rueda M8 Mp,1631000009,Partes Pequeñas,203002,Ckd,GRIS NEGRO,CRUDO,UND,True
7701023237352,Tuerca Hex M5 Mp,1631000009,Partes Pequeñas,203002,Ckd,GRIS NEGRO,CRUDO,UND,True
7701023237376,Tuer Camp Estr M6x10 Gal Mp,1631000009,Partes Pequeñas,203002,Ckd,GRIS NEGRO,CRUDO,UND,True
7701023237390,Tuer Hex M6x10 Galva Mp,1631000009,Partes Pequeñas,203002,Ckd,GRIS NEGRO,CRUDO,UND,True
7701023237413,Tuer Hex M8x12 Galvanizad Mp,1631000009,Partes Pequeñas,203002,Ckd,GRIS NEGRO,CRUDO,UND,True
7701023237994,Torn Camp M6x12x8 Galv Mp,1631000009,Partes Pequeñas,203002,Ckd,GRIS NEGRO,CRUDO,UND,True
7701023238038,Torni Campa M6x16x10 Pavona Mp,1631000009,Partes Pequeñas,203002,Ckd,GRIS NEGRO,CRUDO,UND,True
7701023238199,Chapeta M6 Zinc Mp,1631000009,Partes Pequeñas,203002,Ckd,GRIS NEGRO,CRUDO,UND,True
7701023238304,Cauc Doble M8x16x8 Mp,1631000009,Partes Pequeñas,203002,Ckd,GRIS NEGRO,CRUDO,UND,True
7701023238311,266P Correa Ajuste R3 Mp,1631000009,Partes Pequeñas,203002,Ckd,GRIS NEGRO,CRUDO,UND,True
7701023379328,Relay Arranque 180XM Mp,1631000000,Ckd,203002,Ckd,GRIS NEGRO,CRUDO,UND,True
7701023379854,Retenedores De Tijera Mp,1631000009,Partes Pequeñas,203002,Ckd,GRIS NEGRO,CRUDO,UND,True
7701023380300,108P Reflectivo 110NV Mp,1631000000,Ckd,203002,Ckd,GRIS NEGRO,CRUDO,UND,True
7701023384025,Empaq Tubo Valvula Mp,1631000009,Partes Pequeñas,203002,Ckd,GRIS NEGRO,CRUDO,UND,True
7701023384049,Empaque Mofle BR Mp,1631000009,Partes Pequeñas,203002,Ckd,GRIS NEGRO,CRUDO,UND,True
7701023411288,Tapon Antivibra Porta Placa Mp,1631000009,Partes Pequeñas,203002,Ckd,GRIS NEGRO,CRUDO,UND,True
7701023411332,Aran Presión M6x11 Galv Mp,1631000009,Partes Pequeñas,203002,Ckd,GRIS NEGRO,CRUDO,UND,True
7701023411615,Cal Tensi Cadena DS-TTR-CR4 Mp,1631000009,Partes Pequeñas,203002,Ckd,GRIS NEGRO,CRUDO,UND,True
7701023411905,Abrazade Galvanizada M15x2 Mp,1631000009,Partes Pequeñas,203002,Ckd,GRIS NEGRO,CRUDO,UND,True
7701023412063,Abrazadera Galvanizad M9x11 Mp,1631000009,Partes Pequeñas,203002,Ckd,GRIS NEGRO,CRUDO,UND,True
7701023412087,Abrazadera Galvaniza M7x1Mp,1631000009,Partes Pequeñas,203002,Ckd,GRIS NEGRO,CRUDO,UND,True
7705946030861,Gato Lateral CR4 MP,1632000000,Integracion Nacional,203002,Integración Nacional,GRIS NEGRO,CRUDO,UND,True
7705946250092,50P Pito 125 BR V2 Mp,1631000000,Ckd,203002,Ckd,GRIS NEGRO,CRUDO,UND,True
7705946261593,15P Disco Freno Tras CR200 Mp,1631000000,Ckd,203002,Ckd,GRIS NEGRO,CRUDO,UND,True
7705946261838,66G Luz Placa 125 CR4 Mp,1631000000,Ckd,203002,Ckd,GRIS NEGRO,CRUDO,UND,True
7705946261913,133P Abraza Manubrio 125 R4 Mp,1631000000,Ckd,203002,Ckd,GRIS NEGRO,CRUDO,UND,True
7705946261920,60P Tuerca Direc BR-CR5 Mp,1631000000,Ckd,203002,Ckd,GRIS NEGRO,CRUDO,UND,True
7705946261937,66P Contra Tuerca 125 R4 Mp,1631000000,Ckd,203002,Ckd,GRIS NEGRO,CRUDO,UND,True
7705946261951,66P Guardap Direc 125 R4 Mp,1631000000,Ckd,203002,Ckd,GRIS NEGRO,CRUDO,UND,True
7705946262002,120P Torni Abraza manub CR4 Mp,1631000000,Ckd,203002,Ckd,GRIS NEGRO,CRUDO,UND,True
7705946262019,80G Manilar Izq 125 CR4 Mp,1631000000,Ckd,203002,Ckd,GRIS NEGRO,CRUDO,UND,True
7705946262026,80G Manilar DerCarret 125CR4Mp,1631000000,Ckd,203002,Ckd,GRIS NEGRO,CRUDO,UND,True
7705946262248,Mang Recta Desfogue Tanque Mp,1631000009,Partes Pequeñas,203002,Ckd,GRIS NEGRO,CRUDO,UND,True
7705946262255,16P Horquilla Sup 125 CR4 Mp,1631000000,Ckd,203002,Ckd,GRIS NEGRO,CRUDO,UND,True
7705946262262,6P HorquI Inferior 125 CR4 Mp,1631000000,Ckd,203002,Ckd,GRIS NEGRO,CRUDO,UND,True
7705946333597,Aran plan Gal M10*1.5*21 Mp,1631000009,Partes Pequeñas,203002,Ckd,GRIS NEGRO,CRUDO,UND,True
7705946392884,45G Comando Der 200CR5-CR4 MP,1631000000,Ckd,203002,Ckd,GRIS NEGRO,CRUDO,UND,True
7705946392914,52G Regula 200TTX-R-CR5 AHO Mp,1631000000,Ckd,203002,Ckd,GRIS NEGRO,CRUDO,UND,True
7705946440257,Arandela 125CR4 Mp,1631000009,Partes Pequeñas,203002,Ckd,GRIS NEGRO,CRUDO,UND,True
7705946575584,45P Tensor de Cadena CR4 Mp,1631000000,Ckd,203002,Ckd,GRIS NEGRO,CRUDO,UND,True
7705946575775,Guardapolvo Guaya De Clucth Mp,1631000009,Partes Pequeñas,203002,Ckd,GRIS NEGRO,CRUDO,UND,True
7705946630436,Gato Central CR4 MP,1632000000,Integracion Nacional,203002,Integración Nacional,GRIS NEGRO,CRUDO,UND,True
7705946715843,Tapa manubrio Logo CR4 MP,1632000000,Integracion Nacional,203002,Integración Nacional,GRIS NEGRO,CRUDO,UND,True
7705946729260,55P Unidad Electro CDI CR4 MP,1631000000,Ckd,203002,Ckd,GRIS NEGRO,CRUDO,UND,True
7705946729307,Resor Pedal Freno 162CR4 Mp,1631000009,Partes Pequeñas,203002,Ckd,GRIS NEGRO,CRUDO,UND,True
7705946729314,66P PlatFrenoDiscTras CR200 Mp,1631000000,Ckd,203002,Ckd,GRIS NEGRO,CRUDO,UND,True
7705946729321,5G Freno Tras Cto 162CR4 Mp,1631000000,Ckd,203002,Ckd,GRIS NEGRO,CRUDO,UND,True
7705946729338,24G Soprte Motor Del 162CR4 Mp,1631000000,Ckd,203002,Ckd,GRIS NEGRO,CRUDO,UND,True
7705946729390,Pin Pres Acei 2.5*38 CR4 Mp,1631000009,Partes Pequeñas,203002,Ckd,GRIS NEGRO,CRUDO,UND,True
7705946729406,Torn Motor M10x115 CR4 Mp,1631000009,Partes Pequeñas,203002,Ckd,GRIS NEGRO,CRUDO,UND,True
7705946729413,Torn Motor M8x90 CR4 Mp,1631000009,Partes Pequeñas,203002,Ckd,GRIS NEGRO,CRUDO,UND,True
7705946729420,Torn Motor M8x75 CR4 Mp,1631000009,Partes Pequeñas,203002,Ckd,GRIS NEGRO,CRUDO,UND,True
7705946729437,Torn Motor M8x80 CR4 Mp,1631000009,Partes Pequeñas,203002,Ckd,GRIS NEGRO,CRUDO,UND,True
7705946729444,Tor cue camp Galv M12x55x12 Mp,1631000009,Partes Pequeñas,203002,Ckd,GRIS NEGRO,CRUDO,UND,True
7705946729451,Tor cue camp Galv M12x60x12 Mp,1631000009,Partes Pequeñas,203002,Ckd,GRIS NEGRO,CRUDO,UND,True
7705946751858,Tornillo Camp M6×25 Zinc Mp,1631000009,Partes Pequeñas,203002,Ckd,GRIS NEGRO,CRUDO,UND,True
7705946753678,Guardacadena Guardab CR4 MP,1632000000,Integracion Nacional,203002,Integración Nacional,GRIS NEGRO,CRUDO,UND,True
7705946774420,Tie Rap 250R3 Mp,1631000009,Partes Pequeñas,203002,Ckd,GRIS NEGRO,CRUDO,UND,True
7705946809047,133P Llave Gasolina CR4 Mp,1631000000,Ckd,203002,Ckd,GRIS NEGRO,CRUDO,UND,True
7705946809054,66P Valvul InyeccGas CR4 V3 Mp,1631000000,Ckd,203002,Ckd,GRIS NEGRO,CRUDO,UND,True
7705946811446,55P Cubier Guard Izq AK200 Mp,1631000000,Ckd,203002,Ckd,GRIS NEGRO,CRUDO,UND,True
7705946811453,55P Cubier Guard Der AK200 Mp,1631000000,Ckd,203002,Ckd,GRIS NEGRO,CRUDO,UND,True
7705946811460,Soporte Placa AK200 Mp,1631000009,Partes Pequeñas,203002,Ckd,GRIS NEGRO,CRUDO,UND,True
7705946811941,Torni Campa Galvan M6x25x8 Mp,1631000009,Partes Pequeñas,203002,Ckd,GRIS NEGRO,CRUDO,UND,True
7705946812054,Tuerca Hex M10 AK200 Mp,1631000009,Partes Pequeñas,203002,Ckd,GRIS NEGRO,CRUDO,UND,True
7705946838375,105P Conec Valvu gas CR4 V2 Mp,1631000000,Ckd,203002,Ckd,GRIS NEGRO,CRUDO,UND,True
7705946838405,Mang 9×15×86 CR4 Mp,1631000009,Partes Pequeñas,203002,Ckd,GRIS NEGRO,CRUDO,UND,True
7705946838412,Cubta Quilla Izq CR4 Mp,1631000000,Ckd,203002,Ckd,GRIS NEGRO,CRUDO,UND,True
7705946838429,Cubta Quilla Der CR4 Mp,1631000000,Ckd,203002,Ckd,GRIS NEGRO,CRUDO,UND,True
7705946838436,Cubta Quilla Frontal CR4 Mp,1631000000,Ckd,203002,Ckd,GRIS NEGRO,CRUDO,UND,True
7705946838443,55P Platina Quilla CR4 Izq Mp,1631000000,Ckd,203002,Ckd,GRIS NEGRO,CRUDO,UND,True
7705946838450,55P Platina Quilla CR4 Der Mp,1631000000,Ckd,203002,Ckd,GRIS NEGRO,CRUDO,UND,True
7705946887038,Defensa 200CR4 Mp,1632000000,Integracion Nacional,203002,Integración Nacional,GRIS NEGRO,CRUDO,UND,True
7705946915311,49P Balanc Manubri 162 CR4 Mp,1631000000,Ckd,203002,Ckd,GRIS NEGRO,CRUDO,UND,True
7705946948067,10G Cubie Farola CR200 EIII Mp,1631000000,Ckd,203002,Ckd,GRIS NEGRO,CRUDO,UND,True
7705946948081,Cub Int Tanq Der AK200CR3 Mp,1631000000,Ckd,203002,Ckd,GRIS NEGRO,CRUDO,UND,True
7705946948111,Cub Int Tanq Izq AK200CR3 Mp,1631000000,Ckd,203002,Ckd,GRIS NEGRO,CRUDO,UND,True
7705946979184,Bateria Gel  12V/7AH CR4 Mp,1631000000,Ckd,203002,Ckd,GRIS NEGRO,CRUDO,UND,True
7705946979221,Sticker Prote Carcasa Motor Mp,1631000000,Ckd,203002,Ckd,GRIS NEGRO,CRUDO,UND,True
7705946987622,Tor Hex Socket M6x12-6.8 DS Mp,1631000009,Partes Pequeñas,203002,Ckd,GRIS NEGRO,CRUDO,UND,True
7705946988230,Pin Plastico Doble Mp,1631000009,Partes Pequeñas,203002,Ckd,GRIS NEGRO,CRUDO,UND,True
7700149009324,Filtro De Aceite Mp,1631000009,Partes Pequeñas,203002,Ckd,GRIS,CRUDO,UND,True
7700149009430,Filtro Aire 250CR4 Mp,1631000000,Ckd,203002,Ckd,GRIS,CRUDO,UND,True
7700149144681,Tapa Tornillo Manubr Ds Mp,1631000009,Partes Pequeñas,203002,Ckd,GRIS,CRUDO,UND,True
7700149196833,Orring De Herramienta Mp,1631000009,Partes Pequeñas,203002,Ckd,GRIS,CRUDO,UND,True
7700149197038,Mang Desfogue Tanq M7x550 Mp,1631000009,Partes Pequeñas,203002,Ckd,GRIS,CRUDO,UND,True
7700149197465,Cauc Doble Ranurado M8x18x8 Mp,1631000009,Partes Pequeñas,203002,Ckd,GRIS,CRUDO,UND,True
7700149197717,Torn cam cuel M8x45x10 Galv Mp,1631000009,Partes Pequeñas,203002,Ckd,GRIS,CRUDO,UND,True
7700149212557,Spte Bomba Combust 300Rally Mp,1631000000,Ckd,203002,Ckd,GRIS,CRUDO,UND,True
7700149212885,Buje Campa Galvan M6x18x10 Mp,1631000009,Partes Pequeñas,203002,Ckd,GRIS,CRUDO,UND,True
7700149213264,Abrazadera G126 8MM Rally Mp,1631000009,Partes Pequeñas,203002,Ckd,GRIS,CRUDO,UND,True
7700149213325,Pasacable De Ramal Mp,1631000009,Partes Pequeñas,203002,Ckd,GRIS,CRUDO,UND,True
7700149213745,Tuerca Campana Galvan M5x8 Mp,1631000009,Partes Pequeñas,203002,Ckd,GRIS,CRUDO,UND,True
7700149213875,Tornillo Soke Galva M8x30x6 Mp,1631000009,Partes Pequeñas,203002,Ckd,GRIS,CRUDO,UND,True
7700149292757,Tuerca Campana Galvan M8x13 Mp,1631000009,Partes Pequeñas,203002,Ckd,GRIS,CRUDO,UND,True
7700149320610,Calco Info moto 250R Mp,1632000000,Integracion Nacional,203002,Integración Nacional,GRIS,CRUDO,UND,True
7700149342438,Guaya Acelerador 250CR4 Mp,1631000000,Ckd,203002,Ckd,GRIS,CRUDO,UND,True
7700149342445,Pasacab Guaya Cable Acelera Mp,1631000009,Partes Pequeñas,203002,Ckd,GRIS,CRUDO,UND,True
7700149342452,Torn Camp Cue Galv M8x90x12 Mp,1631000009,Partes Pequeñas,203002,Ckd,GRIS,CRUDO,UND,True
7700149342469,Tor Camp Cue Gal M10x115x13 Mp,1631000009,Partes Pequeñas,203002,Ckd,GRIS,CRUDO,UND,True
7700149342476,Kit Switch 250CR4 Mp,1631000000,Ckd,203002,Ckd,GRIS,CRUDO,UND,True
7700149342483,Horquilla Inferior 250CR4 Mp,1631000000,Ckd,203002,Ckd,GRIS,CRUDO,UND,True
7700149342506,Amortiguadr Tras Izq 250CR4 Mp,1631000000,Ckd,203002,Ckd,GRIS,CRUDO,UND,True
7700149342513,Plat Soporte Asiento 250CR4 Mp,1631000000,Ckd,203002,Ckd,GRIS,CRUDO,UND,True
7700149342520,Asiento Delantero 250CR4 Mp,1631000000,Ckd,203002,Ckd,GRIS,CRUDO,UND,True
7700149342568,Kit Herramientas 250CR4 Mp,1631000000,Ckd,203002,Ckd,GRIS,CRUDO,UND,True
7700149342575,Tanque Combustible 250CR4 Mp,1631000000,Ckd,203002,Ckd,GRIS,CRUDO,UND,True
7700149342599,ECU AK250CR4 Mp,1631000000,Ckd,203002,Ckd,GRIS,CRUDO,UND,True
7700149342605,Sensor Oxigeno 250CR4 Mp,1631000000,Ckd,203002,Ckd,GRIS,CRUDO,UND,True
7700149342612,Cuerpo Acelerador 250CR4 Mp,1631000000,Ckd,203002,Ckd,GRIS,CRUDO,UND,True
7700149342629,Inyector Combustible 250CR4 Mp,1631000000,Ckd,203002,Ckd,GRIS,CRUDO,UND,True
7700149342636,Empaque Inyector 250CR4 Mp,1631000000,Ckd,203002,Ckd,GRIS,CRUDO,UND,True
7700149342643,Caucho Filtro Combustible Mp,1631000009,Partes Pequeñas,203002,Ckd,GRIS,CRUDO,UND,True
7700149342650,EVAP 250CR4 Mp,1631000000,Ckd,203002,Ckd,GRIS,CRUDO,UND,True
7700149342667,Conector Caja Filtro 250CR4 Mp,1631000000,Ckd,203002,Ckd,GRIS,CRUDO,UND,True
7700149342674,Vaquela Mp,1631000009,Partes Pequeñas,203002,Ckd,GRIS,CRUDO,UND,True
7700149342681,Cadena AK250CR4 Mp,1631000000,Ckd,203002,Ckd,GRIS,CRUDO,UND,True
7700149342698,Guarda Cadena 250CR4 Mp,1631000000,Ckd,203002,Ckd,GRIS,CRUDO,UND,True
7700149342728,Velocimetro Dig 250CR4 Mp,1631000000,Ckd,203002,Ckd,GRIS,CRUDO,UND,True
7700149342735,Abrasadera Galvanizada 15Mm Mp,1631000009,Partes Pequeñas,203002,Ckd,GRIS,CRUDO,UND,True
7700149342742,Abrasadera Galvanizada 10Mm Mp,1631000009,Partes Pequeñas,203002,Ckd,GRIS,CRUDO,UND,True
7700149342759,Abrasadera Galvanizada 17Mm Mp,1631000009,Partes Pequeñas,203002,Ckd,GRIS,CRUDO,UND,True
7700149342773,Antivibrante De Porta Placa Mp,1631000009,Partes Pequeñas,203002,Ckd,GRIS,CRUDO,UND,True
7700149342780,Platina Radiador 250CR4 Mp,1631000000,Ckd,203002,Ckd,GRIS,CRUDO,UND,True
7700149342797,Horquilla Superior 250CR4 Mp,1631000000,Ckd,203002,Ckd,GRIS,CRUDO,UND,True
7700149342803,Radiador Compl 250CR4 Mp,1631000000,Ckd,203002,Ckd,GRIS,CRUDO,UND,True
7700149342827,Mofle Compl 250CR4 Mp,1631000000,Ckd,203002,Ckd,GRIS,CRUDO,UND,True
7700149342834,Bateria 12V/7Ah 250CR4 Mp,1631000000,Ckd,203002,Ckd,GRIS,CRUDO,UND,True
7700149342841,Ramal Principal 250CR4 Mp,1631000000,Ckd,203002,Ckd,GRIS,CRUDO,UND,True
7700149342865,Trompo Freno Tras 250CR4 Mp,1631000000,Ckd,203002,Ckd,GRIS,CRUDO,UND,True
7700149342872,Platina Bobina Alta 250CR4 Mp,1631000000,Ckd,203002,Ckd,GRIS,CRUDO,UND,True
7700149342889,Sprocket Cto 250CR4 Mp,1631000000,Ckd,203002,Ckd,GRIS,CRUDO,UND,True
7700149342896,Pedal Freno Tras 250CR4 Mp,1631000000,Ckd,203002,Ckd,GRIS,CRUDO,UND,True
7700149342902,Suspension Del Der 250CR4 Mp,1631000000,Ckd,203002,Ckd,GRIS,CRUDO,UND,True
7700149342919,Posapies Del Izq 250CR4 Mp,1631000000,Ckd,203002,Ckd,GRIS,CRUDO,UND,True
7700149342926,Posapies Del Der 250CR4 Mp,1631000000,Ckd,203002,Ckd,GRIS,CRUDO,UND,True
7700149342933,Posapies Tras Izq 250CR4 Mp,1631000000,Ckd,203002,Ckd,GRIS,CRUDO,UND,True
7700149342940,Posapies Tras Der 250CR4 Mp,1631000000,Ckd,203002,Ckd,GRIS,CRUDO,UND,True
7700149342971,Cable Asiento 250CR4 Mp,1631000000,Ckd,203002,Ckd,GRIS,CRUDO,UND,True
7700149342988,Agarradera Tras Izq 250CR4 Mp,1631000000,Ckd,203002,Ckd,GRIS,CRUDO,UND,True
7700149342995,Agarradera Tras Der 250CR4 Mp,1631000000,Ckd,203002,Ckd,GRIS,CRUDO,UND,True
7700149343008,Leva Clutch 250CR4 Mp,1631000000,Ckd,203002,Ckd,GRIS,CRUDO,UND,True
7700149343015,Torni Estrella Peque M5x8 Mp,1631000009,Partes Pequeñas,203002,Ckd,GRIS,CRUDO,UND,True
7700149343022,Brida Cadena 250CR4 Mp,1631000009,Partes Pequeñas,203002,Ckd,GRIS,CRUDO,UND,True
7700149343046,Guaya Clutch 250CR4 Mp,1631000000,Ckd,203002,Ckd,GRIS,CRUDO,UND,True
7700149343053,Guaya Asiento 250CR4 Mp,1631000000,Ckd,203002,Ckd,GRIS,CRUDO,UND,True
7700149343060,Cub Quilla Der 250CR4 Mp,1631000000,Ckd,203002,Ckd,GRIS,CRUDO,UND,True
7700149343077,Sopor Pechera Cent 250CR4 Mp,1631000000,Ckd,203002,Ckd,GRIS,CRUDO,UND,True
7700149343084,Sopor Peche Izq Del 250CR4 Mp,1631000000,Ckd,203002,Ckd,GRIS,CRUDO,UND,True
7700149343091,Sopor Peche Izq Tra 250CR4 Mp,1631000000,Ckd,203002,Ckd,GRIS,CRUDO,UND,True
7700149343107,Plat Der Inf Cub Motor CR4 Mp,1631000000,Ckd,203002,Ckd,GRIS,CRUDO,UND,True
7700149343121,Calc Advert Tanq Gas 250CR4 Mp,1631000000,Ckd,203002,Ckd,GRIS,CRUDO,UND,True
7700149343145,Platina Regulador 250CR4 Mp,1631000000,Ckd,203002,Ckd,GRIS,CRUDO,UND,True
7700149343152,Tor Som Hex Buj Ga Lu M6x12 Mp,1631000009,Partes Pequeñas,203002,Ckd,GRIS,CRUDO,UND,True
7700149343169,Platina Caj Fusible 250CR4 Mp,1631000000,Ckd,203002,Ckd,GRIS,CRUDO,UND,True
7700149343183,Buje Camp Galva M6.5x18x5.5 Mp,1631000009,Partes Pequeñas,203002,Ckd,GRIS,CRUDO,UND,True
7700149343190,Mangue Gasolin En Z M7x14 Mp,1631000009,Partes Pequeñas,203002,Ckd,GRIS,CRUDO,UND,True
7700149343206,Mangue Gasolin En L M7x14 Mp,1631000009,Partes Pequeñas,203002,Ckd,GRIS,CRUDO,UND,True
7700149343213,Buje Campa Galvani M6x18x4 Mp,1631000009,Partes Pequeñas,203002,Ckd,GRIS,CRUDO,UND,True
7700149343220,Buj Rec Gal Pesta M15x30x25 Mp,1631000009,Partes Pequeñas,203002,Ckd,GRIS,CRUDO,UND,True
7700149343237,Cauc Doble Ranura M13x26x9 Mp,1631000009,Partes Pequeñas,203002,Ckd,GRIS,CRUDO,UND,True
7700149343244,Correa De Bateria Mp,1631000009,Partes Pequeñas,203002,Ckd,GRIS,CRUDO,UND,True
7700149343251,Tie-Rap Largo 250Mm Mp,1631000009,Partes Pequeñas,203002,Ckd,GRIS,CRUDO,UND,True
7700149343268,Tie Rap 200 Mm Mp,1631000009,Partes Pequeñas,203002,Ckd,GRIS,CRUDO,UND,True
7700149343275,Pasacable Bobina 250CR4 Mp,1631000009,Partes Pequeñas,203002,Ckd,GRIS,CRUDO,UND,True
7700149343282,Abrazadera Ramal 250CR4 Mp,1631000009,Partes Pequeñas,203002,Ckd,GRIS,CRUDO,UND,True
7700149343299,Calc Cadena AK250CR4 Mp,1631000000,Ckd,203002,Ckd,GRIS,CRUDO,UND,True
7700149343305,Disco Freno Tras 250CR4 Mp,1631000000,Ckd,203002,Ckd,GRIS,CRUDO,UND,True
7700149343329,Caja Bateria 250CR4 Mp,1631000000,Ckd,203002,Ckd,GRIS,CRUDO,UND,True
7700149343336,Comando Izq 250CR4 Mp,1631000000,Ckd,203002,Ckd,GRIS,CRUDO,UND,True
7700149343343,Comando Der 250CR4 Mp,1631000000,Ckd,203002,Ckd,GRIS,CRUDO,UND,True
7700149343350,Ramal Secundario 250CR4 Mp,1631000000,Ckd,203002,Ckd,GRIS,CRUDO,UND,True
7700149343367,Caja Fusibles 250CR4 Mp,1631000000,Ckd,203002,Ckd,GRIS,CRUDO,UND,True
7700149343374,Conexi Rapida Mangue Gasoli Mp,1631000009,Partes Pequeñas,203002,Ckd,GRIS,CRUDO,UND,True
7700149343398,Sensor Combustible 250CR4 Mp,1631000000,Ckd,203002,Ckd,GRIS,CRUDO,UND,True
7700149343411,Disco Freno Del 250CR4 Mp,1631000000,Ckd,203002,Ckd,GRIS,CRUDO,UND,True
7700149343435,Tensor Cadena Izq 250CR4 Mp,1631000000,Ckd,203002,Ckd,GRIS,CRUDO,UND,True
7700149343459,Abrazadera Manubrio 250CR4 Mp,1631000009,Partes Pequeñas,203002,Ckd,GRIS,CRUDO,UND,True
7700149343466,Pasacable Freno Delantero Mp,1631000009,Partes Pequeñas,203002,Ckd,GRIS,CRUDO,UND,True
7700149343497,Caliper Tras 250CR4 Mp,1631000000,Ckd,203002,Ckd,GRIS,CRUDO,UND,True
7700149343503,Plat Depos Liquido Frenos Mp,1631000000,Ckd,203002,Ckd,GRIS,CRUDO,UND,True
7700149343534,Platina Soport ECU 250CR4 Mp,1631000000,Ckd,203002,Ckd,GRIS,CRUDO,UND,True
7700149343541,Rueda Fonica ABS 250CR4 Mp,1631000009,Partes Pequeñas,203002,Ckd,GRIS,CRUDO,UND,True
7700149343558,Soport Del Izq Motor 250CR4 Mp,1631000000,Ckd,203002,Ckd,GRIS,CRUDO,UND,True
7700149343565,Soport Sup Izq Motor 250CR4 Mp,1631000000,Ckd,203002,Ckd,GRIS,CRUDO,UND,True
7700149343572,Soport Sup Der Motor 250CR4 Mp,1631000000,Ckd,203002,Ckd,GRIS,CRUDO,UND,True
7700149343589,Bobina de Alta 250CR4 Mp,1631000000,Ckd,203002,Ckd,GRIS,CRUDO,UND,True
7700149367905,Calco Frontal Izq 250CR4 Mp,1631000000,Ckd,203002,Ckd,GRIS,CRUDO,UND,True
7700149367912,Calco Frontal Der 250CR4 Mp,1631000000,Ckd,203002,Ckd,GRIS,CRUDO,UND,True
7700149367936,Platina velocímetro 250CR4 Mp,1631000000,Ckd,203002,Ckd,GRIS,CRUDO,UND,True
7700149367943,Tapa Velocimetro 250CR4 Mp,1631000000,Ckd,203002,Ckd,GRIS,CRUDO,UND,True
7700149367950,Platina Soporte Vel 250CR4 Mp,1631000000,Ckd,203002,Ckd,GRIS,CRUDO,UND,True
7700149368049,Guardabarro Int 250CR4 Mp,1631000000,Ckd,203002,Ckd,GRIS,CRUDO,UND,True
7700149375276,Torn Camp Cue Galv M8x75x12 Mp,1631000009,Partes Pequeñas,203002,Ckd,GRIS,CRUDO,UND,True
7700149375283,Arandel M6X12X1 Galvanizada Mp,1631000009,Partes Pequeñas,203002,Ckd,GRIS,CRUDO,UND,True
7700149375290,Regulador AK250CR4 V2 Mp,1631000000,Ckd,203002,Ckd,GRIS,CRUDO,UND,True
7700149422932,Gato Lateral 250R MP,1632000000,Integracion Nacional,203002,Integración Nacional,GRIS,CRUDO,UND,True
7700149425032,Tor Hex Socket M6x55 Mp,1631000009,Partes Pequeñas,203002,Ckd,GRIS,CRUDO,UND,True
7700149425049,Transductor Velocid 250CR4 Mp,1631000000,Ckd,203002,Ckd,GRIS,CRUDO,UND,True
7700149425056,Soport Guay Fre Disc 250CR4 Mp,1631000009,Partes Pequeñas,203002,Ckd,GRIS,CRUDO,UND,True
7700149425070,Caliper Fre Disc Del 250CR4 Mp,1631000000,Ckd,203002,Ckd,GRIS,CRUDO,UND,True
7700149428262,Manubrio Aluminio 250R MP,1632000000,Integracion Nacional,203002,Integración Nacional,GRIS,CRUDO,UND,True
7700149432733,Pesa Manubrio 250 R MP,1632000000,Integracion Nacional,203002,Integración Nacional,GRIS,CRUDO,UND,True
7700149432771,Calco Cola Der 250R MP,1632000000,Integracion Nacional,203002,Integración Nacional,GRIS,CRUDO,UND,True
7700149432788,Calco Cola Izq 250R MP,1632000000,Integracion Nacional,203002,Integración Nacional,GRIS,CRUDO,UND,True
7700149432795,Calco Tanque sup Izq 250R MP,1632000000,Integracion Nacional,203002,Integración Nacional,GRIS,CRUDO,UND,True
7700149432801,Calco Tanque sup Der 250R MP,1632000000,Integracion Nacional,203002,Integración Nacional,GRIS,CRUDO,UND,True
7700149432818,Calco Tanque Inf Izq 250R MP,1632000000,Integracion Nacional,203002,Integración Nacional,GRIS,CRUDO,UND,True
7700149432825,Calco Tanque Inf Der 250R MP,1632000000,Integracion Nacional,203002,Integración Nacional,GRIS,CRUDO,UND,True
7700149432832,Calco ABS 250R MP,1632000000,Integracion Nacional,203002,Integración Nacional,GRIS,CRUDO,UND,True
7700149432849,Calco Rin 250R MP,1632000000,Integracion Nacional,203002,Integración Nacional,GRIS,CRUDO,UND,True
7700149433631,Calco R Der 250R Mp,1632000000,Integracion Nacional,203002,Integración Nacional,GRIS,CRUDO,UND,True
7700149433648,Calco R Izq 250R Mp,1632000000,Integracion Nacional,203002,Integración Nacional,GRIS,CRUDO,UND,True
7700149465250,Asiento Pasajero 250CR4 Mp,1631000000,Ckd,203002,Ckd,GRIS,CRUDO,UND,True
7700149465267,Motor 250CR4 VIN V3 Mp,1631000002,Materia Prima Motor,203002,Ckd,GRIS,CRUDO,UND,True
7700149504201,Arandela Plana 13×6 Mp,1631000009,Partes Pequeñas,203002,Ckd,GRIS,CRUDO,UND,True
7700149504218,Tuerca Hex M6 AK250CR4 Mp,1631000009,Partes Pequeñas,203002,Ckd,GRIS,CRUDO,UND,True
7700149504225,Tornillo Goloso 4.8x12 Mp,1631000009,Partes Pequeñas,203002,Ckd,GRIS,CRUDO,UND,True
7700149504232,Antivibrante 2 AK250CR4 Mp,1631000009,Partes Pequeñas,203002,Ckd,GRIS,CRUDO,UND,True
7700149504249,Antivibrante 1 AK250CR4 Mp,1631000009,Partes Pequeñas,203002,Ckd,GRIS,CRUDO,UND,True
7700149546157,Manual ABS 250R 3*1 Mp,1632000000,Integracion Nacional,203002,Integración Nacional,GRIS,CRUDO,UND,True
7700149580458,Valv Aire Llanta 300Rally Mp,1631000000,Ckd,203002,Ckd,GRIS,CRUDO,UND,True
7700149587464,Cargador USB 250R INAL Mp,1632000000,Integracion Nacional,203002,Integración Nacional,GRIS,CRUDO,UND,True
7700149608169,Rueda Del Especial 250R Mp,1631000000,Ckd,203002,Ckd,GRIS,CRUDO,UND,True
7700149608176,Rueda Tras Especial 250R Mp,1631000000,Ckd,203002,Ckd,GRIS,CRUDO,UND,True
7700149609357,Emblema 250R MP,1632000000,Integracion Nacional,203002,Integración Nacional,GRIS,CRUDO,UND,True
7700149702492,Calco Barras Dunlop A Mp,1632000000,Integracion Nacional,203002,Integración Nacional,GRIS,CRUDO,UND,True
7701023034067,Balinera 180 CR5 Mp,1631000000,Ckd,203002,Ckd,GRIS,CRUDO,UND,True
7701023034555,Caucho Tanque Trasero Mp,1631000009,Partes Pequeñas,203002,Ckd,GRIS,CRUDO,UND,True
7701023034593,Pin Pasacable Plastico Mp,1631000009,Partes Pequeñas,203002,Ckd,GRIS,CRUDO,UND,True
7701023034616,Cauc Sombre Corto M7x17x12 Mp,1631000009,Partes Pequeñas,203002,Ckd,GRIS,CRUDO,UND,True
7701023034623,Cauc Doble Ovalado M12x26x9 Mp,1631000009,Partes Pequeñas,203002,Ckd,GRIS,CRUDO,UND,True
7701023177207,Pito R3 Mp,1631000000,Ckd,203002,Ckd,GRIS,CRUDO,UND,True
7701023177320,Manilar Izq R3 MP,1631000000,Ckd,203002,Ckd,GRIS,CRUDO,UND,True
7701023235884,Caucho Sombre Cubier Farola Mp,1631000009,Partes Pequeñas,203002,Ckd,GRIS,CRUDO,UND,True
7701023236003,Pin Poter 2x24 Freno Bomba Mp,1631000009,Partes Pequeñas,203002,Ckd,GRIS,CRUDO,UND,True
7701023236997,Torni Somb Hex M6x12 Pavona Mp,1631000009,Partes Pequeñas,203002,Ckd,GRIS,CRUDO,UND,True
7701023384100,Relay Arranq BR Mp,1631000000,Ckd,203002,Ckd,GRIS,CRUDO,UND,True
7701023411707,Cauc Doble Oval M10x24.5x11 Mp,1631000009,Partes Pequeñas,203002,Ckd,GRIS,CRUDO,UND,True
7701023412186,Correa Elastica Mp,1631000009,Partes Pequeñas,203002,Ckd,GRIS,CRUDO,UND,True
7701023417655,Arandela Dircción Sup 300AC Mp,1631000000,Ckd,203002,Ckd,GRIS,CRUDO,UND,True
7701023417662,Guardapolvo Horquilla CR5 Mp,1631000000,Ckd,203002,Ckd,GRIS,CRUDO,UND,True
7705946261623,Platina Bomba Fren Tras CR5 Mp,1631000000,Ckd,203002,Ckd,GRIS,CRUDO,UND,True
7705946317597,50G Direccional Del Der BR Mp,1631000000,Ckd,203002,Ckd,GRIS,CRUDO,UND,True
7705946317603,50G Direccional Del Izq BR Mp,1631000000,Ckd,203002,Ckd,GRIS,CRUDO,UND,True
7705946440417,Cub Quilla Izq 250CR4 Mp,1631000000,Ckd,203002,Ckd,GRIS,CRUDO,UND,True
7705946440431,Cub Quilla Central 250CR4 Mp,1631000000,Ckd,203002,Ckd,GRIS,CRUDO,UND,True
7705946675017,Tor Som Hex M6x12 Acer Inox Mp,1631000009,Partes Pequeñas,203002,Ckd,GRIS,CRUDO,UND,True
7705946675024,Tor Som Hex M6x16 Acer Inox Mp,1631000009,Partes Pequeñas,203002,Ckd,GRIS,CRUDO,UND,True
7705946675031,Tor Som Hex M6x20 Acer Inox Mp,1631000009,Partes Pequeñas,203002,Ckd,GRIS,CRUDO,UND,True
7705946774413,Tie-Rap Corto 150Mm Mp,1631000009,Partes Pequeñas,203002,Ckd,GRIS,CRUDO,UND,True
7705946810760,Soporte Tapa Gasolina AK200 Mp,1631000000,Ckd,203002,Ckd,GRIS,CRUDO,UND,True
7705946810777,Cau Dob Tanq Frol M10x21x13 Mp,1631000009,Partes Pequeñas,203002,Ckd,GRIS,CRUDO,UND,True
7705946810883,Cubier Switch Ence AK200 Mp,1631000000,Ckd,203002,Ckd,GRIS,CRUDO,UND,True
7705946810890,Platina Switch Enc AK200 Mp,1631000000,Ckd,203002,Ckd,GRIS,CRUDO,UND,True
7705946810913,Platina Pito AK200 Mp,1631000000,Ckd,203002,Ckd,GRIS,CRUDO,UND,True
7705946810920,Farola Cta AK200 Mp,1631000000,Ckd,203002,Ckd,GRIS,CRUDO,UND,True
7705946810937,Soporte Farola AK200 Mp,1631000000,Ckd,203002,Ckd,GRIS,CRUDO,UND,True
7705946810951,Platina Farola 2 AK200 Mp,1631000000,Ckd,203002,Ckd,GRIS,CRUDO,UND,True
7705946810968,Stop AK200 Mp,1631000000,Ckd,203002,Ckd,GRIS,CRUDO,UND,True
7705946810975,Luz Placa AK200 Mp,1631000000,Ckd,203002,Ckd,GRIS,CRUDO,UND,True
7705946811026,Luz Led AK200 Mp,1631000000,Ckd,203002,Ckd,GRIS,CRUDO,UND,True
7705946811033,Luz Led Izq 250CR4 Mp,1631000000,Ckd,203002,Ckd,GRIS,CRUDO,UND,True
7705946811040,Luz Led Der 250CR4 Mp,1631000000,Ckd,203002,Ckd,GRIS,CRUDO,UND,True
7705946811101,Resorte Pedal De Freno Mp,1631000009,Partes Pequeñas,203002,Ckd,GRIS,CRUDO,UND,True
7705946811132,Resorte Trompo Trasero Mp,1631000009,Partes Pequeñas,203002,Ckd,GRIS,CRUDO,UND,True
7705946811156,Torni Somb Hexa Galva M8x20 Mp,1631000009,Partes Pequeñas,203002,Ckd,GRIS,CRUDO,UND,True
7705946811163,Tor Somb Hexa Buj Gal M8x25 Mp,1631000009,Partes Pequeñas,203002,Ckd,GRIS,CRUDO,UND,True
7705946811217,Tuerca Ajuste AK200 Mp,1631000009,Partes Pequeñas,203002,Ckd,GRIS,CRUDO,UND,True
7705946811224,Arandela Seguridad AK200 Mp,1631000000,Ckd,203002,Ckd,GRIS,CRUDO,UND,True
7705946811231,Suspension Del Izq AK200 Mp,1631000000,Ckd,203002,Ckd,GRIS,CRUDO,UND,True
7705946811262,Tijera AK200 Mp,1631000000,Ckd,203002,Ckd,GRIS,CRUDO,UND,True
7705946811279,Deslizador Cadena AK200 MP,1631000000,Ckd,203002,Ckd,GRIS,CRUDO,UND,True
7705946811323,Plati Sopor Placa Tra AK200 Mp,1631000000,Ckd,203002,Ckd,GRIS,CRUDO,UND,True
7705946811385,Platina De Chapa Silla Mp,1631000009,Partes Pequeñas,203002,Ckd,GRIS,CRUDO,UND,True
7705946811415,Plati Cubierta Tanque AK200 Mp,1631000000,Ckd,203002,Ckd,GRIS,CRUDO,UND,True
7705946811422,Protector Tanque Izq AK200 Mp,1631000000,Ckd,203002,Ckd,GRIS,CRUDO,UND,True
7705946811439,Protector Tanque Der AK200 Mp,1631000000,Ckd,203002,Ckd,GRIS,CRUDO,UND,True
7705946811477,Guardab Tras AK200 Mp,1631000000,Ckd,203002,Ckd,GRIS,CRUDO,UND,True
7705946811484,Cub Guardab Tra Int 250CR4 Mp,1631000000,Ckd,203002,Ckd,GRIS,CRUDO,UND,True
7705946811491,Complento Guar TrasAK200 Mp,1631000000,Ckd,203002,Ckd,GRIS,CRUDO,UND,True
7705946811514,Cub Tapa Lateral Izq 250CR4 Mp,1631000000,Ckd,203002,Ckd,GRIS,CRUDO,UND,True
7705946811538,Cub Tapa Lateral Der 250CR4 Mp,1631000000,Ckd,203002,Ckd,GRIS,CRUDO,UND,True
7705946811545,Caren Farola AK200 Mp,1631000000,Ckd,203002,Ckd,GRIS,CRUDO,UND,True
7705946811552,Cubta Tras Farola AK200 Mp,1631000000,Ckd,203002,Ckd,GRIS,CRUDO,UND,True
7705946811668,Sopor Cubi Tras Izq 250CR4 Mp,1631000000,Ckd,203002,Ckd,GRIS,CRUDO,UND,True
7705946811675,Cubi Tras Der 250CR4 Mp,1631000000,Ckd,203002,Ckd,GRIS,CRUDO,UND,True
7705946811682,Sopor Cubi Tras Cent 250CR4 Mp,1631000000,Ckd,203002,Ckd,GRIS,CRUDO,UND,True
7705946811705,Cubierta Trasera AK200 Mp,1631000000,Ckd,203002,Ckd,GRIS,CRUDO,UND,True
7705946811729,Platina Guardab Tras AK200 Mp,1631000000,Ckd,203002,Ckd,GRIS,CRUDO,UND,True
7705946811736,Cobertor Cola 250CR4 Mp,1631000000,Ckd,203002,Ckd,GRIS,CRUDO,UND,True
7705946811743,Caucho Tope Tapa Lateral Mp,1631000009,Partes Pequeñas,203002,Ckd,GRIS,CRUDO,UND,True
7705946811750,Cubier Tanque Int Izq AK200 Mp,1631000000,Ckd,203002,Ckd,GRIS,CRUDO,UND,True
7705946811767,Cubier Tanque Int Der AK200 Mp,1631000000,Ckd,203002,Ckd,GRIS,CRUDO,UND,True
7705946811811,Tor Camp Buje Galv M6x12x10 Mp,1631000009,Partes Pequeñas,203002,Ckd,GRIS,CRUDO,UND,True
7705946811828,Torn Camp Buje Gal M6x20x10 Mp,1631000009,Partes Pequeñas,203002,Ckd,GRIS,CRUDO,UND,True
7705946811835,Torn Button Buj Galv M10x45 Mp,1631000009,Partes Pequeñas,203002,Ckd,GRIS,CRUDO,UND,True
7705946811842,Tornillo Camp Galva M6x12x8 Mp,1631000009,Partes Pequeñas,203002,Ckd,GRIS,CRUDO,UND,True
7705946811859,Tornillo Camp Galva M6x16x8 Mp,1631000009,Partes Pequeñas,203002,Ckd,GRIS,CRUDO,UND,True
7705946811866,Torni Campana Galva M6x20x8 Mp,1631000009,Partes Pequeñas,203002,Ckd,GRIS,CRUDO,UND,True
7705946811873,Torni Campa Galvan M8x20x10 Mp,1631000009,Partes Pequeñas,203002,Ckd,GRIS,CRUDO,UND,True
7705946811880,Tornillo Camp Galva M6x10x8 Mp,1631000009,Partes Pequeñas,203002,Ckd,GRIS,CRUDO,UND,True
7705946811897,Torni Camp Galvan M6x16x10 Mp,1631000009,Partes Pequeñas,203002,Ckd,GRIS,CRUDO,UND,True
7705946811903,Torni Campa Galva M8x35x10 Mp,1631000009,Partes Pequeñas,203002,Ckd,GRIS,CRUDO,UND,True
7705946811910,Torni Campa Galvan M6x12x10 Mp,1631000009,Partes Pequeñas,203002,Ckd,GRIS,CRUDO,UND,True
7705946811927,Torni Campa Galvan M8x30x10 Mp,1631000009,Partes Pequeñas,203002,Ckd,GRIS,CRUDO,UND,True
7705946811934,Tornillo Camp Galva M6x30x8 Mp,1631000009,Partes Pequeñas,203002,Ckd,GRIS,CRUDO,UND,True
7705946811958,Torn Somb Hexa Galv M6x16x5 Mp,1631000009,Partes Pequeñas,203002,Ckd,GRIS,CRUDO,UND,True
7705946811972,Torni Soke Galvan M8x16x6 Mp,1631000009,Partes Pequeñas,203002,Ckd,GRIS,CRUDO,UND,True
7705946811996,Torni Socket Galvan M10x25 Mp,1631000009,Partes Pequeñas,203002,Ckd,GRIS,CRUDO,UND,True
7705946812009,Torn Estrella Galvan M6x12 Mp,1631000009,Partes Pequeñas,203002,Ckd,GRIS,CRUDO,UND,True
7705946812016,Torni Goloso Galvan 4.2x9.5 Mp,1631000009,Partes Pequeñas,203002,Ckd,GRIS,CRUDO,UND,True
7705946812023,Torni Goloso Galvani 4.2x16 Mp,1631000009,Partes Pequeñas,203002,Ckd,GRIS,CRUDO,UND,True
7705946812030,Torni Goloso Pavon 4.x12.5 Mp,1631000009,Partes Pequeñas,203002,Ckd,GRIS,CRUDO,UND,True
7705946812047,Tuerca Cupula Galvan M8x12 Mp,1631000009,Partes Pequeñas,203002,Ckd,GRIS,CRUDO,UND,True
7705946812061,Tuerca Hexag Galvani M12x21 Mp,1631000009,Partes Pequeñas,203002,Ckd,GRIS,CRUDO,UND,True
7705946812078,Tuerca Hex M6x8 AK200 Mp,1631000009,Partes Pequeñas,203002,Ckd,GRIS,CRUDO,UND,True
7705946812092,Tuer Camp Segu Galva M10x14 Mp,1631000009,Partes Pequeñas,203002,Ckd,GRIS,CRUDO,UND,True
7705946812108,Tuer Camp Segu Galva M14x19 Mp,1631000009,Partes Pequeñas,203002,Ckd,GRIS,CRUDO,UND,True
7705946812115,Tuerca Campan Galvan M10x15 Mp,1631000009,Partes Pequeñas,203002,Ckd,GRIS,CRUDO,UND,True
7705946812122,Tuerca Campana Galvan M8x13 Mp,1631000009,Partes Pequeñas,203002,Ckd,GRIS,CRUDO,UND,True
7705946812153,Chapeta M6 Galvanizada Mp,1631000009,Partes Pequeñas,203002,Ckd,GRIS,CRUDO,UND,True
7705946812160,Chapeta Galvanizada Tuer M6 Mp,1631000009,Partes Pequeñas,203002,Ckd,GRIS,CRUDO,UND,True
7705946812177,Arandela Plana M12 AK200 Mp,1631000009,Partes Pequeñas,203002,Ckd,GRIS,CRUDO,UND,True
7705946812184,Arandela Plana M8 AK200 Mp,1631000009,Partes Pequeñas,203002,Ckd,GRIS,CRUDO,UND,True
7705946812191,Arandela Plana M10 AK200 Mp,1631000009,Partes Pequeñas,203002,Ckd,GRIS,CRUDO,UND,True
7705946812207,Arandel Plana M6x18x1.5 Gal Mp,1631000009,Partes Pequeñas,203002,Ckd,GRIS,CRUDO,UND,True
7705946812214,Guasa M8 AK200 Mp,1631000009,Partes Pequeñas,203002,Ckd,GRIS,CRUDO,UND,True
7705946812221,Guasa M10 AK200 Mp,1631000009,Partes Pequeñas,203002,Ckd,GRIS,CRUDO,UND,True
7705946812238,Buje Camp Galvan M6x18x10 Mp,1631000009,Partes Pequeñas,203002,Ckd,GRIS,CRUDO,UND,True
7705946812245,Buje Camp Galvan M6.5x22x18 Mp,1631000009,Partes Pequeñas,203002,Ckd,GRIS,CRUDO,UND,True
7705946812252,Buje Camp Galvan M6.5x24x15 Mp,1631000009,Partes Pequeñas,203002,Ckd,GRIS,CRUDO,UND,True
7705946812269,Remache Ak200 Mp Mp,1631000009,Partes Pequeñas,203002,Ckd,GRIS,CRUDO,UND,True
7705946812306,Buje Camp Galvan M15X34X16 Mp,1631000009,Partes Pequeñas,203002,Ckd,GRIS,CRUDO,UND,True
7705946812313,Buje Recto Galvan M15X32X17 Mp,1631000009,Partes Pequeñas,203002,Ckd,GRIS,CRUDO,UND,True
7705946812320,Buje Recto Galvan M15X30X26 Mp,1631000009,Partes Pequeñas,203002,Ckd,GRIS,CRUDO,UND,True
7705946812337,Buje Campa Galvan M16x27x6 Mp,1631000009,Partes Pequeñas,203002,Ckd,GRIS,CRUDO,UND,True
7705946812375,Tor Camp Cue Galv M12x60x15 Mp,1631000009,Partes Pequeñas,203002,Ckd,GRIS,CRUDO,UND,True
7705946812382,Ej Tij Sin Cab M14x306.5x19 Mp,1631000009,Partes Pequeñas,203002,Ckd,GRIS,CRUDO,UND,True
7705946812399,Eje Llan Del Hex M15x250x10 Mp,1631000009,Partes Pequeñas,203002,Ckd,GRIS,CRUDO,UND,True
7705946812405,Tor Camp Cue Galv M12x55x15 Mp,1631000009,Partes Pequeñas,203002,Ckd,GRIS,CRUDO,UND,True
7705946812412,Eje Llan Tra Gal M14x295x18 Mp,1631000009,Partes Pequeñas,203002,Ckd,GRIS,CRUDO,UND,True
7705946812467,Abrasadera Galvanizada 9Mm Mp,1631000009,Partes Pequeñas,203002,Ckd,GRIS,CRUDO,UND,True
7705946812504,Caucho Tapon De Chasis Mp,1631000009,Partes Pequeñas,203002,Ckd,GRIS,CRUDO,UND,True
7705946812528,Resorte Gato Lateral Mp,1631000009,Partes Pequeñas,203002,Ckd,GRIS,CRUDO,UND,True
7705946986038,Filtro De Gasolina Mp,1631000000,Ckd,203002,Ckd,GRIS,CRUDO,UND,True
7705946986212,Empaque De Mofle Mp,1631000009,Partes Pequeñas,203002,Ckd,GRIS,CRUDO,UND,True
7705946986939,Manilar Der Carretel 300DS Mp,1631000000,Ckd,203002,Ckd,GRIS,CRUDO,UND,True
7705946987516,Torni Soke Galvan M6x16x5 Mp,1631000009,Partes Pequeñas,203002,Ckd,GRIS,CRUDO,UND,True
7705946987660,Tuerca Camp Hexag M6 Mp,1631000009,Partes Pequeñas,203002,Ckd,GRIS,CRUDO,UND,True
7705946987684,Tuer Camp Segu Galva M12x17 Mp,1631000009,Partes Pequeñas,203002,Ckd,GRIS,CRUDO,UND,True
7705946987790,Arandela Elastica M6 300DS Mp,1631000009,Partes Pequeñas,203002,Ckd,GRIS,CRUDO,UND,True
7705946987837,Pasador Bomba De Freno Mp,1631000009,Partes Pequeñas,203002,Ckd,GRIS,CRUDO,UND,True
7705946988216,Abrazadera 15.7-706R Inox Mp,1631000009,Partes Pequeñas,203002,Ckd,GRIS,CRUDO,UND,True
7700149107396,Cauchos Campana Flex/NV V2 MP,1632000000,Integracion Nacional,203002,Integración Nacional,NEGRO MATE,CRUDO,UND,True
7700149122795,Calco Info moto NV110 Mp,1632000000,Integracion Nacional,203002,Integración Nacional,NEGRO MATE,CRUDO,UND,True
7700149156295,24P Kit Switch Enc AK100NV Mp,1631000000,Ckd,203002,Ckd,NEGRO MATE,CRUDO,UND,True
7700149156301,Manguera AK100NV Mp,1631000009,Partes Pequeñas,203002,Ckd,NEGRO MATE,CRUDO,UND,True
7700149156318,Manguera 365 AK100NV Mp,1631000009,Partes Pequeñas,203002,Ckd,NEGRO MATE,CRUDO,UND,True
7700149156325,12G Velocimetro AK100NV Mp,1631000000,Ckd,203002,Ckd,NEGRO MATE,CRUDO,UND,True
7700149156332,Separador Gas Aceite 100NV Mp,1631000009,Partes Pequeñas,203002,Ckd,NEGRO MATE,CRUDO,UND,True
7700149156349,Filtro de Aire AK100NV Mp,1631000000,Ckd,203002,Ckd,NEGRO MATE,CRUDO,UND,True
7700149181921,6G Posapie Del Cto 100NV V2 Mp,1631000000,Ckd,203002,Ckd,NEGRO MATE,CRUDO,UND,True
7700149215268,Abrazadera Mang Resp 100NV Mp,1631000009,Partes Pequeñas,203002,Ckd,NEGRO MATE,CRUDO,UND,True
7700149215275,Manguera Respiradero 100NV Mp,1631000009,Partes Pequeñas,203002,Ckd,NEGRO MATE,CRUDO,UND,True
7700149258371,Bobina Alta 110NV V2 Mp,1631000000,Ckd,203002,Ckd,NEGRO MATE,CRUDO,UND,True
7700149267441,Calco Lat Izq sup Ver NV Mp,1632000000,Integracion Nacional,203002,Integración Nacional,NEGRO MATE,CRUDO,UND,True
7700149267458,Calco Lat Izq Inf Ver NV Mp,1632000000,Integracion Nacional,203002,Integración Nacional,NEGRO MATE,CRUDO,UND,True
7700149267465,Calco Lat Der Sup Ver NV Mp,1632000000,Integracion Nacional,203002,Integración Nacional,NEGRO MATE,CRUDO,UND,True
7700149267472,Calco Lat Der Inf Ver NV Mp,1632000000,Integracion Nacional,203002,Integración Nacional,NEGRO MATE,CRUDO,UND,True
7700149267489,Calco Guardp Izq Ver NV Mp,1632000000,Integracion Nacional,203002,Integración Nacional,NEGRO MATE,CRUDO,UND,True
7700149267496,Calco Guardp Der Ver NV Mp,1632000000,Integracion Nacional,203002,Integración Nacional,NEGRO MATE,CRUDO,UND,True
7700149267502,Calco Farola Sup Izq Ver NV Mp,1632000000,Integracion Nacional,203002,Integración Nacional,NEGRO MATE,CRUDO,UND,True
7700149267519,Calco Farola Sup Der Ver NV Mp,1632000000,Integracion Nacional,203002,Integración Nacional,NEGRO MATE,CRUDO,UND,True
7700149267526,Calco Farola Inf Izq Ver NV Mp,1632000000,Integracion Nacional,203002,Integración Nacional,NEGRO MATE,CRUDO,UND,True
7700149267533,Calco Farola Inf Der Ver NV Mp,1632000000,Integracion Nacional,203002,Integración Nacional,NEGRO MATE,CRUDO,UND,True
7700149290234,Arandela M8x20 Mp,1631000009,Partes Pequeñas,203002,Ckd,NEGRO MATE,CRUDO,UND,True
7700149300889,Farola Cta LED AK110NV Mp,1631000000,Ckd,203002,Ckd,NEGRO MATE,CRUDO,UND,True
7700149456890,Buje Silla 110NV Mp,1631000009,Partes Pequeñas,203002,Ckd,NEGRO MATE,CRUDO,UND,True
7700149456906,Arandela Plana 110NV Mp,1631000009,Partes Pequeñas,203002,Ckd,NEGRO MATE,CRUDO,UND,True
7700149456913,Tuerca Hex Silla 110NV Mp,1631000009,Partes Pequeñas,203002,Ckd,NEGRO MATE,CRUDO,UND,True
7700149456920,Caucho Base Silla 110NV Mp,1631000009,Partes Pequeñas,203002,Ckd,NEGRO MATE,CRUDO,UND,True
7700149456937,Bisagra Silla 110NV Mp,1631000009,Partes Pequeñas,203002,Ckd,NEGRO MATE,CRUDO,UND,True
7700149471220,Motor CBS 110NV V5 VIN Mp,1631000002,Materia Prima Motor,203002,Ckd,NEGRO MATE,CRUDO,UND,True
7700149471244,Resorte CBS 110NV Mp,1631000009,Partes Pequeñas,203002,Ckd,NEGRO MATE,CRUDO,UND,True
7700149471268,Caliper Freno Del CBS 110NV Mp,1631000000,Ckd,203002,Ckd,NEGRO MATE,CRUDO,UND,True
7700149471275,Resort Freno Tras CBS 110NV Mp,1631000009,Partes Pequeñas,203002,Ckd,NEGRO MATE,CRUDO,UND,True
7700149471282,Pedal Freno CBS 110NV Mp,1631000000,Ckd,203002,Ckd,NEGRO MATE,CRUDO,UND,True
7700149546034,Manual CBS AK110NV 3*1 Mp,1632000000,Integracion Nacional,203002,Integración Nacional,NEGRO MATE,CRUDO,UND,True
7700149562751,Calco Genérico CBS MP,1632000000,Integracion Nacional,203002,Integración Nacional,NEGRO MATE,CRUDO,UND,True
7700149632775,Cable freno 110NV Mp,1631000000,Ckd,203002,Ckd,NEGRO MATE,CRUDO,UND,True
7700149632782,Pin freno 110NV Mp,1631000009,Partes Pequeñas,203002,Ckd,NEGRO MATE,CRUDO,UND,True
7700149632799,Arandela 110NV Mp,1631000009,Partes Pequeñas,203002,Ckd,NEGRO MATE,CRUDO,UND,True
7700149634748,Torn Hex M5x16 110NV Mp,1631000009,Partes Pequeñas,203002,Ckd,NEGRO MATE,CRUDO,UND,True
7700149681070,Parrilla Reforzada 110NV MP,1632000000,Integracion Nacional,203002,Integración Nacional,NEGRO MATE,CRUDO,UND,True
7700149767033,Arandela Espuma Switch 110 MP,1632000000,Integracion Nacional,203002,Integración Nacional,NEGRO MATE,CRUDO,UND,True
7701023035088,Torni Gol 4.2x12 Galv Mp,1631000009,Partes Pequeñas,203002,Ckd,NEGRO MATE,CRUDO,UND,True
7701023043243,Arand Plan M8x24x2 Pavo Mp,1631000009,Partes Pequeñas,203002,Ckd,NEGRO MATE,CRUDO,UND,True
7701023070621,Gato Central 110NV MP,1632000000,Integracion Nacional,203002,Integración Nacional,NEGRO MATE,CRUDO,UND,True
7701023167789,50P Switc Cambio Luces NV110MP,1631000000,Ckd,203002,Ckd,NEGRO MATE,CRUDO,UND,True
7701023167796,50P Switch Direcciona 110NV MP,1631000000,Ckd,203002,Ckd,NEGRO MATE,CRUDO,UND,True
7701023167802,50P Switch Encendido 110NV MP,1631000000,Ckd,203002,Ckd,NEGRO MATE,CRUDO,UND,True
7701023167826,50P Switch Pito 110NV MP,1631000000,Ckd,203002,Ckd,NEGRO MATE,CRUDO,UND,True
7701023167833,50P Guia Acelerador 110NV-X MP,1631000000,Ckd,203002,Ckd,NEGRO MATE,CRUDO,UND,True
7701023167840,50P Guia Cable Choke 110NV MP,1631000000,Ckd,203002,Ckd,NEGRO MATE,CRUDO,UND,True
7701023235235,Aran Plan M10x30x2 Pav Mp,1631000009,Partes Pequeñas,203002,Ckd,NEGRO MATE,CRUDO,UND,True
7701023235273,Arand Plan M5x15x1  Pav Mp,1631000009,Partes Pequeñas,203002,Ckd,NEGRO MATE,CRUDO,UND,True
7701023235457,Aran Plan M13x24x2 Galv Mp,1631000009,Partes Pequeñas,203002,Ckd,NEGRO MATE,CRUDO,UND,True
7701023235495,Buje Campana M9x8x18 Galv Mp,1631000009,Partes Pequeñas,203002,Ckd,NEGRO MATE,CRUDO,UND,True
7701023236034,Pin 2x20 Pavonado 110NV Mp,1631000009,Partes Pequeñas,203002,Ckd,NEGRO MATE,CRUDO,UND,True
7701023236041,Pin 2x20 Pavonado Mp,1631000009,Partes Pequeñas,203002,Ckd,NEGRO MATE,CRUDO,UND,True
7701023236478,Torn Camp M6*20*10 Galv Mp,1631000009,Partes Pequeñas,203002,Ckd,NEGRO MATE,CRUDO,UND,True
7701023236522,Torn Camp M6x8x10 Pav Mp,1631000009,Partes Pequeñas,203002,Ckd,NEGRO MATE,CRUDO,UND,True
7701023236553,Tor Camp M6x12x8 Pav Mp,1631000009,Partes Pequeñas,203002,Ckd,NEGRO MATE,CRUDO,UND,True
7701023236560,Torni Campa M6x12x10 Pavona Mp,1631000009,Partes Pequeñas,203002,Ckd,NEGRO MATE,CRUDO,UND,True
7701023236638,Tornillo Campa M8x25 Pavona Mp,1631000009,Partes Pequeñas,203002,Ckd,NEGRO MATE,CRUDO,UND,True
7701023236799,Tor Som Buje  M5x16 Pav Mp,1631000009,Partes Pequeñas,203002,Ckd,NEGRO MATE,CRUDO,UND,True
7701023236843,Torn Hex Galvan M5x20x8 Mp,1631000009,Partes Pequeñas,203002,Ckd,NEGRO MATE,CRUDO,UND,True
7701023236874,Tor Hex Pavo M6x25x10 Mp,1631000009,Partes Pequeñas,203002,Ckd,NEGRO MATE,CRUDO,UND,True
7701023237147,Torn Golo 4.2x16 Autoro Pav Mp,1631000009,Partes Pequeñas,203002,Ckd,NEGRO MATE,CRUDO,UND,True
7701023237161,Torni Gol 4.8x16 Galv Mp,1631000009,Partes Pequeñas,203002,Ckd,NEGRO MATE,CRUDO,UND,True
7701023237185,Torn Hex Buje M8x30x14 Galv Mp,1631000009,Partes Pequeñas,203002,Ckd,NEGRO MATE,CRUDO,UND,True
7701023237505,Tuer Camp Segur M10x14 Galv Mp,1631000009,Partes Pequeñas,203002,Ckd,NEGRO MATE,CRUDO,UND,True
7701023237550,Tuer Camp Seguri M8x12 Galv Mp,1631000009,Partes Pequeñas,203002,Ckd,NEGRO MATE,CRUDO,UND,True
7701023237956,Chapeta Pinadora 110NV Mp,1631000009,Partes Pequeñas,203002,Ckd,NEGRO MATE,CRUDO,UND,True
7701023237970,Tornillo Hex M6x16x10 Galva Mp,1631000009,Partes Pequeñas,203002,Ckd,NEGRO MATE,CRUDO,UND,True
7701023238007,Torn Camp M6x8x20 galv Mp,1631000009,Partes Pequeñas,203002,Ckd,NEGRO MATE,CRUDO,UND,True
7701023238052,Tor CamCuel M10x50x12 Gal Mp,1631000009,Partes Pequeñas,203002,Ckd,NEGRO MATE,CRUDO,UND,True
7701023238076,Torn Camp M8x30x10 Galv Mp,1631000009,Partes Pequeñas,203002,Ckd,NEGRO MATE,CRUDO,UND,True
7701023238083,Tor Somb Hex  M6x16 Pav Mp,1631000009,Partes Pequeñas,203002,Ckd,NEGRO MATE,CRUDO,UND,True
7701023238106,Torni Estrella M5x12 Pavona Mp,1631000009,Partes Pequeñas,203002,Ckd,NEGRO MATE,CRUDO,UND,True
7701023238120,Torni Gol 4.2x12  Pav Mp,1631000009,Partes Pequeñas,203002,Ckd,NEGRO MATE,CRUDO,UND,True
7701023238137,Tuer Cup M10x16x18 Pav Mp,1631000009,Partes Pequeñas,203002,Ckd,NEGRO MATE,CRUDO,UND,True
7701023238151,Tuerca Hexag M6 Pavona Mp,1631000009,Partes Pequeñas,203002,Ckd,NEGRO MATE,CRUDO,UND,True
7701023238168,Tuerca Hex M9x11x5 Galvaniz Mp,1631000009,Partes Pequeñas,203002,Ckd,NEGRO MATE,CRUDO,UND,True
7701023238212,Arand Plan M8x16x1.5 Pav Mp,1631000009,Partes Pequeñas,203002,Ckd,NEGRO MATE,CRUDO,UND,True
7701023238236,Arande Plana Galvan M6x12x1 Mp,1631000009,Partes Pequeñas,203002,Ckd,NEGRO MATE,CRUDO,UND,True
7701023238267,Pin 2.5x25 Pavonado 110NV Mp,1631000009,Partes Pequeñas,203002,Ckd,NEGRO MATE,CRUDO,UND,True
7701023238274,Buje Recto M12x23x20.5 Mp,1631000009,Partes Pequeñas,203002,Ckd,NEGRO MATE,CRUDO,UND,True
7701023238281,Buje Camp M10x10x22 Mp,1631000009,Partes Pequeñas,203002,Ckd,NEGRO MATE,CRUDO,UND,True
7701023319218,Set Herramienta 110S MP,1631000000,Ckd,203002,Ckd,NEGRO MATE,CRUDO,UND,True
7701023337960,Caja Bateria 110S MP,1631000000,Ckd,203002,Ckd,NEGRO MATE,CRUDO,UND,True
7701023338028,70P CDI 110S MP,1631000000,Ckd,203002,Ckd,NEGRO MATE,CRUDO,UND,True
7701023338073,Deslizador Cadena 110S MP,1631000009,Partes Pequeñas,203002,Ckd,NEGRO MATE,CRUDO,UND,True
7701023338127,Empaque Mofle 110S MP,1631000009,Partes Pequeñas,203002,Ckd,NEGRO MATE,CRUDO,UND,True
7701023338158,Filtro Gasolina 110S MP,1631000009,Partes Pequeñas,203002,Ckd,NEGRO MATE,CRUDO,UND,True
7701023338165,80P Flasher AKT MP,1631000000,Ckd,203002,Ckd,NEGRO MATE,CRUDO,UND,True
7701023338233,4P Horquilla Inf 110S MP,1631000000,Ckd,203002,Ckd,NEGRO MATE,CRUDO,UND,True
7701023338332,62P Pito 110S MP,1631000000,Ckd,203002,Ckd,NEGRO MATE,CRUDO,UND,True
7701023338387,12G Posapie Tras Der 110S MP,1631000000,Ckd,203002,Ckd,NEGRO MATE,CRUDO,UND,True
7701023338394,10G Posapie Tras Izq 110S MP,1631000000,Ckd,203002,Ckd,NEGRO MATE,CRUDO,UND,True
7701023338417,48P Relay Arranque 110S MP,1631000000,Ckd,203002,Ckd,NEGRO MATE,CRUDO,UND,True
7701023338530,62P Tensor Cadena Izq 110S MP,1631000000,Ckd,203002,Ckd,NEGRO MATE,CRUDO,UND,True
7701023345606,Gato Lateral 110NV MP,1632000000,Integracion Nacional,203002,Integración Nacional,NEGRO MATE,CRUDO,UND,True
7701023377058,60P Balance Manu Izq NV110 Mp,1631000000,Ckd,203002,Ckd,NEGRO MATE,CRUDO,UND,True
7701023377065,50P Balanc Man Der NV110 Mp,1631000000,Ckd,203002,Ckd,NEGRO MATE,CRUDO,UND,True
7701023380256,Guía Manguera Desfog 110NV Mp,1631000009,Partes Pequeñas,203002,Ckd,NEGRO MATE,CRUDO,UND,True
7701023380287,Crank 110NV Mp,1631000000,Ckd,203002,Ckd,NEGRO MATE,CRUDO,UND,True
7701023380317,62P Platina Reflecti NV110 Mp,1631000000,Ckd,203002,Ckd,NEGRO MATE,CRUDO,UND,True
7701023380416,Portabandas Cto 110NV Mp,1631000000,Ckd,203002,Ckd,NEGRO MATE,CRUDO,UND,True
7701023380478,62P Piñon Velocimetro 110NV Mp,1631000000,Ckd,203002,Ckd,NEGRO MATE,CRUDO,UND,True
7701023380515,50P Cuna Direcc Sup 110NV Mp,1631000000,Ckd,203002,Ckd,NEGRO MATE,CRUDO,UND,True
7701023380539,50P Kit Balines Sup 110NV Mp,1631000000,Ckd,203002,Ckd,NEGRO MATE,CRUDO,UND,True
7701023380546,50P Kit Balines Inf 110NV Mp,1631000000,Ckd,203002,Ckd,NEGRO MATE,CRUDO,UND,True
7701023380553,Suspension Del Izq Ngro110NVMp,1631000000,Ckd,203002,Ckd,NEGRO MATE,CRUDO,UND,True
7701023380560,Suspension Del Der Ngro110NVMp,1631000000,Ckd,203002,Ckd,NEGRO MATE,CRUDO,UND,True
7701023380584,62P Tensor Cadena Der 110NV Mp,1631000000,Ckd,203002,Ckd,NEGRO MATE,CRUDO,UND,True
7701023380621,62P Media luna GtoCent NV110Mp,1631000000,Ckd,203002,Ckd,NEGRO MATE,CRUDO,UND,True
7701023380737,Guía Cable Veloc 110NV Mp,1631000009,Partes Pequeñas,203002,Ckd,NEGRO MATE,CRUDO,UND,True
7701023380935,Calc Secuencia Cambos 110NV Mp,1631000000,Ckd,203002,Ckd,NEGRO MATE,CRUDO,UND,True
7701023380942,Calco Tension Cadena 110NV Mp,1631000000,Ckd,203002,Ckd,NEGRO MATE,CRUDO,UND,True
7701023380973,Manguera 10x4x60 NV110 Mp,1631000009,Partes Pequeñas,203002,Ckd,NEGRO MATE,CRUDO,UND,True
7701023381048,EjeLlanta Del M12x205x15 Mp,1631000009,Partes Pequeñas,203002,Ckd,NEGRO MATE,CRUDO,UND,True
7701023381062,Cauc Ranur M14x17x13 Mp,1631000009,Partes Pequeñas,203002,Ckd,NEGRO MATE,CRUDO,UND,True
7701023381079,Cauc Ranu M12.5x15.5x13 Mp,1631000009,Partes Pequeñas,203002,Ckd,NEGRO MATE,CRUDO,UND,True
7701023398800,Eje Llanta Tras M12x218x15 Mp,1631000009,Partes Pequeñas,203002,Ckd,NEGRO MATE,CRUDO,UND,True
7701023398817,Buj Sprocket M12x62 Galvan Mp,1631000009,Partes Pequeñas,203002,Ckd,NEGRO MATE,CRUDO,UND,True
7701023411325,Buje Conico M10.4x12 Mp,1631000009,Partes Pequeñas,203002,Ckd,NEGRO MATE,CRUDO,UND,True
7701023411400,Caucho Campan 30x3x13x6x8x9 Mp,1631000009,Partes Pequeñas,203002,Ckd,NEGRO MATE,CRUDO,UND,True
7701023411424,Caucho Recta 5x27x7 Mp,1631000009,Partes Pequeñas,203002,Ckd,NEGRO MATE,CRUDO,UND,True
7701023411554,Resorte Gato Central Nv MP,1631000009,Partes Pequeñas,203002,Ckd,NEGRO MATE,CRUDO,UND,True
7701023411790,Arand Cauc M6x20x2 Mp,1631000009,Partes Pequeñas,203002,Ckd,NEGRO MATE,CRUDO,UND,True
7701023411851,Buje Camp M8.5x12x22  Gal Mp,1631000009,Partes Pequeñas,203002,Ckd,NEGRO MATE,CRUDO,UND,True
7701023412032,Buje Recto M12*26*29 Mp,1631000009,Partes Pequeñas,203002,Ckd,NEGRO MATE,CRUDO,UND,True
7701023412049,Buje Recto M17x15x27 Gal Mp,1631000009,Partes Pequeñas,203002,Ckd,NEGRO MATE,CRUDO,UND,True
7701023412155,Arand Plana M6x18x2 Pav Mp,1631000009,Partes Pequeñas,203002,Ckd,NEGRO MATE,CRUDO,UND,True
7701023419024,62P Varilla Freno Tras NV110MP,1631000000,Ckd,203002,Ckd,NEGRO MATE,CRUDO,UND,True
7705946182744,Eje Tijera M10x300 Galvaniz Mp,1631000009,Partes Pequeñas,203002,Ckd,NEGRO MATE,CRUDO,UND,True
7705946262842,62P Cable Aceler NV110  Mp,1631000000,Ckd,203002,Ckd,NEGRO MATE,CRUDO,UND,True
7705946262866,Pedal Cambios 110 NV-X  MP,1631000000,Ckd,203002,Ckd,NEGRO MATE,CRUDO,UND,True
7705946262873,Guia plast Parr centrl 110 Mp,1631000009,Partes Pequeñas,203002,Ckd,NEGRO MATE,CRUDO,UND,True
7705946262903,80P Cargador USB 110 NV-X  Mp,1631000000,Ckd,203002,Ckd,NEGRO MATE,CRUDO,UND,True
7705946262934,Stop Cto 110 NV-X  Mp,1631000000,Ckd,203002,Ckd,NEGRO MATE,CRUDO,UND,True
7705946262941,30G Direcc De Izq 110 NV-X  Mp,1631000000,Ckd,203002,Ckd,NEGRO MATE,CRUDO,UND,True
7705946262958,30G Direc Del Der NV110 Mp,1631000000,Ckd,203002,Ckd,NEGRO MATE,CRUDO,UND,True
7705946262965,62G Direcc Tras Izq NV110  Mp,1631000000,Ckd,203002,Ckd,NEGRO MATE,CRUDO,UND,True
7705946262972,62G Direcc Tras Der NV110 Mp,1631000000,Ckd,203002,Ckd,NEGRO MATE,CRUDO,UND,True
7705946262989,Caucho tapa cola 110 Mp,1631000009,Partes Pequeñas,203002,Ckd,NEGRO MATE,CRUDO,UND,True
7705946263009,62P Cable Veloc NV110 Mp,1631000000,Ckd,203002,Ckd,NEGRO MATE,CRUDO,UND,True
7705946263054,Resor Pedal Freno 110NV/CR4 Mp,1631000009,Partes Pequeñas,203002,Ckd,NEGRO MATE,CRUDO,UND,True
7705946263085,12P Disco Freno 110 NV-X  Mp,1631000000,Ckd,203002,Ckd,NEGRO MATE,CRUDO,UND,True
7705946263108,Tijera 110 NV-X  Mp,1631000000,Ckd,203002,Ckd,NEGRO MATE,CRUDO,UND,True
7705946263115,Cauc tope gato cent 110 Mp,1631000009,Partes Pequeñas,203002,Ckd,NEGRO MATE,CRUDO,UND,True
7705946263122,50P Plat Sopr Tra Izq NV110 MP,1631000000,Ckd,203002,Ckd,NEGRO MATE,CRUDO,UND,True
7705946263139,40P Plat Sopr Tra Der NV110 MP,1631000000,Ckd,203002,Ckd,NEGRO MATE,CRUDO,UND,True
7705946263146,15G Caja Herramienta NV110 Mp,1631000000,Ckd,203002,Ckd,NEGRO MATE,CRUDO,UND,True
7705946263184,62P Cable Choke 110 NV-X  Mp,1631000000,Ckd,203002,Ckd,NEGRO MATE,CRUDO,UND,True
7705946263207,62P Seguro Sillin 110 NV-X  Mp,1631000000,Ckd,203002,Ckd,NEGRO MATE,CRUDO,UND,True
7705946263221,62P Parrilla Babero NV110 Mp,1631000000,Ckd,203002,Ckd,NEGRO MATE,CRUDO,UND,True
7705946263245,20G Exten Guard Del NV110  Mp,1631000000,Ckd,203002,Ckd,NEGRO MATE,CRUDO,UND,True
7705946263252,10G Guard Tras Int NV110  Mp,1631000000,Ckd,203002,Ckd,NEGRO MATE,CRUDO,UND,True
7705946263269,Guardab Tras 110 NV-X  Mp,1631000000,Ckd,203002,Ckd,NEGRO MATE,CRUDO,UND,True
7705946263276,Tapa Lat Izq Sup 110 NV-X  Mp,1631000000,Ckd,203002,Ckd,NEGRO MATE,CRUDO,UND,True
7705946263283,15G Tapa Lat Izq Inf NV110 Mp,1631000000,Ckd,203002,Ckd,NEGRO MATE,CRUDO,UND,True
7705946263290,Tapa Lat Der Sup 110 NV-X  Mp,1631000000,Ckd,203002,Ckd,NEGRO MATE,CRUDO,UND,True
7705946263306,15G Tapa Lat Der Inf NV110 Mp,1631000000,Ckd,203002,Ckd,NEGRO MATE,CRUDO,UND,True
7705946263313,80P Sopor Guard Izq NV110  Mp,1631000000,Ckd,203002,Ckd,NEGRO MATE,CRUDO,UND,True
7705946263320,80P Sopor Guard Der NV110  Mp,1631000000,Ckd,203002,Ckd,NEGRO MATE,CRUDO,UND,True
7705946263344,Gpierna Int Izq 110 NV-X  Mp,1631000000,Ckd,203002,Ckd,NEGRO MATE,CRUDO,UND,True
7705946263368,Gpierna Int Der 110 NV-X  Mp,1631000000,Ckd,203002,Ckd,NEGRO MATE,CRUDO,UND,True
7705946263382,20G Soport Panel Fron NV110 Mp,1631000000,Ckd,203002,Ckd,NEGRO MATE,CRUDO,UND,True
7705946263412,10G Caren Velocimetro NV110 Mp,1631000000,Ckd,203002,Ckd,NEGRO MATE,CRUDO,UND,True
7705946263443,Carenaje Central 110 NV-X  Mp,1631000000,Ckd,203002,Ckd,NEGRO MATE,CRUDO,UND,True
7705946263467,Torn Hex Pavo M6x30x10 Mp,1631000009,Partes Pequeñas,203002,Ckd,NEGRO MATE,CRUDO,UND,True
7705946263474,Torn Hex Pavon M6x20x10 Mp,1631000009,Partes Pequeñas,203002,Ckd,NEGRO MATE,CRUDO,UND,True
7705946263498,Torn Camp M6x16x10 Galv Mp,1631000009,Partes Pequeñas,203002,Ckd,NEGRO MATE,CRUDO,UND,True
7705946263504,Tor CampCue M10x45x12 Gal Mp,1631000009,Partes Pequeñas,203002,Ckd,NEGRO MATE,CRUDO,UND,True
7705946263511,Tor Somb Hex M8x16 Pav Mp,1631000009,Partes Pequeñas,203002,Ckd,NEGRO MATE,CRUDO,UND,True
7705946263528,Tor Somb Peq M5x20 Galv Mp,1631000009,Partes Pequeñas,203002,Ckd,NEGRO MATE,CRUDO,UND,True
7705946263535,Torni Conico M5x16 Galva Mp,1631000009,Partes Pequeñas,203002,Ckd,NEGRO MATE,CRUDO,UND,True
7705946263542,Torni Coni M6x12 Galva Mp,1631000009,Partes Pequeñas,203002,Ckd,NEGRO MATE,CRUDO,UND,True
7705946263559,Tor Som Buje M5x25 Pav Mp,1631000009,Partes Pequeñas,203002,Ckd,NEGRO MATE,CRUDO,UND,True
7705946263580,Tuer Camp Segur M12x17 Galv Mp,1631000009,Partes Pequeñas,203002,Ckd,NEGRO MATE,CRUDO,UND,True
7705946263597,Chapeta M6 Tropicalizada Mp,1631000009,Partes Pequeñas,203002,Ckd,NEGRO MATE,CRUDO,UND,True
7705946263603,Chapeta M5 Pavonada Mp,1631000009,Partes Pequeñas,203002,Ckd,NEGRO MATE,CRUDO,UND,True
7705946263610,Tor CampCuel M8x105x12 Gal Mp,1631000009,Partes Pequeñas,203002,Ckd,NEGRO MATE,CRUDO,UND,True
7705946263627,Tor CampCuel M8x115x12 Gal Mp,1631000009,Partes Pequeñas,203002,Ckd,NEGRO MATE,CRUDO,UND,True
7705946263634,EjeGato Cent 17x149x26 Gal Mp,1631000009,Partes Pequeñas,203002,Ckd,NEGRO MATE,CRUDO,UND,True
7705946263641,Arand Cauc M8x16x2.8 Mp,1631000009,Partes Pequeñas,203002,Ckd,NEGRO MATE,CRUDO,UND,True
7705946263658,Pin Plastico 110NV Mp,1631000009,Partes Pequeñas,203002,Ckd,NEGRO MATE,CRUDO,UND,True
7705946263665,Caucho Pivot Porta Placa Mp,1631000009,Partes Pequeñas,203002,Ckd,NEGRO MATE,CRUDO,UND,True
7705946333627,Aran Pres M8x15x3 Galv Mp,1631000009,Partes Pequeñas,203002,Ckd,NEGRO MATE,CRUDO,UND,True
7705946385350,Tor Somb Peq M6x16 Trop Mp,1631000009,Partes Pequeñas,203002,Ckd,NEGRO MATE,CRUDO,UND,True
7705946392921,55P Regul 125BR-CR4-110NV Mp,1631000000,Ckd,203002,Ckd,NEGRO MATE,CRUDO,UND,True
7705946410694,Sistema Electrico 110NV MP,1632000000,Integracion Nacional,203002,Integración Nacional,NEGRO MATE,CRUDO,UND,True
7705946415415,50P Tapa Switche Luz NV110 Mp,1631000000,Ckd,203002,Ckd,NEGRO MATE,CRUDO,UND,True
7705946454315,80P Trompo Freno Tras NV110 Mp,1631000000,Ckd,203002,Ckd,NEGRO MATE,CRUDO,UND,True
7705946575867,24P Tapa Tanque 110NV-X Mp,1631000000,Ckd,203002,Ckd,NEGRO MATE,CRUDO,UND,True
7705946576239,Caucho Base Silla 3 Mp,1631000009,Partes Pequeñas,203002,Ckd,NEGRO MATE,CRUDO,UND,True
7705946585651,Manubrio 110NV MP,1632000000,Integracion Nacional,203002,Integración Nacional,NEGRO MATE,CRUDO,UND,True
7705946586436,Guardacadena 110NV Mp,1632000000,Integracion Nacional,203002,Integración Nacional,NEGRO MATE,CRUDO,UND,True
7705946695510,16P Carburador 110NV EIII Mp,1631000000,Ckd,203002,Ckd,NEGRO MATE,CRUDO,UND,True
7705946695541,62P Conec Carb NV110 EIII Mp,1631000000,Ckd,203002,Ckd,NEGRO MATE,CRUDO,UND,True
7705946695558,62P Valvu Inyecc Gas NV110 Mp,1631000000,Ckd,203002,Ckd,NEGRO MATE,CRUDO,UND,True
7705946695565,80P Plat Válv Gas 110 EIII Mp,1631000000,Ckd,203002,Ckd,NEGRO MATE,CRUDO,UND,True
7705946695572,60P Tubo Valv Gas NV110 Mp,1631000000,Ckd,203002,Ckd,NEGRO MATE,CRUDO,UND,True
7705946695589,Mofle 110NV EIII Mp,1631000000,Ckd,203002,Ckd,NEGRO MATE,CRUDO,UND,True
7705946695596,Torn Hex M6x10x10 Galv Mp,1631000009,Partes Pequeñas,203002,Ckd,NEGRO MATE,CRUDO,UND,True
7705946695619,Mang 4×8×210 110 Mp,1631000009,Partes Pequeñas,203002,Ckd,NEGRO MATE,CRUDO,UND,True
7705946695626,Mang 9×15×120 110 Mp,1631000009,Partes Pequeñas,203002,Ckd,NEGRO MATE,CRUDO,UND,True
7705946695633,Manguera Gasolina 110 Mp,1631000009,Partes Pequeñas,203002,Ckd,NEGRO MATE,CRUDO,UND,True
7705946760621,Manilar Derecho Flex/NV MP,1632000000,Integracion Nacional,203002,Integración Nacional,NEGRO MATE,CRUDO,UND,True
7705946760638,Manilar Izquierdo Flex/NV MP,1632000000,Integracion Nacional,203002,Integración Nacional,NEGRO MATE,CRUDO,UND,True
7705946768146,Cubierta Trasera PP Ng 110X Mp,1632000000,Integracion Nacional,203002,Integración Nacional,NEGRO MATE,CRUDO,UND,True
7705946768177,Visor Panel Front 110NV Mp,1632000000,Integracion Nacional,203002,Integración Nacional,NEGRO MATE,CRUDO,UND,True
7705946797931,Abrazadera Manguer Motor NV Mp,1631000009,Partes Pequeñas,203002,Ckd,NEGRO MATE,CRUDO,UND,True
7705946881050,Amortiguador 110NV V3 Mp,1631000000,Ckd,203002,Ckd,NEGRO MATE,CRUDO,UND,True
7705946963671,Caden 428Hx100 100NV CKD V2 Mp,1631000000,Ckd,203002,Ckd,NEGRO MATE,CRUDO,UND,True
7705946979191,6P Bateria Gel 12V/5AH NV Mp,1631000000,Ckd,203002,Ckd,NEGRO MATE,CRUDO,UND,True
7705946995047,Rueda Del 110NV EIII V3 Mp,1631000000,Ckd,203002,Ckd,NEGRO MATE,CRUDO,UND,True
7705946995054,Rueda Tras 110NV EIII V3 Mp,1631000000,Ckd,203002,Ckd,NEGRO MATE,CRUDO,UND,True
7705946995061,Porta Sprocket Cto 110NV Mp,1631000000,Ckd,203002,Ckd,NEGRO MATE,CRUDO,UND,True
7705946998291,50P Leva Choke 110NV Mp,1631000000,Ckd,203002,Ckd,NEGRO MATE,CRUDO,UND,True
7705946998307,Arandela Pinadora 110NV Mp,1631000000,Ckd,203002,Ckd,NEGRO MATE,CRUDO,UND,True
7700149122863,Calco Info moto Dyn PRO Mp,1632000000,Integracion Nacional,203002,Integración Nacional,NEGRO GRIS MATE,CRUDO,UND,True
7700149218979,Tor Gol Plan M4X12 XC15WX Mp,1631000009,Partes Pequeñas,203002,Ckd,NEGRO GRIS MATE,CRUDO,UND,True
7700149219228,Torn Gol M4x12 Pav Neg Mp,1631000009,Partes Pequeñas,203002,Ckd,NEGRO GRIS MATE,CRUDO,UND,True
7700149219242,Tor Gol Punt Plan M4x16 Pav Mp,1631000009,Partes Pequeñas,203002,Ckd,NEGRO GRIS MATE,CRUDO,UND,True
7700149246729,Manual Prop CBS Dyn Pro V2Mp,1632000000,Integracion Nacional,203002,Integración Nacional,NEGRO GRIS MATE,CRUDO,UND,True
7700149276047,Manual Garan Motos 24/24 V2 Mp,1632000000,Integracion Nacional,203002,Integración Nacional,NEGRO GRIS MATE,CRUDO,UND,True
7700149281263,Torni Platina Silla Jet14 Mp,1631000009,Partes Pequeñas,203002,Ckd,NEGRO GRIS MATE,CRUDO,UND,True
7700149312097,Manubrio Dyn Pro INAL MP,1632000000,Integracion Nacional,203002,Integración Nacional,NEGRO GRIS MATE,CRUDO,UND,True
7700149355391,Carta Bienvenida MFME AKT Mp,1632000000,Integracion Nacional,203002,Integración Nacional,NEGRO GRIS MATE,CRUDO,UND,True
7700149463300,Cortavientos TT/Dyn FP Der Mp,1632000000,Integracion Nacional,203002,Integración Nacional,NEGRO GRIS MATE,CRUDO,UND,True
7700149463317,Cortavientos TT/Dyn FP Izq Mp,1632000000,Integracion Nacional,203002,Integración Nacional,NEGRO GRIS MATE,CRUDO,UND,True
7700149463447,Soporte Celular V2 Mp,1632000000,Integracion Nacional,203002,Integración Nacional,NEGRO GRIS MATE,CRUDO,UND,True
7700149588775,Llanta Del 120/70-12 DYN Mp,1631000005,Materia Prima componentes,203002,Ckd,NEGRO GRIS MATE,CRUDO,UND,True
7700149588782,Llanta Tras 130/70-12 DYN Mp,1631000005,Materia Prima componentes,203002,Ckd,NEGRO GRIS MATE,CRUDO,UND,True
7700149589239,Sistema Electrico PRO+ V2 Mp,1631000000,Ckd,203002,Ckd,NEGRO GRIS MATE,CRUDO,UND,True
7700149589246,Cdi 125DYN PRO+ V2 Mp,1631000000,Ckd,203002,Ckd,NEGRO GRIS MATE,CRUDO,UND,True
7700149589253,Regulador AK125DYN PRO+ V2 Mp,1631000000,Ckd,203002,Ckd,NEGRO GRIS MATE,CRUDO,UND,True
7700149628273,Motor Cto 125 PRO VIN V2 Mp,1631000002,Materia Prima Motor,203002,Ckd,NEGRO GRIS MATE,CRUDO,UND,True
7700149699082,Carburador DYN PRO+ V3 Mp,1631000000,Ckd,203002,Ckd,NEGRO GRIS MATE,CRUDO,UND,True
7700149767040,Calc Emb Manub AKT Dyn RX Mp,1632000000,Integracion Nacional,203002,Integración Nacional,NEGRO GRIS MATE,CRUDO,UND,True
7701023070720,Defensa Delantero PRO MP,1632000000,Integracion Nacional,203002,Integración Nacional,NEGRO GRIS MATE,CRUDO,UND,True
7701023398725,Torn CampCuel M8x75x13 Mp,1631000009,Partes Pequeñas,203002,Ckd,NEGRO GRIS MATE,CRUDO,UND,True
7701023399302,Mofle 125SC-R PRO EIII Mp,1631000000,Ckd,203002,Ckd,NEGRO GRIS MATE,CRUDO,UND,True
7701023418027,Conector Trans 125SC/J4 Mp,1631000000,Ckd,203002,Ckd,NEGRO GRIS MATE,CRUDO,UND,True
7701023418034,Filtro Gasolina 110S/X Mp,1631000009,Partes Pequeñas,203002,Ckd,NEGRO GRIS MATE,CRUDO,UND,True
7701023418218,Switch Seguro Gaveta 125SC Mp,1631000009,Partes Pequeñas,203002,Ckd,NEGRO GRIS MATE,CRUDO,UND,True
7701023418300,60P Caja Velocímetro 125J4N Mp,1631000000,Ckd,203002,Ckd,NEGRO GRIS MATE,CRUDO,UND,True
7701023418348,Arandela plastica SC Mp,1631000009,Partes Pequeñas,203002,Ckd,NEGRO GRIS MATE,CRUDO,UND,True
7701023418706,Tor Gol Punt Plan M4x12 Neg Mp,1631000009,Partes Pequeñas,203002,Ckd,NEGRO GRIS MATE,CRUDO,UND,True
7701023562973,60P Llave Gasolina 125SC Mp,1631000000,Ckd,203002,Ckd,NEGRO GRIS MATE,CRUDO,UND,True
7701023563000,Mang Desfog llave Gas 125SC Mp,1631000009,Partes Pequeñas,203002,Ckd,NEGRO GRIS MATE,CRUDO,UND,True
7701023563024,Mangurera  Gasolina 125SC Mp,1631000009,Partes Pequeñas,203002,Ckd,NEGRO GRIS MATE,CRUDO,UND,True
7701023563031,60G Cable Acele 125SC PRO Mp,1631000000,Ckd,203002,Ckd,NEGRO GRIS MATE,CRUDO,UND,True
7701023563147,30P Bobina Alta 125SC Mp,1631000000,Ckd,203002,Ckd,NEGRO GRIS MATE,CRUDO,UND,True
7701023563451,Resorte Freno Tras 125SC Mp,1631000009,Partes Pequeñas,203002,Ckd,NEGRO GRIS MATE,CRUDO,UND,True
7701023563574,Tapa Batería 125SC Mp,1631000000,Ckd,203002,Ckd,NEGRO GRIS MATE,CRUDO,UND,True
7701023563659,Cubta Inferior Pis 125SC Mp,1631000000,Ckd,203002,Ckd,NEGRO GRIS MATE,CRUDO,UND,True
7701023563871,Piso 125SC Mp,1631000000,Ckd,203002,Ckd,NEGRO GRIS MATE,CRUDO,UND,True
7701023563895,Platina Pechera 125SC Mp,1631000009,Partes Pequeñas,203002,Ckd,NEGRO GRIS MATE,CRUDO,UND,True
7701023563932,Guardapolvo Interno 125SC Mp,1631000009,Partes Pequeñas,203002,Ckd,NEGRO GRIS MATE,CRUDO,UND,True
7701023563994,10G Cubta Central 125SC Mp,1631000000,Ckd,203002,Ckd,NEGRO GRIS MATE,CRUDO,UND,True
7701023564021,Gancho Guantera 125SC Mp,1631000009,Partes Pequeñas,203002,Ckd,NEGRO GRIS MATE,CRUDO,UND,True
7701023564069,60G Cubta Carburador 125SC Mp,1631000000,Ckd,203002,Ckd,NEGRO GRIS MATE,CRUDO,UND,True
7701023564212,Tor Goloso M4.2x16 Negro Mp,1631000009,Partes Pequeñas,203002,Ckd,NEGRO GRIS MATE,CRUDO,UND,True
7701023564236,Tornillo Goloso M4.8x16 Neg Mp,1631000009,Partes Pequeñas,203002,Ckd,NEGRO GRIS MATE,CRUDO,UND,True
7701023564298,Torn Estre Sombr  M6x16Pav Mp,1631000009,Partes Pequeñas,203002,Ckd,NEGRO GRIS MATE,CRUDO,UND,True
7701023564311,Buje Chasis M10x19x10 SC Mp,1631000009,Partes Pequeñas,203002,Ckd,NEGRO GRIS MATE,CRUDO,UND,True
7701023564397,Tor Som EstreGalv M6x17 Mp,1631000009,Partes Pequeñas,203002,Ckd,NEGRO GRIS MATE,CRUDO,UND,True
7701023564489,Tor Estr Peq Aran M5x10Pav Mp,1631000009,Partes Pequeñas,203002,Ckd,NEGRO GRIS MATE,CRUDO,UND,True
7701023564519,Tornillo Tar M5x16 125SC Mp,1631000009,Partes Pequeñas,203002,Ckd,NEGRO GRIS MATE,CRUDO,UND,True
7701023564571,Tue CampEstr M10x14x10Pav Mp,1631000009,Partes Pequeñas,203002,Ckd,NEGRO GRIS MATE,CRUDO,UND,True
7701023564595,Aran Plan Trop M10x28x2 Mp,1631000009,Partes Pequeñas,203002,Ckd,NEGRO GRIS MATE,CRUDO,UND,True
7701023564632,Mang Recta 3.5x460 125SC Mp,1631000009,Partes Pequeñas,203002,Ckd,NEGRO GRIS MATE,CRUDO,UND,True
7701023564656,Buje Recto Tropicalizado SC Mp,1631000009,Partes Pequeñas,203002,Ckd,NEGRO GRIS MATE,CRUDO,UND,True
7701023564663,Tuer Cam Recta Tropicali SC Mp,1631000009,Partes Pequeñas,203002,Ckd,NEGRO GRIS MATE,CRUDO,UND,True
7701023564700,Tor Cam Cuello Pav M6x28x10 Mp,1631000009,Partes Pequeñas,203002,Ckd,NEGRO GRIS MATE,CRUDO,UND,True
7701023582506,6G Soprt Motor Cto 125J4 Mp,1631000000,Ckd,203002,Ckd,NEGRO GRIS MATE,CRUDO,UND,True
7701023582537,Buje Arandel Tropicaliz SC Mp,1631000009,Partes Pequeñas,203002,Ckd,NEGRO GRIS MATE,CRUDO,UND,True
7701023582919,Tor Butt Plan Buj M8x30 Gal Mp,1631000009,Partes Pequeñas,203002,Ckd,NEGRO GRIS MATE,CRUDO,UND,True
7701023583930,Tornillo Camp M6x16 125SC Mp,1631000009,Partes Pequeñas,203002,Ckd,NEGRO GRIS MATE,CRUDO,UND,True
7701023812979,Gato Lateral Dyn Pro MP,1632000000,Integracion Nacional,203002,Integración Nacional,NEGRO GRIS MATE,CRUDO,UND,True
7705946160742,60P Soprt Guar Tra SC-R PRO Mp,1631000000,Ckd,203002,Ckd,NEGRO GRIS MATE,CRUDO,UND,True
7705946160759,Platina Direc Del Der SCPRO Mp,1631000009,Partes Pequeñas,203002,Ckd,NEGRO GRIS MATE,CRUDO,UND,True
7705946160766,Platina Direc Del Izq SCPRO Mp,1631000009,Partes Pequeñas,203002,Ckd,NEGRO GRIS MATE,CRUDO,UND,True
7705946160780,Buje Rueda Tra SC-R PRO Mp,1631000009,Partes Pequeñas,203002,Ckd,NEGRO GRIS MATE,CRUDO,UND,True
7705946160827,Tor Cam Cuello M5x22x8 Pav Mp,1631000009,Partes Pequeñas,203002,Ckd,NEGRO GRIS MATE,CRUDO,UND,True
7705946160858,Eje Pasad GatoCent M8x190 Mp,1631000009,Partes Pequeñas,203002,Ckd,NEGRO GRIS MATE,CRUDO,UND,True
7705946160896,Tuer Camp Seg M8 Pav Mp,1631000009,Partes Pequeñas,203002,Ckd,NEGRO GRIS MATE,CRUDO,UND,True
7705946160957,Torn Hex Buje M8x30x14Pav Mp,1631000009,Partes Pequeñas,203002,Ckd,NEGRO GRIS MATE,CRUDO,UND,True
7705946160964,Tornillo M5x22 SC-R PRO Mp,1631000009,Partes Pequeñas,203002,Ckd,NEGRO GRIS MATE,CRUDO,UND,True
7705946160971,Torn Separa M6x14 PRO Mp,1631000009,Partes Pequeñas,203002,Ckd,NEGRO GRIS MATE,CRUDO,UND,True
7705946160988,Arandela M5 SC-R PRO Mp,1631000009,Partes Pequeñas,203002,Ckd,NEGRO GRIS MATE,CRUDO,UND,True
7705946160995,Arandela Plana M12.5 Pavona Mp,1631000009,Partes Pequeñas,203002,Ckd,NEGRO GRIS MATE,CRUDO,UND,True
7705946161008,Arandela Presión M10 Cromo Mp,1631000009,Partes Pequeñas,203002,Ckd,NEGRO GRIS MATE,CRUDO,UND,True
7705946161015,Pin seguridad SC Mp,1631000009,Partes Pequeñas,203002,Ckd,NEGRO GRIS MATE,CRUDO,UND,True
7705946161022,Tornillo M6x10 SC-R PRO Mp,1631000009,Partes Pequeñas,203002,Ckd,NEGRO GRIS MATE,CRUDO,UND,True
7705946161039,Tornillo Soket M5x10 PRO Mp,1631000009,Partes Pequeñas,203002,Ckd,NEGRO GRIS MATE,CRUDO,UND,True
7705946161091,Torni Hex Inox M6x10 PRO Mp,1631000009,Partes Pequeñas,203002,Ckd,NEGRO GRIS MATE,CRUDO,UND,True
7705946161107,Tor Som EstreBuj M6x16Pav Mp,1631000009,Partes Pequeñas,203002,Ckd,NEGRO GRIS MATE,CRUDO,UND,True
7705946161145,Tor CamCuel M10x55x14Pav Mp,1631000009,Partes Pequeñas,203002,Ckd,NEGRO GRIS MATE,CRUDO,UND,True
7705946161176,Tornillo M5x12 SC-R PRO 1 Mp,1631000009,Partes Pequeñas,203002,Ckd,NEGRO GRIS MATE,CRUDO,UND,True
7705946161206,Resorte Gato Lateral SC-R Mp,1631000009,Partes Pequeñas,203002,Ckd,NEGRO GRIS MATE,CRUDO,UND,True
7705946161213,Tor CamEstre M5x16x8PavMp,1631000009,Partes Pequeñas,203002,Ckd,NEGRO GRIS MATE,CRUDO,UND,True
7705946161237,Torn Hex Aran M6x16x10Galv Mp,1631000009,Partes Pequeñas,203002,Ckd,NEGRO GRIS MATE,CRUDO,UND,True
7705946161275,Soporte Visagra SC-R PRO Mp,1631000009,Partes Pequeñas,203002,Ckd,NEGRO GRIS MATE,CRUDO,UND,True
7705946161312,Pin Soporte Silla SC-R PRO Mp,1631000009,Partes Pequeñas,203002,Ckd,NEGRO GRIS MATE,CRUDO,UND,True
7705946161350,30P Jgo De Bandas SC-R PRO Mp,1631000000,Ckd,203002,Ckd,NEGRO GRIS MATE,CRUDO,UND,True
7705946161398,60P Cubta Direc Del Der PRO Mp,1631000000,Ckd,203002,Ckd,NEGRO GRIS MATE,CRUDO,UND,True
7705946161404,60P Cubta Direc Del Izq PRO Mp,1631000000,Ckd,203002,Ckd,NEGRO GRIS MATE,CRUDO,UND,True
7705946161442,Mang Gasolina 125SC-R PRO Mp,1631000009,Partes Pequeñas,203002,Ckd,NEGRO GRIS MATE,CRUDO,UND,True
7705946161534,30G Caren Inter Sup 125 PRO Mp,1631000000,Ckd,203002,Ckd,NEGRO GRIS MATE,CRUDO,UND,True
7705946161541,60G Cable Segur Sillín PRO Mp,1631000000,Ckd,203002,Ckd,NEGRO GRIS MATE,CRUDO,UND,True
7705946161558,60G Tapa Maletero 125 PRO Mp,1631000000,Ckd,203002,Ckd,NEGRO GRIS MATE,CRUDO,UND,True
7705946161602,60P Cable Posit Bat PRO Mp,1631000000,Ckd,203002,Ckd,NEGRO GRIS MATE,CRUDO,UND,True
7705946161619,Pito 125SC-R PRO Mp,1631000000,Ckd,203002,Ckd,NEGRO GRIS MATE,CRUDO,UND,True
7705946161626,Suspension Del Der SC-R PRO Mp,1631000000,Ckd,203002,Ckd,NEGRO GRIS MATE,CRUDO,UND,True
7705946161633,Suspension Del Izq SC-R PRO Mp,1631000000,Ckd,203002,Ckd,NEGRO GRIS MATE,CRUDO,UND,True
7705946161664,10G Guardab Tras Inter PRO Mp,1631000000,Ckd,203002,Ckd,NEGRO GRIS MATE,CRUDO,UND,True
7705946161688,60P Tapa Inf Cbt Tra Der PROMp,1631000000,Ckd,203002,Ckd,NEGRO GRIS MATE,CRUDO,UND,True
7705946161701,60P Tapa Inf Cbt Tra Izq PROMp,1631000000,Ckd,203002,Ckd,NEGRO GRIS MATE,CRUDO,UND,True
7705946161718,30G Cubierta silla Tras PRO Mp,1631000000,Ckd,203002,Ckd,NEGRO GRIS MATE,CRUDO,UND,True
7705946161862,60P Chapa Sillin 125 PRO Mp,1631000000,Ckd,203002,Ckd,NEGRO GRIS MATE,CRUDO,UND,True
7705946161879,15P Kit Switch 125SC-R PRO Mp,1631000000,Ckd,203002,Ckd,NEGRO GRIS MATE,CRUDO,UND,True
7705946161886,6G Soprt silla tras125 PRO Mp,1631000000,Ckd,203002,Ckd,NEGRO GRIS MATE,CRUDO,UND,True
7705946161909,10G Farola Cta 125SC-R PRO Mp,1631000000,Ckd,203002,Ckd,NEGRO GRIS MATE,CRUDO,UND,True
7705946161916,30G Stop 125SC-R PRO Mp,1631000000,Ckd,203002,Ckd,NEGRO GRIS MATE,CRUDO,UND,True
7705946161930,10G Guard Tras Inf SC-R PRO Mp,1631000000,Ckd,203002,Ckd,NEGRO GRIS MATE,CRUDO,UND,True
7705946161947,60P Tap Bisa Sillin Tra PRO Mp,1631000000,Ckd,203002,Ckd,NEGRO GRIS MATE,CRUDO,UND,True
7705946161978,10G Guardab Tras 125SC-RPRO MP,1631000000,Ckd,203002,Ckd,NEGRO GRIS MATE,CRUDO,UND,True
7705946161985,30G Cubta Tapa Gas 125 PRO Mp,1631000000,Ckd,203002,Ckd,NEGRO GRIS MATE,CRUDO,UND,True
7705946161992,Tijera 125SC-R PRO Mp,1631000000,Ckd,203002,Ckd,NEGRO GRIS MATE,CRUDO,UND,True
7705946162074,Tanque Gas 125SC-R PRO Mp,1631000000,Ckd,203002,Ckd,NEGRO GRIS MATE,CRUDO,UND,True
7705946162081,Gaveta 125SC-R PRO Mp,1631000000,Ckd,203002,Ckd,NEGRO GRIS MATE,CRUDO,UND,True
7705946178389,Guardabarro Del Dyn Pro MP,1632000000,Integracion Nacional,203002,Integración Nacional,NEGRO GRIS MATE,CRUDO,UND,True
7705946178440,Calc Manubrio Dyn Pro MP,1632000000,Integracion Nacional,203002,Integración Nacional,NEGRO GRIS MATE,CRUDO,UND,True
7705946204286,Buje antivibrante Dyn PRO MP,1632000000,Integracion Nacional,203002,Integración Nacional,NEGRO GRIS MATE,CRUDO,UND,True
7705946206549,6P Amortiguador V2 SC-R PRO Mp,1631000000,Ckd,203002,Ckd,NEGRO GRIS MATE,CRUDO,UND,True
7705946298254,Calco Mi Familia me Espera MP,1632000000,Integracion Nacional,203002,Integración Nacional,NEGRO GRIS MATE,CRUDO,UND,True
7705946306997,6G Base Spr silla tra125 PROMp,1631000000,Ckd,203002,Ckd,NEGRO GRIS MATE,CRUDO,UND,True
7705946307000,Tornillo M8X14 SCR-PRO Mp,1631000009,Partes Pequeñas,203002,Ckd,NEGRO GRIS MATE,CRUDO,UND,True
7705946318358,Carenaje Del Inf Dyn PRO MP,1632000000,Integracion Nacional,203002,Integración Nacional,NEGRO GRIS MATE,CRUDO,UND,True
7705946361583,Carenaje Farola Dyn PRO V2 MP,1632000000,Integracion Nacional,203002,Integración Nacional,NEGRO GRIS MATE,CRUDO,UND,True
7705946393157,60P Cable Freno Del 125 PRO Mp,1631000000,Ckd,203002,Ckd,NEGRO GRIS MATE,CRUDO,UND,True
7705946450232,60P Leva Der 125SC PRO CBS Mp,1631000000,Ckd,203002,Ckd,NEGRO GRIS MATE,CRUDO,UND,True
7705946450249,60P Leva Izq 125SC PRO CBS Mp,1631000000,Ckd,203002,Ckd,NEGRO GRIS MATE,CRUDO,UND,True
7705946450270,Guía Cable Freno 125SC CBS 2Mp,1631000009,Partes Pequeñas,203002,Ckd,NEGRO GRIS MATE,CRUDO,UND,True
7705946450287,30G Cable Freno Tras PRO Mp,1631000000,Ckd,203002,Ckd,NEGRO GRIS MATE,CRUDO,UND,True
7705946450294,6G Horqui Infe Dire SC PRO MP,1631000000,Ckd,203002,Ckd,NEGRO GRIS MATE,CRUDO,UND,True
7705946450300,60G Comando Der 125 PRO CBS Mp,1631000000,Ckd,203002,Ckd,NEGRO GRIS MATE,CRUDO,UND,True
7705946450317,60G Comando Izq 125 PRO CBS Mp,1631000000,Ckd,203002,Ckd,NEGRO GRIS MATE,CRUDO,UND,True
7705946450324,Carena Dela Int SC PRO CBS Mp,1631000000,Ckd,203002,Ckd,NEGRO GRIS MATE,CRUDO,UND,True
7705946450331,60P Base Leva Der PRO CBS Mp,1631000000,Ckd,203002,Ckd,NEGRO GRIS MATE,CRUDO,UND,True
7705946450348,60P Base Leva Izq PRO CBS Mp,1631000000,Ckd,203002,Ckd,NEGRO GRIS MATE,CRUDO,UND,True
7705946450386,SPRING COLLAR Mp,1631000009,Partes Pequeñas,203002,Ckd,NEGRO GRIS MATE,CRUDO,UND,True
7705946470988,Calco SE Frontal Der SE Dyn MP,1632000000,Integracion Nacional,203002,Integración Nacional,NEGRO GRIS MATE,CRUDO,UND,True
7705946470995,Calco SE Frontal Izq SE Dyn MP,1632000000,Integracion Nacional,203002,Integración Nacional,NEGRO GRIS MATE,CRUDO,UND,True
7705946471008,Calco Guardap Der SE Dyn MP,1632000000,Integracion Nacional,203002,Integración Nacional,NEGRO GRIS MATE,CRUDO,UND,True
7705946471015,Calco Guardap Izq SE Dyn MP,1632000000,Integracion Nacional,203002,Integración Nacional,NEGRO GRIS MATE,CRUDO,UND,True
7705946471022,Calco Frontal Der SE Dyn MP,1632000000,Integracion Nacional,203002,Integración Nacional,NEGRO GRIS MATE,CRUDO,UND,True
7705946471039,Calco Frontal Izq SE Dyn MP,1632000000,Integracion Nacional,203002,Integración Nacional,NEGRO GRIS MATE,CRUDO,UND,True
7705946471046,Calco Logo Der SE Dyn MP,1632000000,Integracion Nacional,203002,Integración Nacional,NEGRO GRIS MATE,CRUDO,UND,True
7705946471053,Calco Logo Izq SE Dyn MP,1632000000,Integracion Nacional,203002,Integración Nacional,NEGRO GRIS MATE,CRUDO,UND,True
7705946471060,Calco Tapa Tras Der SE Dyn MP,1632000000,Integracion Nacional,203002,Integración Nacional,NEGRO GRIS MATE,CRUDO,UND,True
7705946471077,Calco Tapa Tras Izq SE Dyn MP,1632000000,Integracion Nacional,203002,Integración Nacional,NEGRO GRIS MATE,CRUDO,UND,True
7705946471084,Calco Tras Der SE Dyn MP,1632000000,Integracion Nacional,203002,Integración Nacional,NEGRO GRIS MATE,CRUDO,UND,True
7705946471091,Calco Tras Izq SE Dyn MP,1632000000,Integracion Nacional,203002,Integración Nacional,NEGRO GRIS MATE,CRUDO,UND,True
7705946472760,Caren Del Camuflado SC Pro TA,1633000000,Terceros,203002,Terceros,NEGRO GRIS MATE,CRUDO,UND,True
7705946472777,Caren Tras Der Camufl SCPro TA,1633000000,Terceros,203002,Terceros,NEGRO GRIS MATE,CRUDO,UND,True
7705946472784,Caren Tras Iz Camufl SCPro TA,1633000000,Terceros,203002,Terceros,NEGRO GRIS MATE,CRUDO,UND,True
7705946508315,60P Direc Del Der Led PRO Mp,1631000000,Ckd,203002,Ckd,NEGRO GRIS MATE,CRUDO,UND,True
7705946508322,60P Direc Del Izq Led PRO Mp,1631000000,Ckd,203002,Ckd,NEGRO GRIS MATE,CRUDO,UND,True
7705946508339,60P Direc Tra Der Led PRO Mp,1631000000,Ckd,203002,Ckd,NEGRO GRIS MATE,CRUDO,UND,True
7705946508346,60P Direc Tra Izq Led PRO Mp,1631000000,Ckd,203002,Ckd,NEGRO GRIS MATE,CRUDO,UND,True
7705946508360,Rin Tras 125SC-R PRO MP,1631000000,Ckd,203002,Ckd,NEGRO GRIS MATE,CRUDO,UND,True
7705946508377,Rin Delan 125SC-R PRO MP,1631000000,Ckd,203002,Ckd,NEGRO GRIS MATE,CRUDO,UND,True
7705946508384,30P Disco freno Del 25 PRO MP,1631000000,Ckd,203002,Ckd,NEGRO GRIS MATE,CRUDO,UND,True
7705946508421,60P Sopor Veloci 125 V2 PRO Mp,1631000000,Ckd,203002,Ckd,NEGRO GRIS MATE,CRUDO,UND,True
7705946508438,Flasher Direcc 125SC-RV2 PROMp,1631000000,Ckd,203002,Ckd,NEGRO GRIS MATE,CRUDO,UND,True
7705946603836,Calco CBS Verde MP,1632000000,Integracion Nacional,203002,Integración Nacional,NEGRO GRIS MATE,CRUDO,UND,True
7705946612043,Caucho Gancho SC-R Mp,1631000009,Partes Pequeñas,203002,Ckd,NEGRO GRIS MATE,CRUDO,UND,True
7705946612067,Acople Guia Piñon Velocime Mp,1631000009,Partes Pequeñas,203002,Ckd,NEGRO GRIS MATE,CRUDO,UND,True
7705946705356,Espuma Antivibrante PRO Mp,1631000009,Partes Pequeñas,203002,Ckd,NEGRO GRIS MATE,CRUDO,UND,True
7705946715850,Guardabarro trasero inf Dyn MP,1632000000,Integracion Nacional,203002,Integración Nacional,NEGRO GRIS MATE,CRUDO,UND,True
7705946808866,Filtro Aire 125SC-R V2 Mp,1631000000,Ckd,203002,Ckd,NEGRO GRIS MATE,CRUDO,UND,True
7705946885034,10G Gato Central DYN R-PRO Mp,1631000000,Ckd,203002,Ckd,NEGRO GRIS MATE,CRUDO,UND,True
7705946917537,15G Velocimetro V4 SC-R PRO Mp,1631000000,Ckd,203002,Ckd,NEGRO GRIS MATE,CRUDO,UND,True
7705946953856,Bateria 125DYN R-PRO+ Mp,1631000000,Ckd,203002,Ckd,NEGRO GRIS MATE,CRUDO,UND,True
7705946953870,Pasacable Metalico 2X100 SC Mp,1631000009,Partes Pequeñas,203002,Ckd,NEGRO GRIS MATE,CRUDO,UND,True
7705946959391,6G Caliper Del PRO CBS V2 Mp,1631000000,Ckd,203002,Ckd,NEGRO GRIS MATE,CRUDO,UND,True
7705946992503,Arandela Plana M6 DYN-R-PRO Mp,1631000009,Partes Pequeñas,203002,Ckd,NEGRO GRIS MATE,CRUDO,UND,True
7705946992510,Tornillo M6x20 DYN-R-PRO Mp,1631000009,Partes Pequeñas,203002,Ckd,NEGRO GRIS MATE,CRUDO,UND,True
7705946998789,Porta Documentos AKT Transp MP,1632000000,Integracion Nacional,203002,Integración Nacional,NEGRO GRIS MATE,CRUDO,UND,True
7700149492867,Emblema Der Negro Dyn Pro MP,1632000000,Integracion Nacional,203002,Integración Nacional,GRIS MATE VERDE,CRUDO,UND,True
7700149492874,Emblema Izq Negro Dyn Pro MP,1632000000,Integracion Nacional,203002,Integración Nacional,GRIS MATE VERDE,CRUDO,UND,True
7705946464772,Calco CBS MP,1632000000,Integracion Nacional,203002,Integración Nacional,GRIS MATE VERDE,CRUDO,UND,True
7705946651974,Calco CBS Tras Der Dyn MP,1632000000,Integracion Nacional,203002,Integración Nacional,GRIS MATE VERDE,CRUDO,UND,True
7705946651981,Calco CBS Tras Izq Dyn MP,1632000000,Integracion Nacional,203002,Integración Nacional,GRIS MATE VERDE,CRUDO,UND,True
7705946777773,Calco PRO Frontal v Der Dyn Mp,1632000000,Integracion Nacional,203002,Integración Nacional,GRIS MATE VERDE,CRUDO,UND,True
7705946777780,Calco PRO Frontal v Izq Dyn Mp,1632000000,Integracion Nacional,203002,Integración Nacional,GRIS MATE VERDE,CRUDO,UND,True
7705946777797,Calco 125 v Der Dyn Mp,1632000000,Integracion Nacional,203002,Integración Nacional,GRIS MATE VERDE,CRUDO,UND,True
7705946777803,Calco 125 v Izq Dyn Mp,1632000000,Integracion Nacional,203002,Integración Nacional,GRIS MATE VERDE,CRUDO,UND,True
7705946777810,Calco AKT v Guardp Der Dyn Mp,1632000000,Integracion Nacional,203002,Integración Nacional,GRIS MATE VERDE,CRUDO,UND,True
7705946777827,Calco AKT v Guardp Izq Dyn Mp,1632000000,Integracion Nacional,203002,Integración Nacional,GRIS MATE VERDE,CRUDO,UND,True
7705946777834,Calco Cubta v Tras Der Dyn Mp,1632000000,Integracion Nacional,203002,Integración Nacional,GRIS MATE VERDE,CRUDO,UND,True
7705946777841,Calco Cubta v Tras Izq Dyn Mp,1632000000,Integracion Nacional,203002,Integración Nacional,GRIS MATE VERDE,CRUDO,UND,True
7705946777698,Calco PRO Frontal Der Dyn Mp,1632000000,Integracion Nacional,203002,Integración Nacional,NEGRO,CRUDO,UND,True
7705946777704,Calco PRO Frontal Izq Dyn Mp,1632000000,Integracion Nacional,203002,Integración Nacional,NEGRO,CRUDO,UND,True
7705946777711,Calco 125 Der Dyn Mp,1632000000,Integracion Nacional,203002,Integración Nacional,NEGRO,CRUDO,UND,True
7705946777728,Calco 125 Izq Dyn Mp,1632000000,Integracion Nacional,203002,Integración Nacional,NEGRO,CRUDO,UND,True
7705946777735,Calco AKT Guardp Der Dyn Mp,1632000000,Integracion Nacional,203002,Integración Nacional,NEGRO,CRUDO,UND,True
7705946777742,Calco AKT Guardp Izq Dyn Mp,1632000000,Integracion Nacional,203002,Integración Nacional,NEGRO,CRUDO,UND,True
7705946777759,Calco Cubierta Tras Der Dyn Mp,1632000000,Integracion Nacional,203002,Integración Nacional,NEGRO,CRUDO,UND,True
7705946777766,Calco Cubierta Tras Izq Dyn Mp,1632000000,Integracion Nacional,203002,Integración Nacional,NEGRO,CRUDO,UND,True
7700149466417,Calco Carenaje Der DYN Pro Mp,1632000000,Integracion Nacional,203002,Integración Nacional,NEGRO MATE,CRUDO,UND,True
7700149466424,Calco Carenaje Izq DYN Pro Mp,1632000000,Integracion Nacional,203002,Integración Nacional,NEGRO MATE,CRUDO,UND,True
7700149466431,Calco Cola Izq DYN Pro Mp,1632000000,Integracion Nacional,203002,Integración Nacional,NEGRO MATE,CRUDO,UND,True
7700149466448,Calco Cola Der DYN Pro Mp,1632000000,Integracion Nacional,203002,Integración Nacional,NEGRO MATE,CRUDO,UND,True
7700149496858,Calco CBS Cub Tra Der Ref MP,1632000000,Integracion Nacional,203002,Integración Nacional,NEGRO MATE,CRUDO,UND,True
7700149496865,Calco CBS Cub Tra Izq Ref MP,1632000000,Integracion Nacional,203002,Integración Nacional,NEGRO MATE,CRUDO,UND,True
7700149744287,Calco Doming Dyn pro Mp ,1632000000,Integracion Nacional,203002,Integración Nacional,NEGRO MATE,CRUDO,UND,True
7700149122870,Defensa Tubular NKD Mp,1632000000,Integracion Nacional,203002,Integración Nacional,NEGRO,CRUDO,UND,True
7700149191562,Tornillo Camp AK300DS Mp,1631000009,Partes Pequeñas,203002,Ckd,NEGRO,CRUDO,UND,True
7700149213097,Pin 2.5x25 300Rally Mp,1631000009,Partes Pequeñas,203002,Ckd,NEGRO,CRUDO,UND,True
7700149213752,Tuerca Hex M8 Ng 300Rally Mp,1631000009,Partes Pequeñas,203002,Ckd,NEGRO,CRUDO,UND,True
7700149213776,Tornillo Hex M6X35 300Rally Mp,1631000009,Partes Pequeñas,203002,Ckd,NEGRO,CRUDO,UND,True
7700149265560,34G Direcc Tra Izq AK125CH Mp,1631000000,Ckd,203002,Ckd,NEGRO,CRUDO,UND,True
7700149265584,100P Flasher AK125CH Mp,1631000000,Ckd,203002,Ckd,NEGRO,CRUDO,UND,True
7700149265607,50P Cubiert Horqu Inf 125CH Mp,1631000000,Ckd,203002,Ckd,NEGRO,CRUDO,UND,True
7700149265614,Pasador M17*143 Galv Mp,1631000009,Partes Pequeñas,203002,Ckd,NEGRO,CRUDO,UND,True
7700149265621,Eje M15*250*18 Galv Mp,1631000009,Partes Pequeñas,203002,Ckd,NEGRO,CRUDO,UND,True
7700149265638,Eje M12x220x14 Mp Mp,1631000009,Partes Pequeñas,203002,Ckd,NEGRO,CRUDO,UND,True
7700149265652,10P Disc FrenoDelIzqAK125CH Mp,1631000000,Ckd,203002,Ckd,NEGRO,CRUDO,UND,True
7700149265676,34G Direcc Tra Der AK125CH Mp,1631000000,Ckd,203002,Ckd,NEGRO,CRUDO,UND,True
7700149265683,34G Direcc Del Izq AK125CH Mp,1631000000,Ckd,203002,Ckd,NEGRO,CRUDO,UND,True
7700149265690,34G Direcc Del Der AK125CH Mp,1631000000,Ckd,203002,Ckd,NEGRO,CRUDO,UND,True
7700149265706,Deslizador Cadena 125CH Mp,1631000009,Partes Pequeñas,203002,Ckd,NEGRO,CRUDO,UND,True
7700149265713,Tie Rap 200mm Mp,1631000009,Partes Pequeñas,203002,Ckd,NEGRO,CRUDO,UND,True
7700149265744,Eje M12*210*15 Galvanizado Mp,1631000009,Partes Pequeñas,203002,Ckd,NEGRO,CRUDO,UND,True
7700149265751,Guia Clutch Placa Acero Mp,1631000009,Partes Pequeñas,203002,Ckd,NEGRO,CRUDO,UND,True
7700149265768,Manguera Gas Abrazaderas Mp,1631000009,Partes Pequeñas,203002,Ckd,NEGRO,CRUDO,UND,True
7700149265775,Manguera 16x11x370 Gruesa Mp,1631000009,Partes Pequeñas,203002,Ckd,NEGRO,CRUDO,UND,True
7700149265805,18P Horqui Superior AK125CH Mp,1631000000,Ckd,203002,Ckd,NEGRO,CRUDO,UND,True
7700149265812,Horquilla Inferior AK125CH Mp,1631000000,Ckd,203002,Ckd,NEGRO,CRUDO,UND,True
7700149265829,Pin Clam 15mm Tropicalizado Mp,1631000009,Partes Pequeñas,203002,Ckd,NEGRO,CRUDO,UND,True
7700149265836,Caucho Mofle BR MP,1631000009,Partes Pequeñas,203002,Ckd,NEGRO,CRUDO,UND,True
7700149265843,200P Guía Conexión Inferior Mp,1631000009,Partes Pequeñas,203002,Ckd,NEGRO,CRUDO,UND,True
7700149265867,Pasacable Mangue Freno Inf Mp,1631000009,Partes Pequeñas,203002,Ckd,NEGRO,CRUDO,UND,True
7700149265874,Guía Agujero 80×10×0.8 Mp Mp,1631000009,Partes Pequeñas,203002,Ckd,NEGRO,CRUDO,UND,True
7700149265881,Correa Conexión Tras 125CH Mp,1631000009,Partes Pequeñas,203002,Ckd,NEGRO,CRUDO,UND,True
7700149265898,Guardapolvo Buje Llanta Del Mp,1631000009,Partes Pequeñas,203002,Ckd,NEGRO,CRUDO,UND,True
7700149265904,Guardpolv Horquilla AK125CH Mp,1631000009,Partes Pequeñas,203002,Ckd,NEGRO,CRUDO,UND,True
7700149265911,15G Guardacadena AK125CH Mp,1631000000,Ckd,203002,Ckd,NEGRO,CRUDO,UND,True
7700149265928,20G Guarda Int Tras AK125CH Mp,1631000000,Ckd,203002,Ckd,NEGRO,CRUDO,UND,True
7700149265935,Pasacable Mangue Freno Sup Mp,1631000009,Partes Pequeñas,203002,Ckd,NEGRO,CRUDO,UND,True
7700149265942,Torn Hex Arand M8*20*12 Pav Mp,1631000009,Partes Pequeñas,203002,Ckd,NEGRO,CRUDO,UND,True
7700149265966,Buje Campana M7*18*8 Gal Mp,1631000009,Partes Pequeñas,203002,Ckd,NEGRO,CRUDO,UND,True
7700149265973,Bateria Ah AK125CH Mp,1631000000,Ckd,203002,Ckd,NEGRO,CRUDO,UND,True
7700149265997,50P Barra Tenso Freno Tras Mp,1631000000,Ckd,203002,Ckd,NEGRO,CRUDO,UND,True
7700149266031,Torn Hex Arand M8*30*12 Pav Mp,1631000009,Partes Pequeñas,203002,Ckd,NEGRO,CRUDO,UND,True
7700149266048,Buje 15*20*16 Gal Mp,1631000009,Partes Pequeñas,203002,Ckd,NEGRO,CRUDO,UND,True
7700149266055,Tor Hex Aran M10x40x14 Galv Mp,1631000009,Partes Pequeñas,203002,Ckd,NEGRO,CRUDO,UND,True
7700149266062,Arandela M5 125W Mp,1631000009,Partes Pequeñas,203002,Ckd,NEGRO,CRUDO,UND,True
7700149266079,Arandela Conv M5 Mp,1631000009,Partes Pequeñas,203002,Ckd,NEGRO,CRUDO,UND,True
7700149266109,200P Arand Pina Sprocket Mp,1631000009,Partes Pequeñas,203002,Ckd,NEGRO,CRUDO,UND,True
7700149266116,Caucho Pivot Tanque 125CH Mp,1631000009,Partes Pequeñas,203002,Ckd,NEGRO,CRUDO,UND,True
7700149266130,30G Caja Herram AK125CH Mp,1631000000,Ckd,203002,Ckd,NEGRO,CRUDO,UND,True
7700149266147,Caucho Rectangular Tanque Mp,1631000009,Partes Pequeñas,203002,Ckd,NEGRO,CRUDO,UND,True
7700149266154,Caucho Sombrero M10*24.5*12 Mp,1631000009,Partes Pequeñas,203002,Ckd,NEGRO,CRUDO,UND,True
7700149266161,Caucho Acople Soport Farola Mp,1631000009,Partes Pequeñas,203002,Ckd,NEGRO,CRUDO,UND,True
7700149266178,Buje Recto M8*10*22 Gal Mp,1631000009,Partes Pequeñas,203002,Ckd,NEGRO,CRUDO,UND,True
7700149266185,Caucho Doble Ranur M*9*9*20 Mp,1631000009,Partes Pequeñas,203002,Ckd,NEGRO,CRUDO,UND,True
7700149266192,Caucho Doble Ranura M6*18*6 Mp,1631000009,Partes Pequeñas,203002,Ckd,NEGRO,CRUDO,UND,True
7700149266208,Cauc Doble Ran Oval M6*17*6 Mp,1631000009,Partes Pequeñas,203002,Ckd,NEGRO,CRUDO,UND,True
7700149266215,Buje 12*20*19 Galv Mp,1631000009,Partes Pequeñas,203002,Ckd,NEGRO,CRUDO,UND,True
7700149266246,Caja Filtro AK125CH Mp,1631000000,Ckd,203002,Ckd,NEGRO,CRUDO,UND,True
7700149266277,10P Cadena AK125CH Mp,1631000000,Ckd,203002,Ckd,NEGRO,CRUDO,UND,True
7700149266307,Buje Recto Galv M15*6*38 Mp,1631000009,Partes Pequeñas,203002,Ckd,NEGRO,CRUDO,UND,True
7700149266314,30G Carburador AK125CH Mp,1631000000,Ckd,203002,Ckd,NEGRO,CRUDO,UND,True
7700149266321,Torn Camp M8x30x12 Pav Mp,1631000009,Partes Pequeñas,203002,Ckd,NEGRO,CRUDO,UND,True
7700149266345,Torn Hex Buje M10x35*17 Pav Mp,1631000009,Partes Pequeñas,203002,Ckd,NEGRO,CRUDO,UND,True
7700149266352,Torn Camp M8x16x12 Pav Mp,1631000009,Partes Pequeñas,203002,Ckd,NEGRO,CRUDO,UND,True
7700149266376,Torn Camp M12*25*17 Galv Mp,1631000009,Partes Pequeñas,203002,Ckd,NEGRO,CRUDO,UND,True
7700149266390,Tor Camp Cuel M10x55x14 Pav Mp,1631000009,Partes Pequeñas,203002,Ckd,NEGRO,CRUDO,UND,True
7700149266413,Tor Ph Estr Arand M5*20 Pav Mp,1631000009,Partes Pequeñas,203002,Ckd,NEGRO,CRUDO,UND,True
7700149266512,Tuerca Hex M10*16*8 Pav Mp,1631000009,Partes Pequeñas,203002,Ckd,NEGRO,CRUDO,UND,True
7700149266529,10G Velocimetro AK125CH Mp,1631000000,Ckd,203002,Ckd,NEGRO,CRUDO,UND,True
7700149266536,50P Varil FrenoTras AK125CH Mp,1631000000,Ckd,203002,Ckd,NEGRO,CRUDO,UND,True
7700149266550,130P Tuerca Horqu AK125CH Mp,1631000009,Partes Pequeñas,203002,Ckd,NEGRO,CRUDO,UND,True
7700149266574,Tuer Camp Estr M6*10*6 Pav Mp,1631000009,Partes Pequeñas,203002,Ckd,NEGRO,CRUDO,UND,True
7700149266604,Tue Camp Estr M10*15*10 Pav Mp,1631000009,Partes Pequeñas,203002,Ckd,NEGRO,CRUDO,UND,True
7700149266611,130P Soporte SAI AK125CH Mp,1631000000,Ckd,203002,Ckd,NEGRO,CRUDO,UND,True
7700149266635,130P Tubo SAI AK125CH Mp,1631000000,Ckd,203002,Ckd,NEGRO,CRUDO,UND,True
7700149266642,Torn Camp M10x25x17 Galv Mp,1631000009,Partes Pequeñas,203002,Ckd,NEGRO,CRUDO,UND,True
7700149266666,Tornillo Tanque Gas 110NV-X Mp,1631000009,Partes Pequeñas,203002,Ckd,NEGRO,CRUDO,UND,True
7700149266697,Tuerca Hex M5x8x4 Pavonada Mp,1631000009,Partes Pequeñas,203002,Ckd,NEGRO,CRUDO,UND,True
7700149266703,100P Plati Caja Herrami Mp,1631000000,Ckd,203002,Ckd,NEGRO,CRUDO,UND,True
7700149266710,Remache AK125CH Mp,1631000009,Partes Pequeñas,203002,Ckd,NEGRO,CRUDO,UND,True
7700149266741,Protector Plastico AK125CH Mp,1631000009,Partes Pequeñas,203002,Ckd,NEGRO,CRUDO,UND,True
7700149266758,20P Posapie Del Izq Ak15Ch Mp,1631000000,Ckd,203002,Ckd,NEGRO,CRUDO,UND,True
7700149266765,20P Posapie Del Der Ak15Ch Mp,1631000000,Ckd,203002,Ckd,NEGRO,CRUDO,UND,True
7700149266789,Stop AK125CH Mp,1631000000,Ckd,203002,Ckd,NEGRO,CRUDO,UND,True
7700149266819,60P Pito AK125CH Mp,1631000000,Ckd,203002,Ckd,NEGRO,CRUDO,UND,True
7700149266840,Pasacable Sensor AK125CH Mp,1631000000,Ckd,203002,Ckd,NEGRO,CRUDO,UND,True
7700149266918,Platina Soport Placa 125CH Mp,1631000009,Partes Pequeñas,203002,Ckd,NEGRO,CRUDO,UND,True
7700149266925,260P Soport Manub AK125CH Mp,1631000000,Ckd,203002,Ckd,NEGRO,CRUDO,UND,True
7700149266932,100P Soporte Horq Delantera Mp,1631000000,Ckd,203002,Ckd,NEGRO,CRUDO,UND,True
7700149266970,Resorte Pedal Freno 125CH Mp,1631000009,Partes Pequeñas,203002,Ckd,NEGRO,CRUDO,UND,True
7700149266987,Set Herramientas AK125CH Mp,1631000000,Ckd,203002,Ckd,NEGRO,CRUDO,UND,True
7700149266994,Resorte Gato Central 125CH Mp,1631000009,Partes Pequeñas,203002,Ckd,NEGRO,CRUDO,UND,True
7700149267007,70G Sensor Combu AK125CH Mp,1631000000,Ckd,203002,Ckd,NEGRO,CRUDO,UND,True
7700149267014,50P SAI AK125CH Mp,1631000000,Ckd,203002,Ckd,NEGRO,CRUDO,UND,True
7700149267021,Rueda Trasera AK125CH Mp,1631000000,Ckd,203002,Ckd,NEGRO,CRUDO,UND,True
7700149267038,Rueda Delantera AK125CH Mp,1631000000,Ckd,203002,Ckd,NEGRO,CRUDO,UND,True
7700149267069,Resorte Trompo Freno Tras Mp,1631000009,Partes Pequeñas,203002,Ckd,NEGRO,CRUDO,UND,True
7700149267076,15P Sprocket AK125CH Mp,1631000000,Ckd,203002,Ckd,NEGRO,CRUDO,UND,True
7700149274470,Balancin generico Mp,1632000000,Integracion Nacional,203002,Integración Nacional,NEGRO,CRUDO,UND,True
7700149274494,Gato Central CHR Mp,1632000000,Integracion Nacional,203002,Integración Nacional,NEGRO,CRUDO,UND,True
7700149274500,Gato Lateral CHR Mp,1632000000,Integracion Nacional,203002,Integración Nacional,NEGRO,CRUDO,UND,True
7700149274517,Parrilla 125 CHR Mp,1632000000,Integracion Nacional,203002,Integración Nacional,NEGRO,CRUDO,UND,True
7700149276962,Tuerca Cupula M8x12x17 Crom Mp,1631000009,Partes Pequeñas,203002,Ckd,NEGRO,CRUDO,UND,True
7700149276979,Manguera Respiradero 125CH Mp,1631000009,Partes Pequeñas,203002,Ckd,NEGRO,CRUDO,UND,True
7700149289894,Torn Camp M6x20x10 Mp,1631000009,Partes Pequeñas,203002,Ckd,NEGRO,CRUDO,UND,True
7700149289962,Tor Camp Cuell M8x90x10.9 Mp,1631000009,Partes Pequeñas,203002,Ckd,NEGRO,CRUDO,UND,True
7700149289979,Tornill Hex M6X16 Galv Mp,1631000009,Partes Pequeñas,203002,Ckd,NEGRO,CRUDO,UND,True
7700149290005,Tornill Hex Buje M8x25 Mp,1631000009,Partes Pequeñas,203002,Ckd,NEGRO,CRUDO,UND,True
7700149290029,50P Bobina Alta NKD V2 Mp,1631000000,Ckd,203002,Ckd,NEGRO,CRUDO,UND,True
7700149290050,Tuerca Seguro M14x1.5 Mp,1631000009,Partes Pequeñas,203002,Ckd,NEGRO,CRUDO,UND,True
7700149290074,Tor Estr M5x20 Galv Mp,1631000009,Partes Pequeñas,203002,Ckd,NEGRO,CRUDO,UND,True
7700149290081,Arandela Presión ø12 Mp,1631000009,Partes Pequeñas,203002,Ckd,NEGRO,CRUDO,UND,True
7700149290135,Torn Camp M8x75 Gal Mp,1631000009,Partes Pequeñas,203002,Ckd,NEGRO,CRUDO,UND,True
7700149290142,Tuerca Seguro M12x1.25 Mp,1631000009,Partes Pequeñas,203002,Ckd,NEGRO,CRUDO,UND,True
7700149290159,Torni Camp M8x70 Pav Mp,1631000009,Partes Pequeñas,203002,Ckd,NEGRO,CRUDO,UND,True
7700149290166,Tuerca Seguro M10x1.25 Mp,1631000009,Partes Pequeñas,203002,Ckd,NEGRO,CRUDO,UND,True
7700149290210,Tor Cam Cue M10x118x15 Galv Mp,1631000009,Partes Pequeñas,203002,Ckd,NEGRO,CRUDO,UND,True
7700149292597,Tornillo Hex M6x30 125CH Mp,1631000009,Partes Pequeñas,203002,Ckd,NEGRO,CRUDO,UND,True
7700149292603,40G Soport FaroIzq 125CH V2 Mp,1631000000,Ckd,203002,Ckd,NEGRO,CRUDO,UND,True
7700149292610,40G Soport FaroDer 125CH V2 Mp,1631000000,Ckd,203002,Ckd,NEGRO,CRUDO,UND,True
7700149292627,Tornillo Sprocket AK125CH Mp,1631000009,Partes Pequeñas,203002,Ckd,NEGRO,CRUDO,UND,True
7700149292634,200P Torni FrenoDel125CH V2 Mp,1631000009,Partes Pequeñas,203002,Ckd,NEGRO,CRUDO,UND,True
7700149292641,100P Cuna Superior AK125CH Mp,1631000000,Ckd,203002,Ckd,NEGRO,CRUDO,UND,True
7700149292658,Cuna Inferior AK125CH Mp,1631000000,Ckd,203002,Ckd,NEGRO,CRUDO,UND,True
7700149292665,Guardabarro Del AK125CH V2 Mp,1631000000,Ckd,203002,Ckd,NEGRO,CRUDO,UND,True
7700149292672,Guardabarro Tras AK125CH V2 Mp,1631000000,Ckd,203002,Ckd,NEGRO,CRUDO,UND,True
7700149292696,Torn Hex Bu M8×31x13 Galv Mp,1631000009,Partes Pequeñas,203002,Ckd,NEGRO,CRUDO,UND,True
7700149292726,Torn Camp Pav M10×1.25x35 Mp,1631000009,Partes Pequeñas,203002,Ckd,NEGRO,CRUDO,UND,True
7700149292733,Torn Camp Pav M10x1.25x55 Mp,1631000009,Partes Pequeñas,203002,Ckd,NEGRO,CRUDO,UND,True
7700149292740,Tuerca Hexa M6 Galv 125CH Mp,1631000009,Partes Pequeñas,203002,Ckd,NEGRO,CRUDO,UND,True
7700149292771,Arand Plan Galv D.I 10mm Mp,1631000009,Partes Pequeñas,203002,Ckd,NEGRO,CRUDO,UND,True
7700149292788,Arand Plan Galv D.I 6mm Mp,1631000009,Partes Pequeñas,203002,Ckd,NEGRO,CRUDO,UND,True
7700149292795,Arand Plan Galv D.I 16.5mm Mp,1631000009,Partes Pequeñas,203002,Ckd,NEGRO,CRUDO,UND,True
7700149316644,Correa Sillin CHR Mp,1632000000,Integracion Nacional,203002,Integración Nacional,NEGRO,CRUDO,UND,True
7700149316651,Cauchos Campana CHR Mp,1632000000,Integracion Nacional,203002,Integración Nacional,NEGRO,CRUDO,UND,True
7700149320634,Calco Tanque Gris Izq CHR Mp,1632000000,Integracion Nacional,203002,Integración Nacional,NEGRO,CRUDO,UND,True
7700149320641,Calco Tanque Gris Der CHR Mp,1632000000,Integracion Nacional,203002,Integración Nacional,NEGRO,CRUDO,UND,True
7700149326216,Emblema Der CHR Mp,1632000000,Integracion Nacional,203002,Integración Nacional,NEGRO,CRUDO,UND,True
7700149326223,Emblema Izq CHR Mp,1632000000,Integracion Nacional,203002,Integración Nacional,NEGRO,CRUDO,UND,True
7700149326230,Emblema Der AKT CHR Mp,1632000000,Integracion Nacional,203002,Integración Nacional,NEGRO,CRUDO,UND,True
7700149326247,Emblema Izq AKT CHR Mp,1632000000,Integracion Nacional,203002,Integración Nacional,NEGRO,CRUDO,UND,True
7700149335744,Calco Info moto CHR Mp,1632000000,Integracion Nacional,203002,Integración Nacional,NEGRO,CRUDO,UND,True
7700149341523,Ducto RAC CGR 125 MP,1632000000,Integracion Nacional,203002,Integración Nacional,NEGRO,CRUDO,UND,True
7700149363907,Tensor Cadena AK125CH V2 Mp,1631000000,Ckd,203002,Ckd,NEGRO,CRUDO,UND,True
7700149375252,Portabandas V2 AK125CH Mp,1631000009,Partes Pequeñas,203002,Ckd,NEGRO,CRUDO,UND,True
7700149375269,Portasprocket V2 AK125CH Mp,1631000009,Partes Pequeñas,203002,Ckd,NEGRO,CRUDO,UND,True
7700149379557,Cauch Tope Gato Central NKD Mp,1631000009,Partes Pequeñas,203002,Ckd,NEGRO,CRUDO,UND,True
7700149379571,40P Posap Tras Izq 125NKDR Mp,1631000000,Ckd,203002,Ckd,NEGRO,CRUDO,UND,True
7700149379588,40P Posap Tras Der 125NKDR Mp,1631000000,Ckd,203002,Ckd,NEGRO,CRUDO,UND,True
7700149425087,Pedal Cambi AK125CH V2 Mp,1631000000,Ckd,203002,Ckd,NEGRO,CRUDO,UND,True
7700149452458,Tornillo Hexagonal 125CH Mp,1631000009,Partes Pequeñas,203002,Ckd,NEGRO,CRUDO,UND,True
7700149471329,Caliper Freno Del 125CH Mp,1631000000,Ckd,203002,Ckd,NEGRO,CRUDO,UND,True
7700149471336,Resorte Freno Tras 125CH Mp,1631000009,Partes Pequeñas,203002,Ckd,NEGRO,CRUDO,UND,True
7700149471343,Pedal Freno CBS 125CH Mp,1631000000,Ckd,203002,Ckd,NEGRO,CRUDO,UND,True
7700149471350,Farola CBS 125CH Mp,1631000000,Ckd,203002,Ckd,NEGRO,CRUDO,UND,True
7700149471367,Comando Derecho CBS 125CH Mp,1631000000,Ckd,203002,Ckd,NEGRO,CRUDO,UND,True
7700149471381,Comando Izquierdo CBS 125CH Mp,1631000000,Ckd,203002,Ckd,NEGRO,CRUDO,UND,True
7700149471398,Cable Acelerador CBS 125CH Mp,1631000000,Ckd,203002,Ckd,NEGRO,CRUDO,UND,True
7700149471541,Soporte Freno CBS 125CH Mp,1631000000,Ckd,203002,Ckd,NEGRO,CRUDO,UND,True
7700149531641,Balanceador Manubrio 125CH Mp,1631000000,Ckd,203002,Ckd,NEGRO,CRUDO,UND,True
7700149537698,Relay Encendido AK125CH V2 Mp,1631000000,Ckd,203002,Ckd,NEGRO,CRUDO,UND,True
7700149545716,Leva Izquierda CBS 125CH V2 Mp,1631000000,Ckd,203002,Ckd,NEGRO,CRUDO,UND,True
7700149545723,Amortiguador Tras 125CH V2 Mp,1631000000,Ckd,203002,Ckd,NEGRO,CRUDO,UND,True
7700149545730,Manillar AK125CH V2 Mp,1631000000,Ckd,203002,Ckd,NEGRO,CRUDO,UND,True
7700149545747,Manillar Aceler AK125CH V2 Mp,1631000000,Ckd,203002,Ckd,NEGRO,CRUDO,UND,True
7700149545846,Cable Clutch AK125CH V2 Mp,1631000000,Ckd,203002,Ckd,NEGRO,CRUDO,UND,True
7700149546126,Manual CBS CHR 3*1 Mp,1632000000,Integracion Nacional,203002,Integración Nacional,NEGRO,CRUDO,UND,True
7700149562768,Retenedor Sensor Veloc CH Mp,1631000000,Ckd,203002,Ckd,NEGRO,CRUDO,UND,True
7700149562775,Arandela Sensor Veloc CH Mp,1631000009,Partes Pequeñas,203002,Ckd,NEGRO,CRUDO,UND,True
7700149562782,Sensor Velocimetro CH CBS Mp,1631000000,Ckd,203002,Ckd,NEGRO,CRUDO,UND,True
7700149563734,Manubrio CHR Nuevo Comando MP,1632000000,Integracion Nacional,203002,Integración Nacional,NEGRO,CRUDO,UND,True
7700149580410,Unidad CDI NKD Mp,1631000000,Ckd,203002,Ckd,NEGRO,CRUDO,UND,True
7700149583671,Motor AK125CH CBS V3 VIN Mp,1631000002,Materia Prima Motor,203002,Ckd,NEGRO,CRUDO,UND,True
7700149583688,Suspens Del Der 125CH V4 Mp,1631000000,Ckd,203002,Ckd,NEGRO,CRUDO,UND,True
7700149583695,Suspens Del Izq 125CH V3 Mp,1631000000,Ckd,203002,Ckd,NEGRO,CRUDO,UND,True
7700149619622,Pin CBS NKD Mp,1631000009,Partes Pequeñas,203002,Ckd,NEGRO,CRUDO,UND,True
7700149619639,Link Cable CBS NKD+ Mp,1631000000,Ckd,203002,Ckd,NEGRO,CRUDO,UND,True
7700149634755,Kit Switch 125CH V2 Mp,1631000000,Ckd,203002,Ckd,NEGRO,CRUDO,UND,True
7700149636179,Sistema Electrico CHR DC MP,1632000000,Integracion Nacional,203002,Integración Nacional,NEGRO,CRUDO,UND,True
7700149680479,Mofle AK125CH V2 Mp,1631000000,Ckd,203002,Ckd,NEGRO,CRUDO,UND,True
7700149687089,Spte Bateria V2 125CH Mp,1631000000,Ckd,203002,Ckd,NEGRO,CRUDO,UND,True
7700149689694,Buje Palanca Freno CHR Mp,1631000009,Partes Pequeñas,203002,Ckd,NEGRO,CRUDO,UND,True
7701023194372,200P Reflectivo 125NKDR-D Mp,1631000000,Ckd,203002,Ckd,NEGRO,CRUDO,UND,True
7701023235587,Calco Tension Cadena 125NKD Mp,1631000000,Ckd,203002,Ckd,NEGRO,CRUDO,UND,True
7701023236355,Torn Camp M10*30*14 Pav Mp,1631000009,Partes Pequeñas,203002,Ckd,NEGRO,CRUDO,UND,True
7701023236461,Torni Campa M6x20x10 Pavona Mp,1631000009,Partes Pequeñas,203002,Ckd,NEGRO,CRUDO,UND,True
7701023236836,Torn Ph Estrella M5*10 Pav Mp,1631000009,Partes Pequeñas,203002,Ckd,NEGRO,CRUDO,UND,True
7701023237215,Tuer Camp Ciega M10x16 Crom Mp,1631000009,Partes Pequeñas,203002,Ckd,NEGRO,CRUDO,UND,True
7701023375580,30G Crank 125SLR Mp,1631000000,Ckd,203002,Ckd,NEGRO,CRUDO,UND,True
7701023375788,Mang 15x9x130 Manguera en L Mp,1631000009,Partes Pequeñas,203002,Ckd,NEGRO,CRUDO,UND,True
7701023375849,Pin Clam 7mm Galv Mp,1631000009,Partes Pequeñas,203002,Ckd,NEGRO,CRUDO,UND,True
7701023376419,100P Llave Gasolina 125CH Mp,1631000000,Ckd,203002,Ckd,NEGRO,CRUDO,UND,True
7701023376570,200P Switc Fren Tras 125NKD Mp,1631000000,Ckd,203002,Ckd,NEGRO,CRUDO,UND,True
7701023376808,25G Plat Motor Del 125NKDR Mp,1631000000,Ckd,203002,Ckd,NEGRO,CRUDO,UND,True
7701023377478,Caucho Doble Ranura M8*25*7 Mp,1631000009,Partes Pequeñas,203002,Ckd,NEGRO,CRUDO,UND,True
7701023377546,Correa Bateria 125CH Mp,1631000009,Partes Pequeñas,203002,Ckd,NEGRO,CRUDO,UND,True
7701023377553,Correa Banda AK125CH Mp,1631000009,Partes Pequeñas,203002,Ckd,NEGRO,CRUDO,UND,True
7701023377584,Guía Clutch 125NKD Mp,1631000009,Partes Pequeñas,203002,Ckd,NEGRO,CRUDO,UND,True
7701023377782,624P EMpaq Valvula Gases NE Mp,1631000000,Ckd,203002,Ckd,NEGRO,CRUDO,UND,True
7701023378093,200P Arand Pina Sprocket NE Mp,1631000000,Ckd,203002,Ckd,NEGRO,CRUDO,UND,True
7701023378215,100P Platina Motor Sup NE MP,1631000000,Ckd,203002,Ckd,NEGRO,CRUDO,UND,True
7701023378758,Manguera 8x4x350 Del Larga Mp,1631000009,Partes Pequeñas,203002,Ckd,NEGRO,CRUDO,UND,True
7705946392891,60P Regulador 125NKD AHO Mp,1631000000,Ckd,203002,Ckd,NEGRO,CRUDO,UND,True
7705946843768,Clip Guia Clutch 125CH Mp,1631000009,Partes Pequeñas,203002,Ckd,NEGRO,CRUDO,UND,True
7705946987691,Tuerca Hex M8 300DS Mp,1631000009,Partes Pequeñas,203002,Ckd,NEGRO,CRUDO,UND,True
7700149005722,Sistema Exploradoras TTDS MP,1632000000,Integracion Nacional,203002,Integración Nacional,VERDE MATE NEGRO,CRUDO,UND,True
7700149186643,50P Pedal Cambios TTX V2 Mp,1631000000,Ckd,203002,Ckd,VERDE MATE NEGRO,CRUDO,UND,True
7700149186711,21P Pedal Freno TTX V2 Mp,1631000000,Ckd,203002,Ckd,VERDE MATE NEGRO,CRUDO,UND,True
7700149186728,Tijera 200TTR V2 Mp,1631000000,Ckd,203002,Ckd,VERDE MATE NEGRO,CRUDO,UND,True
7700149186735,Posapie Tra Der 200DS V2 Mp,1631000000,Ckd,203002,Ckd,VERDE MATE NEGRO,CRUDO,UND,True
7700149186773,Posapie Tra Izq 200DS V2 Mp,1631000000,Ckd,203002,Ckd,VERDE MATE NEGRO,CRUDO,UND,True
7700149264877,50P Bobina Alta TTR V2 Mp,1631000000,Ckd,203002,Ckd,VERDE MATE NEGRO,CRUDO,UND,True
7700149271622,Rued De Esp Sahara 200TTR  Mp ,1631000000,Ckd,203002,Ckd,VERDE MATE NEGRO,CRUDO,UND,True
7700149276290,Calco metzeler tijera TT Mp,1632000000,Integracion Nacional,203002,Integración Nacional,VERDE MATE NEGRO,CRUDO,UND,True
7700149276306,Calco Info moto 200DS+ Mp,1632000000,Integracion Nacional,203002,Integración Nacional,VERDE MATE NEGRO,CRUDO,UND,True
7700149313278,Pasacables De Tijera Mp,1631000009,Partes Pequeñas,203002,Ckd,VERDE MATE NEGRO,CRUDO,UND,True
7700149316439,Tuerca Campa Estri Galva M6 Mp,1631000009,Partes Pequeñas,203002,Ckd,VERDE MATE NEGRO,CRUDO,UND,True
7700149340458,Protector motor Rally MP,1632000000,Integracion Nacional,203002,Integración Nacional,VERDE MATE NEGRO,CRUDO,UND,True
7700149345460,Manubrio plano Alumini TTDS Mp,1632000000,Integracion Nacional,203002,Integración Nacional,VERDE MATE NEGRO,CRUDO,UND,True
7700149382908,Rueda Tras Edi Esp 200DS V2 Mp,1631000000,Ckd,203002,Ckd,VERDE MATE NEGRO,CRUDO,UND,True
7700149385596,Soporte Posapie 200DS+ Mp,1631000000,Ckd,203002,Ckd,VERDE MATE NEGRO,CRUDO,UND,True
7700149385619,Entrada USB 200DS+ Mp,1631000000,Ckd,203002,Ckd,VERDE MATE NEGRO,CRUDO,UND,True
7700149385626,Sprocket 200DS+ Mp,1631000000,Ckd,203002,Ckd,VERDE MATE NEGRO,CRUDO,UND,True
7700149385640,Accesorios Disco Freno Tras Mp,1631000000,Ckd,203002,Ckd,VERDE MATE NEGRO,CRUDO,UND,True
7700149385664,Platina Motor Tras 200DS+ Mp,1631000000,Ckd,203002,Ckd,VERDE MATE NEGRO,CRUDO,UND,True
7700149385671,Farola Front Izq 200DS+ Mp,1631000000,Ckd,203002,Ckd,VERDE MATE NEGRO,CRUDO,UND,True
7700149385688,Guaya Clutch 200DS+ Mp,1631000000,Ckd,203002,Ckd,VERDE MATE NEGRO,CRUDO,UND,True
7700149385732,Platina Motor Sup Izq Mp,1631000000,Ckd,203002,Ckd,VERDE MATE NEGRO,CRUDO,UND,True
7700149385756,Guaya Acelerador 200DS+ Mp,1631000000,Ckd,203002,Ckd,VERDE MATE NEGRO,CRUDO,UND,True
7700149385763,Caja Filtro 200DS+ Mp,1631000000,Ckd,203002,Ckd,VERDE MATE NEGRO,CRUDO,UND,True
7700149385770,Filtro Desfogu Motor 200DS+ Mp,1631000009,Partes Pequeñas,203002,Ckd,VERDE MATE NEGRO,CRUDO,UND,True
7700149385787,Platina Filtro Motor 200DS+ Mp,1631000000,Ckd,203002,Ckd,VERDE MATE NEGRO,CRUDO,UND,True
7700149385794,Valv Toma Aire Sec 200DS+ Mp,1631000000,Ckd,203002,Ckd,VERDE MATE NEGRO,CRUDO,UND,True
7700149385800,Soport Valv Toma Aire Sec Mp,1631000000,Ckd,203002,Ckd,VERDE MATE NEGRO,CRUDO,UND,True
7700149385824,Cubierta Mofle Tras 200DS+ Mp,1631000000,Ckd,203002,Ckd,VERDE MATE NEGRO,CRUDO,UND,True
7700149385831,Soporte Farola 200DS+ Mp,1631000000,Ckd,203002,Ckd,VERDE MATE NEGRO,CRUDO,UND,True
7700149385848,Aislante de Calor Mp,1631000009,Partes Pequeñas,203002,Ckd,VERDE MATE NEGRO,CRUDO,UND,True
7700149385862,Switch Izq 200DS+ Mp,1631000000,Ckd,203002,Ckd,VERDE MATE NEGRO,CRUDO,UND,True
7700149385879,Abrazad Manubrio Izq 200DS+ Mp,1631000000,Ckd,203002,Ckd,VERDE MATE NEGRO,CRUDO,UND,True
7700149385886,Switch Der 200DS+ Mp,1631000000,Ckd,203002,Ckd,VERDE MATE NEGRO,CRUDO,UND,True
7700149385893,Platin Tanq Gas Der 200DS+ Mp,1631000000,Ckd,203002,Ckd,VERDE MATE NEGRO,CRUDO,UND,True
7700149385909,Tub Valv Toma Aire Sec Mp,1631000000,Ckd,203002,Ckd,VERDE MATE NEGRO,CRUDO,UND,True
7700149385916,Manguera Recta Mediana Mp,1631000009,Partes Pequeñas,203002,Ckd,VERDE MATE NEGRO,CRUDO,UND,True
7700149385923,Soporte Izq Tanq Gas 200DS+ Mp,1631000000,Ckd,203002,Ckd,VERDE MATE NEGRO,CRUDO,UND,True
7700149385930,Arandela Plana M8x24x2 Galv Mp,1631000009,Partes Pequeñas,203002,Ckd,VERDE MATE NEGRO,CRUDO,UND,True
7700149385947,Arandela Plana M5X10X1 Mp,1631000009,Partes Pequeñas,203002,Ckd,VERDE MATE NEGRO,CRUDO,UND,True
7700149385954,Aran Presión M5x8 Galv Mp,1631000009,Partes Pequeñas,203002,Ckd,VERDE MATE NEGRO,CRUDO,UND,True
7700149385961,Mang Recta Delgada M4.8x350 Mp,1631000009,Partes Pequeñas,203002,Ckd,VERDE MATE NEGRO,CRUDO,UND,True
7700149385978,Torn Somb Hex M6x20 Galvan Mp,1631000009,Partes Pequeñas,203002,Ckd,VERDE MATE NEGRO,CRUDO,UND,True
7700149385985,Manguera en L M 9x15 Mp,1631000009,Partes Pequeñas,203002,Ckd,VERDE MATE NEGRO,CRUDO,UND,True
7700149385992,Torni Socket M5×20 Galvan Mp,1631000009,Partes Pequeñas,203002,Ckd,VERDE MATE NEGRO,CRUDO,UND,True
7700149386005,Buj Rect Pavo Vrd M17x31x20 Mp,1631000009,Partes Pequeñas,203002,Ckd,VERDE MATE NEGRO,CRUDO,UND,True
7700149386012,Tor Camp Cuel M8x100x12 Pav Mp,1631000009,Partes Pequeñas,203002,Ckd,VERDE MATE NEGRO,CRUDO,UND,True
7700149386029,Kit Candado 200DS+ Mp,1631000000,Ckd,203002,Ckd,VERDE MATE NEGRO,CRUDO,UND,True
7700149386067,Mang Recta Gruesa 11x550 Mp,1631000009,Partes Pequeñas,203002,Ckd,VERDE MATE NEGRO,CRUDO,UND,True
7700149386074,Cubierta Velocimetro 200DS+ Mp,1631000000,Ckd,203002,Ckd,VERDE MATE NEGRO,CRUDO,UND,True
7700149386098,Guardabarro Del Trasero Mp,1631000000,Ckd,203002,Ckd,VERDE MATE NEGRO,CRUDO,UND,True
7700149386104,Recubrimient Guadbarro Tras Mp,1631000000,Ckd,203002,Ckd,VERDE MATE NEGRO,CRUDO,UND,True
7700149386111,Cubierta Lateral Izq 200DS+ Mp,1631000000,Ckd,203002,Ckd,VERDE MATE NEGRO,CRUDO,UND,True
7700149386128,Cubierta Lateral Der 200DS+ Mp,1631000000,Ckd,203002,Ckd,VERDE MATE NEGRO,CRUDO,UND,True
7700149386135,Torni Somb Hexa M6x12 Pavon Mp,1631000009,Partes Pequeñas,203002,Ckd,VERDE MATE NEGRO,CRUDO,UND,True
7700149386159,Platin Tanq Gas Izq 200DS+ Mp,1631000000,Ckd,203002,Ckd,VERDE MATE NEGRO,CRUDO,UND,True
7700149386180,Platina Cupula 200DS+ Mp,1631000000,Ckd,203002,Ckd,VERDE MATE NEGRO,CRUDO,UND,True
7700149386197,Kit Herramientas 200DS+ Mp,1631000000,Ckd,203002,Ckd,VERDE MATE NEGRO,CRUDO,UND,True
7700149386203,Torn Gato Lateral Mp,1631000009,Partes Pequeñas,203002,Ckd,VERDE MATE NEGRO,CRUDO,UND,True
7700149386210,Tornillo Camp M8x60 Mp,1631000009,Partes Pequeñas,203002,Ckd,VERDE MATE NEGRO,CRUDO,UND,True
7700149387811,Soporte Sistema ABS 200DS+ Mp,1631000000,Ckd,203002,Ckd,VERDE MATE NEGRO,CRUDO,UND,True
7700149387828,Rueda Fonica 200DS+ ABS Mp,1631000000,Ckd,203002,Ckd,VERDE MATE NEGRO,CRUDO,UND,True
7700149387835,Amortig Del Izq 200DS+ABS Mp,1631000000,Ckd,203002,Ckd,VERDE MATE NEGRO,CRUDO,UND,True
7700149387842,Amortig Del Der 200DS+ ABS Mp,1631000000,Ckd,203002,Ckd,VERDE MATE NEGRO,CRUDO,UND,True
7700149387859,Buje Camp 12x23x29.5 Mp,1631000009,Partes Pequeñas,203002,Ckd,VERDE MATE NEGRO,CRUDO,UND,True
7700149387866,Sopt Mang Fren Disc 200DS+ Mp,1631000000,Ckd,203002,Ckd,VERDE MATE NEGRO,CRUDO,UND,True
7700149387972,Motor 200DS+ ABS VIN Mp,1631000002,Materia Prima Motor,203002,Ckd,VERDE MATE NEGRO,CRUDO,UND,True
7700149388092,Sop Conex Scaner 200DS+ ABS Mp,1631000000,Ckd,203002,Ckd,VERDE MATE NEGRO,CRUDO,UND,True
7700149388108,Velocimetro 200DS+ ABS Mp,1631000000,Ckd,203002,Ckd,VERDE MATE NEGRO,CRUDO,UND,True
7700149388115,Sensor Veloc 200DS+ ABS Mp,1631000000,Ckd,203002,Ckd,VERDE MATE NEGRO,CRUDO,UND,True
7700149388139,Disc Fren Del Izq 200DS ABS Mp,1631000000,Ckd,203002,Ckd,VERDE MATE NEGRO,CRUDO,UND,True
7700149395687,Ramal Electr AK200DS+ ABS Mp,1631000000,Ckd,203002,Ckd,VERDE MATE NEGRO,CRUDO,UND,True
7700149395694,Calip FrenDisc Del 200DSABS Mp,1631000000,Ckd,203002,Ckd,VERDE MATE NEGRO,CRUDO,UND,True
7700149457392,Parrilla Trasera TT200 Mp,1632000000,Integracion Nacional,203002,Integración Nacional,VERDE MATE NEGRO,CRUDO,UND,True
7700149464376,Mofle puntera nueva TTR-TT MP,1632000000,Integracion Nacional,203002,Integración Nacional,VERDE MATE NEGRO,CRUDO,UND,True
7700149466400,Gato Lateral TTDS+ Mp,1632000000,Integracion Nacional,203002,Integración Nacional,VERDE MATE NEGRO,CRUDO,UND,True
7700149491471,Calco ABS Izq 200DS+  MP,1632000000,Integracion Nacional,203002,Integración Nacional,VERDE MATE NEGRO,CRUDO,UND,True
7700149491488,Calco ABS Der 200DS+  MP,1632000000,Integracion Nacional,203002,Integración Nacional,VERDE MATE NEGRO,CRUDO,UND,True
7700149520706,Defensa TT200 MP,1632000000,Integracion Nacional,203002,Integración Nacional,VERDE MATE NEGRO,CRUDO,UND,True
7700149522816,Sensor Combustible 200DS V2 Mp,1631000000,Ckd,203002,Ckd,VERDE MATE NEGRO,CRUDO,UND,True
7700149522823,Horquilla Inferior 200DS V2 Mp,1631000000,Ckd,203002,Ckd,VERDE MATE NEGRO,CRUDO,UND,True
7700149533164,Calco Linea Izq TT 200RALLY MP,1632000000,Integracion Nacional,203002,Integración Nacional,VERDE MATE NEGRO,CRUDO,UND,True
7700149533171,Manilar Derecho TTR/DS+ MP,1632000000,Integracion Nacional,203002,Integración Nacional,VERDE MATE NEGRO,CRUDO,UND,True
7700149533188,Calco Tapa  Der TT200RALLY MP,1632000000,Integracion Nacional,203002,Integración Nacional,VERDE MATE NEGRO,CRUDO,UND,True
7700149533195,Calco Tapa  Izq TT200RALLY MP,1632000000,Integracion Nacional,203002,Integración Nacional,VERDE MATE NEGRO,CRUDO,UND,True
7700149533201,Calco 2 Izq TT 200RALLY MP,1632000000,Integracion Nacional,203002,Integración Nacional,VERDE MATE NEGRO,CRUDO,UND,True
7700149533218,Calco 2 Der TT 200RALLY MP,1632000000,Integracion Nacional,203002,Integración Nacional,VERDE MATE NEGRO,CRUDO,UND,True
7700149533225,Calco 3 Izq TT 200RALLY MP,1632000000,Integracion Nacional,203002,Integración Nacional,VERDE MATE NEGRO,CRUDO,UND,True
7700149533232,Calco 3 Der TT 200RALLY MP,1632000000,Integracion Nacional,203002,Integración Nacional,VERDE MATE NEGRO,CRUDO,UND,True
7700149533249,Manilar Izquierdo TTR/DS+ MP,1632000000,Integracion Nacional,203002,Integración Nacional,VERDE MATE NEGRO,CRUDO,UND,True
7700149533256,Calco Cola Izq TT 200RALLY MP,1632000000,Integracion Nacional,203002,Integración Nacional,VERDE MATE NEGRO,CRUDO,UND,True
7700149533270,Calco Linea Der TT 200RALLY MP,1632000000,Integracion Nacional,203002,Integración Nacional,VERDE MATE NEGRO,CRUDO,UND,True
7700149533287,Calco Rin Enduro MP,1632000000,Integracion Nacional,203002,Integración Nacional,VERDE MATE NEGRO,CRUDO,UND,True
7700149533355,Calco Cola Der TT 200RALLY MP,1632000000,Integracion Nacional,203002,Integración Nacional,VERDE MATE NEGRO,CRUDO,UND,True
7700149536332,Exploradora FP Mp,1632000000,Integracion Nacional,203002,Integración Nacional,VERDE MATE NEGRO,CRUDO,UND,True
7700149536585,Calco PPF Velocimetro TT200 MP,1632000000,Integracion Nacional,203002,Integración Nacional,VERDE MATE NEGRO,CRUDO,UND,True
7700149536592,Calco Removible PPF MP,1632000000,Integracion Nacional,203002,Integración Nacional,VERDE MATE NEGRO,CRUDO,UND,True
7700149536608,Calco Refle Protector Manos MP,1632000000,Integracion Nacional,203002,Integración Nacional,VERDE MATE NEGRO,CRUDO,UND,True
7700149537520,Cortaviento FP TT Rally Izq Mp,1632000000,Integracion Nacional,203002,Integración Nacional,VERDE MATE NEGRO,CRUDO,UND,True
7700149537537,Cortaviento FP TT Rally Der Mp,1632000000,Integracion Nacional,203002,Integración Nacional,VERDE MATE NEGRO,CRUDO,UND,True
7700149546195,Manual ABS TTDS+ 3*1 Mp,1632000000,Integracion Nacional,203002,Integración Nacional,VERDE MATE NEGRO,CRUDO,UND,True
7700149546683,Direcc Tra Der 125TTR V2 Mp,1631000000,Ckd,203002,Ckd,VERDE MATE NEGRO,CRUDO,UND,True
7700149622257,Ramal Aux Sis Expl TTDS+ABS Mp,1632000000,Integracion Nacional,203002,Integración Nacional,VERDE MATE NEGRO,CRUDO,UND,True
7700149651219,Ducto RAC TT200 Mp,1632000000,Integracion Nacional,203002,Integración Nacional,VERDE MATE NEGRO,CRUDO,UND,True
7700149681193,Protect Velocimetro TT200 MP,1632000000,Integracion Nacional,203002,Integración Nacional,VERDE MATE NEGRO,CRUDO,UND,True
7701023035163,Arand Plan M13x36x2.5 Pav Mp,1631000009,Partes Pequeñas,203002,Ckd,VERDE MATE NEGRO,CRUDO,UND,True
7701023042550,50G Conector Carburador TTX Mp,1631000000,Ckd,203002,Ckd,VERDE MATE NEGRO,CRUDO,UND,True
7701023042604,CDI TTX Mp,1631000000,Ckd,203002,Ckd,VERDE MATE NEGRO,CRUDO,UND,True
7701023042741,Laina Sprocket Mp,1631000009,Partes Pequeñas,203002,Ckd,VERDE MATE NEGRO,CRUDO,UND,True
7701023042772,Resorte 65×1.5×10 TTX Mp,1631000009,Partes Pequeñas,203002,Ckd,VERDE MATE NEGRO,CRUDO,UND,True
7701023042802,15P Disco Freno Tra TTR Mp,1631000000,Ckd,203002,Ckd,VERDE MATE NEGRO,CRUDO,UND,True
7701023042864,110P Soporte Motor Inf TTX Mp,1631000000,Ckd,203002,Ckd,VERDE MATE NEGRO,CRUDO,UND,True
7701023042949,Flauta Tijera Mp,1631000009,Partes Pequeñas,203002,Ckd,VERDE MATE NEGRO,CRUDO,UND,True
7701023043113,Tornillo Soke M5×12 Pav Mp,1631000009,Partes Pequeñas,203002,Ckd,VERDE MATE NEGRO,CRUDO,UND,True
7701023043120,Tornillo Socket M6x12 Pav Mp,1631000009,Partes Pequeñas,203002,Ckd,VERDE MATE NEGRO,CRUDO,UND,True
7701023043137,Torni Socket M8×16 Pavonado Mp,1631000009,Partes Pequeñas,203002,Ckd,VERDE MATE NEGRO,CRUDO,UND,True
7701023043236,Aran Plana M10x20x1.5 Pavon Mp,1631000009,Partes Pequeñas,203002,Ckd,VERDE MATE NEGRO,CRUDO,UND,True
7701023043250,Arand Pres M10.5x16x2.5 Pav Mp,1631000009,Partes Pequeñas,203002,Ckd,VERDE MATE NEGRO,CRUDO,UND,True
7701023043298,Buj Rect Pavon Vrd M17x25x9 Mp,1631000009,Partes Pequeñas,203002,Ckd,VERDE MATE NEGRO,CRUDO,UND,True
7701023043335,Eje Llanta Tra M17x294 Pavo Mp,1631000009,Partes Pequeñas,203002,Ckd,VERDE MATE NEGRO,CRUDO,UND,True
7701023044905,Guardacadena TT-X MP,1632000000,Integracion Nacional,203002,Integración Nacional,VERDE MATE NEGRO,CRUDO,UND,True
7701023099851,105P Plat Motor Der TTR Mp,1631000000,Ckd,203002,Ckd,VERDE MATE NEGRO,CRUDO,UND,True
7701023099998,Tor Camp Cuel M12x85x15 Pav Mp,1631000009,Partes Pequeñas,203002,Ckd,VERDE MATE NEGRO,CRUDO,UND,True
7701023100076,Caucho Sombrilla Mp,1631000009,Partes Pequeñas,203002,Ckd,VERDE MATE NEGRO,CRUDO,UND,True
7701023100182,Orrin Pedal de Freno Mp,1631000009,Partes Pequeñas,203002,Ckd,VERDE MATE NEGRO,CRUDO,UND,True
7701023100236,105P Tuerca de Direccion BR Mp,1631000000,Ckd,203002,Ckd,VERDE MATE NEGRO,CRUDO,UND,True
7701023100250,50P Guardapolvo Direcc BR Mp,1631000000,Ckd,203002,Ckd,VERDE MATE NEGRO,CRUDO,UND,True
7701023100328,Torni Sombri Hex M8x20 Pav Mp,1631000009,Partes Pequeñas,203002,Ckd,VERDE MATE NEGRO,CRUDO,UND,True
7701023100342,Tor Cam Cuel M10x115x13 Pav Mp,1631000009,Partes Pequeñas,203002,Ckd,VERDE MATE NEGRO,CRUDO,UND,True
7701023100373,Tor Camp Cuell M8x90x12 Pav Mp,1631000009,Partes Pequeñas,203002,Ckd,VERDE MATE NEGRO,CRUDO,UND,True
7701023235259,Arand Plan M13x24x2 Pavon Mp,1631000009,Partes Pequeñas,203002,Ckd,VERDE MATE NEGRO,CRUDO,UND,True
7701023235297,Arand Plan M8x20x2 Pav Mp,1631000009,Partes Pequeñas,203002,Ckd,VERDE MATE NEGRO,CRUDO,UND,True
7701023235341,Torn Camp Cuel M8x65x12 Pav Mp,1631000009,Partes Pequeñas,203002,Ckd,VERDE MATE NEGRO,CRUDO,UND,True
7701023235365,Arande Plana M8x32x2 Pav Mp,1631000009,Partes Pequeñas,203002,Ckd,VERDE MATE NEGRO,CRUDO,UND,True
7701023235402,105P Torni Direccion TTR-BR Mp,1631000000,Ckd,203002,Ckd,VERDE MATE NEGRO,CRUDO,UND,True
7701023235426,Arand Presion M6x11 Pavona Mp,1631000009,Partes Pequeñas,203002,Ckd,VERDE MATE NEGRO,CRUDO,UND,True
7701023235440,Arand Pres M8x12.5x2 Pavon Mp,1631000009,Partes Pequeñas,203002,Ckd,VERDE MATE NEGRO,CRUDO,UND,True
7701023235723,Chapeta China Mp,1631000009,Partes Pequeñas,203002,Ckd,VERDE MATE NEGRO,CRUDO,UND,True
7701023236157,Torni Hexag Buj M8x20 Pavon Mp,1631000009,Partes Pequeñas,203002,Ckd,VERDE MATE NEGRO,CRUDO,UND,True
7701023236249,Torni Campa M10x35 Pavonado Mp,1631000009,Partes Pequeñas,203002,Ckd,VERDE MATE NEGRO,CRUDO,UND,True
7701023236430,Torni Campa M6x16x10 Galvan Mp,1631000009,Partes Pequeñas,203002,Ckd,VERDE MATE NEGRO,CRUDO,UND,True
7701023236577,Torni Campa M6x25 Pavonado Mp,1631000009,Partes Pequeñas,203002,Ckd,VERDE MATE NEGRO,CRUDO,UND,True
7701023236706,Tornillo Campa M8x30 Pavona Mp,1631000009,Partes Pequeñas,203002,Ckd,VERDE MATE NEGRO,CRUDO,UND,True
7701023236720,Tornillo Campa M8x35 Pavona Mp,1631000009,Partes Pequeñas,203002,Ckd,VERDE MATE NEGRO,CRUDO,UND,True
7701023236850,Torn Camp Buje M6x16x10 Pav Mp,1631000009,Partes Pequeñas,203002,Ckd,VERDE MATE NEGRO,CRUDO,UND,True
7701023236898,Tor Camp Cuell M8x70x12 Pav Mp,1631000009,Partes Pequeñas,203002,Ckd,VERDE MATE NEGRO,CRUDO,UND,True
7701023237017,Torni Socket M6×20 Pavonado Mp,1631000009,Partes Pequeñas,203002,Ckd,VERDE MATE NEGRO,CRUDO,UND,True
7701023237086,Torni Socket M8×30 Pavonado Mp,1631000009,Partes Pequeñas,203002,Ckd,VERDE MATE NEGRO,CRUDO,UND,True
7701023237222,Tuer Camp Estri M8x13 Pav Mp,1631000009,Partes Pequeñas,203002,Ckd,VERDE MATE NEGRO,CRUDO,UND,True
7701023237420,Tuer Camp Segur M14x19 Galv Mp,1631000009,Partes Pequeñas,203002,Ckd,VERDE MATE NEGRO,CRUDO,UND,True
7701023237475,Tuer Camp Seg M8x12 Pav Mp,1631000009,Partes Pequeñas,203002,Ckd,VERDE MATE NEGRO,CRUDO,UND,True
7701023237482,Tuer Cam Seg M10x15 Pavona Mp,1631000009,Partes Pequeñas,203002,Ckd,VERDE MATE NEGRO,CRUDO,UND,True
7701023237512,Tuer Camp Seg M12x17 Pav Mp,1631000009,Partes Pequeñas,203002,Ckd,VERDE MATE NEGRO,CRUDO,UND,True
7701023237543,Tuer Camp Seg M16x21 Pavon Mp,1631000009,Partes Pequeñas,203002,Ckd,VERDE MATE NEGRO,CRUDO,UND,True
7701023238045,Torni Campa M8x16x10 Galvan Mp,1631000009,Partes Pequeñas,203002,Ckd,VERDE MATE NEGRO,CRUDO,UND,True
7701023380966,Manguera Recta Corta 110NV Mp,1631000009,Partes Pequeñas,203002,Ckd,VERDE MATE NEGRO,CRUDO,UND,True
7701023383943,Caucho Pivot de Tanque Mp,1631000009,Partes Pequeñas,203002,Ckd,VERDE MATE NEGRO,CRUDO,UND,True
7701023383950,Caucho Tanque TTR Mp,1631000009,Partes Pequeñas,203002,Ckd,VERDE MATE NEGRO,CRUDO,UND,True
7701023383967,105P Llave Gasolina CR5-BR Mp,1631000000,Ckd,203002,Ckd,VERDE MATE NEGRO,CRUDO,UND,True
7701023384155,40G Caja Bateria BR Mp,1631000000,Ckd,203002,Ckd,VERDE MATE NEGRO,CRUDO,UND,True
7701023384452,15G Horquilla Superior BR Mp,1631000000,Ckd,203002,Ckd,VERDE MATE NEGRO,CRUDO,UND,True
7701023384469,105P Pista Direcc Sup BR Mp,1631000000,Ckd,203002,Ckd,VERDE MATE NEGRO,CRUDO,UND,True
7701023384513,50G Deslizador Cadena BR Mp,1631000000,Ckd,203002,Ckd,VERDE MATE NEGRO,CRUDO,UND,True
7701023384575,60G Caja Herramienta BR Mp,1631000000,Ckd,203002,Ckd,VERDE MATE NEGRO,CRUDO,UND,True
7701023384643,105P Platina Sillin BR Mp,1631000000,Ckd,203002,Ckd,VERDE MATE NEGRO,CRUDO,UND,True
7701023384865,Resorte Gato Lateral TTR Mp,1631000009,Partes Pequeñas,203002,Ckd,VERDE MATE NEGRO,CRUDO,UND,True
7701023411134,Buje Camp Galvan M8.5x30x17 Mp,1631000009,Partes Pequeñas,203002,Ckd,VERDE MATE NEGRO,CRUDO,UND,True
7701023411264,Caucho Camp M11x23x9 Mp,1631000009,Partes Pequeñas,203002,Ckd,VERDE MATE NEGRO,CRUDO,UND,True
7701023411356,Buje Camp Galvan M8.5x28x22 Mp,1631000009,Partes Pequeñas,203002,Ckd,VERDE MATE NEGRO,CRUDO,UND,True
7701023411363,Buje Camp Galvan M6.5x18x11 Mp,1631000009,Partes Pequeñas,203002,Ckd,VERDE MATE NEGRO,CRUDO,UND,True
7701023411387,Eje Llant Del M12x210 Pavon Mp,1631000009,Partes Pequeñas,203002,Ckd,VERDE MATE NEGRO,CRUDO,UND,True
7701023411516,Buj Camp Galva M8.5x24x14.5 Mp,1631000009,Partes Pequeñas,203002,Ckd,VERDE MATE NEGRO,CRUDO,UND,True
7701023411523,Tor Camp Cuel M12x80x15 Pav Mp,1631000009,Partes Pequeñas,203002,Ckd,VERDE MATE NEGRO,CRUDO,UND,True
7701023411530,Cau Dobl Ranu M14.5x28x12.5 Mp,1631000009,Partes Pequeñas,203002,Ckd,VERDE MATE NEGRO,CRUDO,UND,True
7701023411653,Correa Plastica 300 MP,1631000009,Partes Pequeñas,203002,Ckd,VERDE MATE NEGRO,CRUDO,UND,True
7701023411721,Pin Guia Plastico TTR Mp,1631000009,Partes Pequeñas,203002,Ckd,VERDE MATE NEGRO,CRUDO,UND,True
7701023412162,Buj Rct Pav Vrd M12x17.5x18 Mp,1631000009,Partes Pequeñas,203002,Ckd,VERDE MATE NEGRO,CRUDO,UND,True
7701023412193,Guia Cable Bobina de Alta Mp,1631000009,Partes Pequeñas,203002,Ckd,VERDE MATE NEGRO,CRUDO,UND,True
7701023412230,Correa Bateria TTR MP,1631000009,Partes Pequeñas,203002,Ckd,VERDE MATE NEGRO,CRUDO,UND,True
7701023412278,Chapeta M5 MP,1631000009,Partes Pequeñas,203002,Ckd,VERDE MATE NEGRO,CRUDO,UND,True
7701023412285,Caucho Camp M15x30x16 Mp,1631000009,Partes Pequeñas,203002,Ckd,VERDE MATE NEGRO,CRUDO,UND,True
7701023412315,Pasacable Metalico Mp,1631000009,Partes Pequeñas,203002,Ckd,VERDE MATE NEGRO,CRUDO,UND,True
7701023417792,105P Soprt Manubr BR-TTR200 Mp,1631000000,Ckd,203002,Ckd,VERDE MATE NEGRO,CRUDO,UND,True
7701023417808,Tornillo Hex M10x25x15 Pav Mp,1631000009,Partes Pequeñas,203002,Ckd,VERDE MATE NEGRO,CRUDO,UND,True
7701023955003,6P Amortiguador Tras BR 16 MP,1631000000,Ckd,203002,Ckd,VERDE MATE NEGRO,CRUDO,UND,True
7705946182706,15P Carburador 200DS V2 Mp,1631000000,Ckd,203002,Ckd,VERDE MATE NEGRO,CRUDO,UND,True
7705946318907,10G Freno Tras Cto 200TTR-X Mp,1631000000,Ckd,203002,Ckd,VERDE MATE NEGRO,CRUDO,UND,True
7705946318921,Arand Pres Pavon M12.5x19x3 Mp,1631000009,Partes Pequeñas,203002,Ckd,VERDE MATE NEGRO,CRUDO,UND,True
7705946440318,Guardapolvo Tijera TTR Mp,1631000009,Partes Pequeñas,203002,Ckd,VERDE MATE NEGRO,CRUDO,UND,True
7705946576277,40P Tensor Cadena DS200 Mp,1631000000,Ckd,203002,Ckd,VERDE MATE NEGRO,CRUDO,UND,True
7705946576314,Eje Tijera M14x260 Galvan Mp,1631000009,Partes Pequeñas,203002,Ckd,VERDE MATE NEGRO,CRUDO,UND,True
7705946674447,30G Protector mofle 200DS Mp,1631000000,Ckd,203002,Ckd,VERDE MATE NEGRO,CRUDO,UND,True
7705946674485,Empaque union mofle DS Mp,1631000009,Partes Pequeñas,203002,Ckd,VERDE MATE NEGRO,CRUDO,UND,True
7705946674522,60P Cubta Switch Encend DS Mp,1631000000,Ckd,203002,Ckd,VERDE MATE NEGRO,CRUDO,UND,True
7705946674539,54P Platina Cubta Switch DS Mp,1631000000,Ckd,203002,Ckd,VERDE MATE NEGRO,CRUDO,UND,True
7705946674577,55G Stop Cto 200DS Mp,1631000000,Ckd,203002,Ckd,VERDE MATE NEGRO,CRUDO,UND,True
7705946674584,50G Luz placa 200DS Mp,1631000000,Ckd,203002,Ckd,VERDE MATE NEGRO,CRUDO,UND,True
7705946674843,60G Guardap Tras Izq DS Mp,1631000000,Ckd,203002,Ckd,VERDE MATE NEGRO,CRUDO,UND,True
7705946674850,60G Guardap Tras Der DS Mp,1631000000,Ckd,203002,Ckd,VERDE MATE NEGRO,CRUDO,UND,True
7705946674867,50P Soporte Guarda Tras DS Mp,1631000000,Ckd,203002,Ckd,VERDE MATE NEGRO,CRUDO,UND,True
7705946674874,Guardab Tras DS Mp,1631000000,Ckd,203002,Ckd,VERDE MATE NEGRO,CRUDO,UND,True
7705946674881,32G Guardabarro Tras Int DS Mp,1631000000,Ckd,203002,Ckd,VERDE MATE NEGRO,CRUDO,UND,True
7705946674966,Tor Camp Cuel M8x55x10 Pavo Mp,1631000009,Partes Pequeñas,203002,Ckd,VERDE MATE NEGRO,CRUDO,UND,True
7705946674980,Torni Socket Cuel M6×70 Pav Mp,1631000009,Partes Pequeñas,203002,Ckd,VERDE MATE NEGRO,CRUDO,UND,True
7705946674997,Tor Somb Hex lujo M5x15 Vrd Mp,1631000009,Partes Pequeñas,203002,Ckd,VERDE MATE NEGRO,CRUDO,UND,True
7705946675048,Torn Somb Hex Ace Ino M6x25 Mp,1631000009,Partes Pequeñas,203002,Ckd,VERDE MATE NEGRO,CRUDO,UND,True
7705946675086,Chapeta M6 MP,1631000009,Partes Pequeñas,203002,Ckd,VERDE MATE NEGRO,CRUDO,UND,True
7705946675116,Buje Recto Galvan M8x20x4 Mp,1631000009,Partes Pequeñas,203002,Ckd,VERDE MATE NEGRO,CRUDO,UND,True
7705946675123,Buje 65x1.5x10 Mp,1631000009,Partes Pequeñas,203002,Ckd,VERDE MATE NEGRO,CRUDO,UND,True
7705946675147,Torni Camp Cuel M8x95 Pavon Mp,1631000009,Partes Pequeñas,203002,Ckd,VERDE MATE NEGRO,CRUDO,UND,True
7705946675154,Caucho Doble Ranur M22x33x7 Mp,1631000009,Partes Pequeñas,203002,Ckd,VERDE MATE NEGRO,CRUDO,UND,True
7705946675208,Tapon Chasis Mp,1631000009,Partes Pequeñas,203002,Ckd,VERDE MATE NEGRO,CRUDO,UND,True
7705946676236,105G Cubta Inf Izq Chasis DSMp,1631000000,Ckd,203002,Ckd,VERDE MATE NEGRO,CRUDO,UND,True
7705946676243,105G Cubta Inf Der Chasis DSMp,1631000000,Ckd,203002,Ckd,VERDE MATE NEGRO,CRUDO,UND,True
7705946676274,108P Sopor MangFrenoDiscoDS Mp,1631000000,Ckd,203002,Ckd,VERDE MATE NEGRO,CRUDO,UND,True
7705946879415,60P Guia Cadena 200DS Mp,1631000000,Ckd,203002,Ckd,VERDE MATE NEGRO,CRUDO,UND,True
7705946937399,Switche Explora NKD Mp,1632000000,Integracion Nacional,203002,Integración Nacional,VERDE MATE NEGRO,CRUDO,UND,True
7705946949989,10P Cadena 428HDx124 125CR4 Mp,1631000000,Ckd,203002,Ckd,VERDE MATE NEGRO,CRUDO,UND,True
7705946979207,Bateria Gel 12V/7AH TTR Mp,1631000000,Ckd,203002,Ckd,VERDE MATE NEGRO,CRUDO,UND,True
7705946987479,Torni Campa Galvan M8*16*10 Mp,1631000009,Partes Pequeñas,203002,Ckd,VERDE MATE NEGRO,CRUDO,UND,True
7705946988193,Abrazade galvan M11x1 300DS Mp,1631000009,Partes Pequeñas,203002,Ckd,VERDE MATE NEGRO,CRUDO,UND,True
7700149266963,39G Soporte Bateria AK125CH Mp,1631000000,Ckd,203002,Ckd,ROJO,CRUDO,UND,True
7700149320597,Calco Tanque Neg Izq CHR Mp,1632000000,Integracion Nacional,203002,Integración Nacional,ROJO,CRUDO,UND,True
7700149320603,Calco Tanque Neg Der CHR Mp,1632000000,Integracion Nacional,203002,Integración Nacional,ROJO,CRUDO,UND,True
7700149122740,Calco Info moto 125TTR Mp,1632000000,Integracion Nacional,203002,Integración Nacional,BLANCO NEGRO,CRUDO,UND,True
7700149156363,30G Kit Switch Enc AK200TTR Mp,1631000000,Ckd,203002,Ckd,BLANCO NEGRO,CRUDO,UND,True
7700149186650,Tijera 125BR V2 Mp,1631000000,Ckd,203002,Ckd,BLANCO NEGRO,CRUDO,UND,True
7700149186667,Posapie Del Izq Cto BR V2 Mp,1631000000,Ckd,203002,Ckd,BLANCO NEGRO,CRUDO,UND,True
7700149186674,Posapie Del Der Cto BR V2 Mp,1631000000,Ckd,203002,Ckd,BLANCO NEGRO,CRUDO,UND,True
7700149186681,Posapie Tra Izq Cto BR V2 Mp,1631000000,Ckd,203002,Ckd,BLANCO NEGRO,CRUDO,UND,True
7700149186698,24P Posap Tra Der Cto BR V2 Mp,1631000000,Ckd,203002,Ckd,BLANCO NEGRO,CRUDO,UND,True
7700149186759,55P Pedal Cambios BR V2 Mp,1631000000,Ckd,203002,Ckd,BLANCO NEGRO,CRUDO,UND,True
7700149205849,40G Sensor Gasoli 200DS V2 Mp,1631000000,Ckd,203002,Ckd,BLANCO NEGRO,CRUDO,UND,True
7700149248747,Sillin Confort TTR MP,1632000000,Integracion Nacional,203002,Integración Nacional,BLANCO NEGRO,CRUDO,UND,True
7700149278195,Manubrio Plano TTR Mp,1632000000,Integracion Nacional,203002,Integración Nacional,BLANCO NEGRO,CRUDO,UND,True
7700149282345,Rueda Tras 125TTR V3 Mp,1631000000,Ckd,203002,Ckd,BLANCO NEGRO,CRUDO,UND,True
7700149282352,Rueda Del TTR V3 Mp,1631000000,Ckd,203002,Ckd,BLANCO NEGRO,CRUDO,UND,True
7700149282369,18G Veloc Digit 125TTR V3 Mp,1631000000,Ckd,203002,Ckd,BLANCO NEGRO,CRUDO,UND,True
7700149282376,50G Comando Derecho TTR Mp,1631000000,Ckd,203002,Ckd,BLANCO NEGRO,CRUDO,UND,True
7700149282383,50G Comando Izquierdo TTR Mp,1631000000,Ckd,203002,Ckd,BLANCO NEGRO,CRUDO,UND,True
7700149282390,55G Cable Acelerador 125TTR Mp,1631000000,Ckd,203002,Ckd,BLANCO NEGRO,CRUDO,UND,True
7700149300902,Farola Cta LED TTR/DS Mp,1631000000,Ckd,203002,Ckd,BLANCO NEGRO,CRUDO,UND,True
7700149333313,Calco Tanque Izq Blanca TTR Mp,1632000000,Integracion Nacional,203002,Integración Nacional,BLANCO NEGRO,CRUDO,UND,True
7700149333436,Calco Tanque Der Blanca TTR Mp,1632000000,Integracion Nacional,203002,Integración Nacional,BLANCO NEGRO,CRUDO,UND,True
7700149333450,Calco Cola Der Blanca TTR Mp,1632000000,Integracion Nacional,203002,Integración Nacional,BLANCO NEGRO,CRUDO,UND,True
7700149333467,Calco Cola Izq Blanca TTR Mp,1632000000,Integracion Nacional,203002,Integración Nacional,BLANCO NEGRO,CRUDO,UND,True
7700149333474,Calco Farola Blanca TTR Mp,1632000000,Integracion Nacional,203002,Integración Nacional,BLANCO NEGRO,CRUDO,UND,True
7700149333481,Calco Trasero Blanca TTR Mp,1632000000,Integracion Nacional,203002,Integración Nacional,BLANCO NEGRO,CRUDO,UND,True
7700149333498,Calco Tapa Tanq Der Bla TTR Mp,1632000000,Integracion Nacional,203002,Integración Nacional,BLANCO NEGRO,CRUDO,UND,True
7700149333504,Calco Tapa Tanq Izq Bla TTR Mp,1632000000,Integracion Nacional,203002,Integración Nacional,BLANCO NEGRO,CRUDO,UND,True
7700149333511,Calco 125 Der Blanca TTR Mp,1632000000,Integracion Nacional,203002,Integración Nacional,BLANCO NEGRO,CRUDO,UND,True
7700149333528,Calco 125 Izq Blanca TTR Mp,1632000000,Integracion Nacional,203002,Integración Nacional,BLANCO NEGRO,CRUDO,UND,True
7700149344432,Tie Wrap Cubta Tras Velo Mp,1631000009,Partes Pequeñas,203002,Ckd,BLANCO NEGRO,CRUDO,UND,True
7700149375672,Tapa Lateral 2 TTR 2025 Mp,1632000000,Integracion Nacional,203002,Integración Nacional,BLANCO NEGRO,CRUDO,UND,True
7700149375689,Tapa Lateral 1 TTR 2025 Mp,1632000000,Integracion Nacional,203002,Integración Nacional,BLANCO NEGRO,CRUDO,UND,True
7700149424455,Protector Central TTR 2025 MP,1632000000,Integracion Nacional,203002,Integración Nacional,BLANCO NEGRO,CRUDO,UND,True
7700149424462,Protector Der TTR 2025 MP,1632000000,Integracion Nacional,203002,Integración Nacional,BLANCO NEGRO,CRUDO,UND,True
7700149424479,Protector Izq TTR 2025 MP,1632000000,Integracion Nacional,203002,Integración Nacional,BLANCO NEGRO,CRUDO,UND,True
7700149464369,Mofle Puntera Nueva 125TTR Mp,1632000000,Integracion Nacional,203002,Integración Nacional,BLANCO NEGRO,CRUDO,UND,True
7700149466394,Tapon Cubierta tras TTR Mp,1631000005,Materia Prima componentes,203002,Ckd,BLANCO NEGRO,CRUDO,UND,True
7700149471053,Caliper Fren Del CBS 125TTR Mp,1631000000,Ckd,203002,Ckd,BLANCO NEGRO,CRUDO,UND,True
7700149471152,Gpolv Fren Disc CBS TTR/CR4 Mp,1631000000,Ckd,203002,Ckd,BLANCO NEGRO,CRUDO,UND,True
7700149471176,Guia Cable CBS 125TTR Mp,1631000009,Partes Pequeñas,203002,Ckd,BLANCO NEGRO,CRUDO,UND,True
7700149471190,Pedal Freno CBS 125TTR Mp,1631000000,Ckd,203002,Ckd,BLANCO NEGRO,CRUDO,UND,True
7700149471213,Leva Izq CBS 125 TTR/CR4 Mp,1631000000,Ckd,203002,Ckd,BLANCO NEGRO,CRUDO,UND,True
7700149471299,Torn Camp Hex CBS 125TTR Mp,1631000009,Partes Pequeñas,203002,Ckd,BLANCO NEGRO,CRUDO,UND,True
7700149546201,Manual CBS TTR 125 3*1 MP,1632000000,Integracion Nacional,203002,Integración Nacional,BLANCO NEGRO,CRUDO,UND,True
7700149566919,Prot Curva Mofle 125TTR V2 Mp,1631000000,Ckd,203002,Ckd,BLANCO NEGRO,CRUDO,UND,True
7700149580328,Motor 125TTR CBS V7 VIN Mp,1631000002,Materia Prima Motor,203002,Ckd,BLANCO NEGRO,CRUDO,UND,True
7700149587938,Resorte Freno Tras 125TTR Mp,1631000009,Partes Pequeñas,203002,Ckd,BLANCO NEGRO,CRUDO,UND,True
7700149606349,CDI 125TTR V2 Mp,1631000000,Ckd,203002,Ckd,BLANCO NEGRO,CRUDO,UND,True
7700149606356,Protector Disco Del TTR-V2 Mp,1632000000,Integracion Nacional,203002,Integración Nacional,BLANCO NEGRO,CRUDO,UND,True
7700149610261,Tapa tanque Blanca Izq TTR Mp,1632000000,Integracion Nacional,203002,Integración Nacional,BLANCO NEGRO,CRUDO,UND,True
7700149610278,Tapa tanque Blanca Der TTR Mp,1632000000,Integracion Nacional,203002,Integración Nacional,BLANCO NEGRO,CRUDO,UND,True
7700149610285,Guardabarro Blanco TTR  Mp,1632000000,Integracion Nacional,203002,Integración Nacional,BLANCO NEGRO,CRUDO,UND,True
7700149625609,Cadena O-ring TTR Mp,1631000000,Ckd,203002,Ckd,BLANCO NEGRO,CRUDO,UND,True
7700149625623,Pin freno CBS 125TTR Mp,1631000009,Partes Pequeñas,203002,Ckd,BLANCO NEGRO,CRUDO,UND,True
7700149625630,Arandela freno CBS 125TTR Mp,1631000009,Partes Pequeñas,203002,Ckd,BLANCO NEGRO,CRUDO,UND,True
7700149625647,Cable Freno CBS 125TTR V2 Mp,1631000000,Ckd,203002,Ckd,BLANCO NEGRO,CRUDO,UND,True
7700149634229,Sistema Electrico DC 125TTR Mp,1632000000,Integracion Nacional,203002,Integración Nacional,BLANCO NEGRO,CRUDO,UND,True
7700149754439,Defensa TTR 125 / 200 MP,1632000000,Integracion Nacional,203002,Integración Nacional,BLANCO NEGRO,CRUDO,UND,True
7701023035200,Torn Camp M6x16x10 Ace Inox Mp,1631000009,Partes Pequeñas,203002,Ckd,BLANCO NEGRO,CRUDO,UND,True
7701023042680,50P Sensor Velocimetro TTR Mp,1631000000,Ckd,203002,Ckd,BLANCO NEGRO,CRUDO,UND,True
7701023043151,Tor Btt Som Bje M6×12 Inox Mp,1631000009,Partes Pequeñas,203002,Ckd,BLANCO NEGRO,CRUDO,UND,True
7701023043168,Tor Btt Somb M6×10Ace Inox Mp,1631000009,Partes Pequeñas,203002,Ckd,BLANCO NEGRO,CRUDO,UND,True
7701023043366,60P PasaCable Sist Ele TTR Mp,1631000000,Ckd,203002,Ckd,BLANCO NEGRO,CRUDO,UND,True
7701023099967,55P Soporte Motor Inf BR Mp,1631000000,Ckd,203002,Ckd,BLANCO NEGRO,CRUDO,UND,True
7701023099974,55P Soporte Motor BR MP,1631000000,Ckd,203002,Ckd,BLANCO NEGRO,CRUDO,UND,True
7701023100212,Tor CampM8x35x10 Acer Inox Mp,1631000009,Partes Pequeñas,203002,Ckd,BLANCO NEGRO,CRUDO,UND,True
7701023100243,Torn Camp M6x12x10 Ace Inox Mp,1631000009,Partes Pequeñas,203002,Ckd,BLANCO NEGRO,CRUDO,UND,True
7701023100274,Tornillo Soke M5x20 Pav Mp,1631000009,Partes Pequeñas,203002,Ckd,BLANCO NEGRO,CRUDO,UND,True
7701023100335,Tor Btt Somb Bje M6×16 Inox Mp,1631000009,Partes Pequeñas,203002,Ckd,BLANCO NEGRO,CRUDO,UND,True
7701023100366,Torn Btt Som Buj M6x16 Inox Mp,1631000009,Partes Pequeñas,203002,Ckd,BLANCO NEGRO,CRUDO,UND,True
7701023100410,Aran Plan M5x10x1 Pav Mp,1631000009,Partes Pequeñas,203002,Ckd,BLANCO NEGRO,CRUDO,UND,True
7701023125390,30G Protector Motor Mp,1631000000,Ckd,203002,Ckd,BLANCO NEGRO,CRUDO,UND,True
7701023235396,Arandela Plana M17x28 Pav Mp,1631000009,Partes Pequeñas,203002,Ckd,BLANCO NEGRO,CRUDO,UND,True
7701023235976,Manguera Desfogue Motor TTR Mp,1631000009,Partes Pequeñas,203002,Ckd,BLANCO NEGRO,CRUDO,UND,True
7701023235990,Remache TTR Mp,1631000009,Partes Pequeñas,203002,Ckd,BLANCO NEGRO,CRUDO,UND,True
7701023236010,Pin 2.5x25 Pavonado Mp,1631000009,Partes Pequeñas,203002,Ckd,BLANCO NEGRO,CRUDO,UND,True
7701023236058,Pin 3.2x22 Pavonado Mp,1631000009,Partes Pequeñas,203002,Ckd,BLANCO NEGRO,CRUDO,UND,True
7701023236416,Torn Camp M8x12x10 Pav Mp,1631000009,Partes Pequeñas,203002,Ckd,BLANCO NEGRO,CRUDO,UND,True
7701023236744,Tor CampCuell M8x45x10Pav Mp,1631000009,Partes Pequeñas,203002,Ckd,BLANCO NEGRO,CRUDO,UND,True
7701023237000,Tor BttSomb  Bje M6×12 Pav Mp,1631000009,Partes Pequeñas,203002,Ckd,BLANCO NEGRO,CRUDO,UND,True
7701023237062,Torni Soke M8×20 Pav Mp,1631000009,Partes Pequeñas,203002,Ckd,BLANCO NEGRO,CRUDO,UND,True
7701023237093,Tor Btt Somb Cuell M8x30Pav Mp,1631000009,Partes Pequeñas,203002,Ckd,BLANCO NEGRO,CRUDO,UND,True
7701023237154,Torn Golo 4.2x18 Pav Mp,1631000009,Partes Pequeñas,203002,Ckd,BLANCO NEGRO,CRUDO,UND,True
7701023237178,Torn Hex con buje M8x30x14 Mp,1631000009,Partes Pequeñas,203002,Ckd,BLANCO NEGRO,CRUDO,UND,True
7701023237529,Tuerc Hex Seguro  M8x13 Pav Mp,1631000009,Partes Pequeñas,203002,Ckd,BLANCO NEGRO,CRUDO,UND,True
7701023238014,Torn Camp M8x20x10 Pav Mp,1631000009,Partes Pequeñas,203002,Ckd,BLANCO NEGRO,CRUDO,UND,True
7701023238144,Tuerca Hex M8x13 Pav Mp,1631000009,Partes Pequeñas,203002,Ckd,BLANCO NEGRO,CRUDO,UND,True
7701023248457,Pin Pasador M8x40 Mp,1631000009,Partes Pequeñas,203002,Ckd,BLANCO NEGRO,CRUDO,UND,True
7701023345750,Guardacadena TTR MP,1632000000,Integracion Nacional,203002,Integración Nacional,BLANCO NEGRO,CRUDO,UND,True
7701023383981,Filtro Aire BR Mp,1631000000,Ckd,203002,Ckd,BLANCO NEGRO,CRUDO,UND,True
7701023383998,55P Conector Carb BR Mp,1631000000,Ckd,203002,Ckd,BLANCO NEGRO,CRUDO,UND,True
7701023384018,105P Conector Válvu Gas BR Mp,1631000000,Ckd,203002,Ckd,BLANCO NEGRO,CRUDO,UND,True
7701023384070,25P Crank BR Mp,1631000000,Ckd,203002,Ckd,BLANCO NEGRO,CRUDO,UND,True
7701023384193,110P Trompo Freno Tras BR Mp,1631000000,Ckd,203002,Ckd,BLANCO NEGRO,CRUDO,UND,True
7701023384346,10P Portabandas Tras BR Mp,1631000000,Ckd,203002,Ckd,BLANCO NEGRO,CRUDO,UND,True
7701023384377,Resorte Pedal Freno TTR Mp,1631000009,Partes Pequeñas,203002,Ckd,BLANCO NEGRO,CRUDO,UND,True
7701023384407,10P Disco Freno Del BR Mp,1631000000,Ckd,203002,Ckd,BLANCO NEGRO,CRUDO,UND,True
7701023384445,6P Horquilla Inferior BR Mp,1631000000,Ckd,203002,Ckd,BLANCO NEGRO,CRUDO,UND,True
7701023384483,Suspension Del Izq Negro BR Mp,1631000000,Ckd,203002,Ckd,BLANCO NEGRO,CRUDO,UND,True
7701023384490,Suspension Del Der Negro BR Mp,1631000000,Ckd,203002,Ckd,BLANCO NEGRO,CRUDO,UND,True
7701023384520,55P Tensor Cadena BR Mp,1631000000,Ckd,203002,Ckd,BLANCO NEGRO,CRUDO,UND,True
7701023384605,55G Cable Clutch BR Mp,1631000000,Ckd,203002,Ckd,BLANCO NEGRO,CRUDO,UND,True
7701023384612,Guardapolvo Guaya Clucth Mp,1631000009,Partes Pequeñas,203002,Ckd,BLANCO NEGRO,CRUDO,UND,True
7701023384766,60P Soporte Cubta Veloc BR Mp,1631000000,Ckd,203002,Ckd,BLANCO NEGRO,CRUDO,UND,True
7701023384797,Varilla Freno BR MP,1631000000,Ckd,203002,Ckd,BLANCO NEGRO,CRUDO,UND,True
7701023384827,30P Set Herramientas BR Mp,1631000000,Ckd,203002,Ckd,BLANCO NEGRO,CRUDO,UND,True
7701023384858,Tapon Chasis TTR Mp,1631000009,Partes Pequeñas,203002,Ckd,BLANCO NEGRO,CRUDO,UND,True
7701023395038,18P Carburador 125TTR EIII Mp,1631000000,Ckd,203002,Ckd,BLANCO NEGRO,CRUDO,UND,True
7701023411127,Buje Camp M17x31x24 Mp,1631000009,Partes Pequeñas,203002,Ckd,BLANCO NEGRO,CRUDO,UND,True
7701023411158,50P Guia CableHorqInfIzq BR Mp,1631000000,Ckd,203002,Ckd,BLANCO NEGRO,CRUDO,UND,True
7701023411165,Torn Butt Somb M6×20 Pav Mp,1631000009,Partes Pequeñas,203002,Ckd,BLANCO NEGRO,CRUDO,UND,True
7701023411172,Mang Gas 4.5x10x220 TTR Mp,1631000009,Partes Pequeñas,203002,Ckd,BLANCO NEGRO,CRUDO,UND,True
7701023411394,Eje M17x278x18 Pav TTR Mp,1631000009,Partes Pequeñas,203002,Ckd,BLANCO NEGRO,CRUDO,UND,True
7701023411431,Abrazadera Cable Velocimetr Mp,1631000009,Partes Pequeñas,203002,Ckd,BLANCO NEGRO,CRUDO,UND,True
7701023411561,105P Soporte Valvula Gas BR MP,1631000000,Ckd,203002,Ckd,BLANCO NEGRO,CRUDO,UND,True
7701023411578,Resorte Posapie Del TTR Mp,1631000009,Partes Pequeñas,203002,Ckd,BLANCO NEGRO,CRUDO,UND,True
7701023411608,Cal Secuenc Cambios TTR-CR4 Mp,1631000009,Partes Pequeñas,203002,Ckd,BLANCO NEGRO,CRUDO,UND,True
7701023411684,Correa Plastica 170 TTR MP,1631000009,Partes Pequeñas,203002,Ckd,BLANCO NEGRO,CRUDO,UND,True
7701023411738,105P Soporte Motor Tras BR MP,1631000000,Ckd,203002,Ckd,BLANCO NEGRO,CRUDO,UND,True
7701023411769,Manguera 11x16x550 TTR Mp,1631000009,Partes Pequeñas,203002,Ckd,BLANCO NEGRO,CRUDO,UND,True
7701023411806,60P Guia Mang Horq Inf BR MP,1631000000,Ckd,203002,Ckd,BLANCO NEGRO,CRUDO,UND,True
7701023411844,Manguera 9x15x160 TTR Mp,1631000009,Partes Pequeñas,203002,Ckd,BLANCO NEGRO,CRUDO,UND,True
7701023411868,Caucho Doble 9x14x10 Mp,1631000009,Partes Pequeñas,203002,Ckd,BLANCO NEGRO,CRUDO,UND,True
7701023411875,60P Guia Horq Sup Der BR MP,1631000000,Ckd,203002,Ckd,BLANCO NEGRO,CRUDO,UND,True
7701023411882,60P Guia Horq Sup Izq BR Mp,1631000000,Ckd,203002,Ckd,BLANCO NEGRO,CRUDO,UND,True
7701023412025,Manguera 4x8x350 TTR Mp,1631000009,Partes Pequeñas,203002,Ckd,BLANCO NEGRO,CRUDO,UND,True
7701023412179,Cau Soporfarol 7.3x15x22 Mp,1631000009,Partes Pequeñas,203002,Ckd,BLANCO NEGRO,CRUDO,UND,True
7701023955232,Caucho Doble M12x9x25 Mp,1631000009,Partes Pequeñas,203002,Ckd,BLANCO NEGRO,CRUDO,UND,True
7701023955249,Buje Campana 9x22x10 Mp,1631000009,Partes Pequeñas,203002,Ckd,BLANCO NEGRO,CRUDO,UND,True
7705946261692,Pin Pasador M6x20 Mp,1631000009,Partes Pequeñas,203002,Ckd,BLANCO NEGRO,CRUDO,UND,True
7705946333603,Flasher 125BR-200TTX-R MP,1631000000,Ckd,203002,Ckd,BLANCO NEGRO,CRUDO,UND,True
7705946551106,Buje Nylon Tijera TTR MP,1632000000,Integracion Nacional,203002,Integración Nacional,BLANCO NEGRO,CRUDO,UND,True
7705946674492,Arand Asbes Curva Mofle DS Mp,1631000009,Partes Pequeñas,203002,Ckd,BLANCO NEGRO,CRUDO,UND,True
7705946675000,Torn somb Buje Exa M6x12Mp,1631000009,Partes Pequeñas,203002,Ckd,BLANCO NEGRO,CRUDO,UND,True
7705946675109,Arand Pres M5x8x1.5 Pav Mp,1631000009,Partes Pequeñas,203002,Ckd,BLANCO NEGRO,CRUDO,UND,True
7705946675130,Buje Campana M6.5x16x9 Mp,1631000009,Partes Pequeñas,203002,Ckd,BLANCO NEGRO,CRUDO,UND,True
7705946675192,Pin Manguera 11mm DS Mp,1631000009,Partes Pequeñas,203002,Ckd,BLANCO NEGRO,CRUDO,UND,True
7705946715812,Guardabarro Del  TTR 200 MP,1632000000,Integracion Nacional,203002,Integración Nacional,BLANCO NEGRO,CRUDO,UND,True
7705946739658,50P Valvu Inyec GasV2DS/TTR Mp,1631000000,Ckd,203002,Ckd,BLANCO NEGRO,CRUDO,UND,True
7705946872072,Gato Lat Lujo TTDS Mp,1632000000,Integracion Nacional,203002,Integración Nacional,BLANCO NEGRO,CRUDO,UND,True
7705946940306,14G Cubi Caren Veloc 200TTR Mp,1631000000,Ckd,203002,Ckd,BLANCO NEGRO,CRUDO,UND,True
7705946950176,Caucho 32x14x1.4 TTR Mp,1631000009,Partes Pequeñas,203002,Ckd,BLANCO NEGRO,CRUDO,UND,True
7705946950190,18P Sprocket 42T 125TTR Mp,1631000000,Ckd,203002,Ckd,BLANCO NEGRO,CRUDO,UND,True
7705946950220,105P Sopor Caren Tanq TTR Mp,1631000000,Ckd,203002,Ckd,BLANCO NEGRO,CRUDO,UND,True
7705946950237,60P Platina Cub Veloc TTR Mp,1631000000,Ckd,203002,Ckd,BLANCO NEGRO,CRUDO,UND,True
7705946950244,Tornillo Soket M8x65 Pav Mp,1631000009,Partes Pequeñas,203002,Ckd,BLANCO NEGRO,CRUDO,UND,True
7705946950251,Torn Cross M5x16 Cab Redon Mp,1631000009,Partes Pequeñas,203002,Ckd,BLANCO NEGRO,CRUDO,UND,True
7705946962940,Parrilla TTDS V3 MP,1632000000,Integracion Nacional,203002,Integración Nacional,BLANCO NEGRO,CRUDO,UND,True
7700149333320,Calco Tanque Izq Negro TTR Mp,1632000000,Integracion Nacional,203002,Integración Nacional,NEGRO,CRUDO,UND,True
7700149333337,Calco Cola Der Negro TTR Mp,1632000000,Integracion Nacional,203002,Integración Nacional,NEGRO,CRUDO,UND,True
7700149333344,Calco Cola Izq Negro TTR Mp,1632000000,Integracion Nacional,203002,Integración Nacional,NEGRO,CRUDO,UND,True
7700149333351,Calco Farola Negro TTR Mp,1632000000,Integracion Nacional,203002,Integración Nacional,NEGRO,CRUDO,UND,True
7700149333368,Calco Tras Negro TTR Mp,1632000000,Integracion Nacional,203002,Integración Nacional,NEGRO,CRUDO,UND,True
7700149333375,Calco Tapa Tanq Der Neg TTR Mp,1632000000,Integracion Nacional,203002,Integración Nacional,NEGRO,CRUDO,UND,True
7700149333382,Calco Tapa Tanq Izq Neg TTR Mp,1632000000,Integracion Nacional,203002,Integración Nacional,NEGRO,CRUDO,UND,True
7700149333399,Calco 125 Der Neg TTR Mp,1632000000,Integracion Nacional,203002,Integración Nacional,NEGRO,CRUDO,UND,True
7700149333405,Calco 125 Izq Neg TTR Mp,1632000000,Integracion Nacional,203002,Integración Nacional,NEGRO,CRUDO,UND,True
7700149333429,Calco Tanque Der Negro TTR Mp,1632000000,Integracion Nacional,203002,Integración Nacional,NEGRO,CRUDO,UND,True
7700149452397,Parrilla Tubular TTR  Mp,1632000000,Integracion Nacional,203002,Integración Nacional,NEGRO,CRUDO,UND,True
7700149610223,Tapa tanque Negra Izq TTR Mp,1632000000,Integracion Nacional,203002,Integración Nacional,NEGRO,CRUDO,UND,True
7700149610230,Tapa tanque Negra Der TTR Mp,1632000000,Integracion Nacional,203002,Integración Nacional,NEGRO,CRUDO,UND,True
7700149122733,Calco Info moto 200TTR Mp,1632000000,Integracion Nacional,203002,Integración Nacional,BLANCO NEGRO,CRUDO,UND,True
7700149186636,Posapie Tra Izq TTR V2 Mp,1631000000,Ckd,203002,Ckd,BLANCO NEGRO,CRUDO,UND,True
7700149186766,Posapie Tra Der TTR V2 Mp,1631000000,Ckd,203002,Ckd,BLANCO NEGRO,CRUDO,UND,True
7700149282314,10G Cubierta Veloc 200TTR Mp,1631000000,Ckd,203002,Ckd,BLANCO NEGRO,CRUDO,UND,True
7700149282338,50G Cable Acelerador 200TTR Mp,1631000000,Ckd,203002,Ckd,BLANCO NEGRO,CRUDO,UND,True
7700149333290,Manual Prop 200TTR NS Mp,1632000000,Integracion Nacional,203002,Integración Nacional,BLANCO NEGRO,CRUDO,UND,True
7700149333535,Calco 200 Der Blanca TTR Mp,1632000000,Integracion Nacional,203002,Integración Nacional,BLANCO NEGRO,CRUDO,UND,True
7700149333542,Calco 200 Izq Blanca TTR Mp,1632000000,Integracion Nacional,203002,Integración Nacional,BLANCO NEGRO,CRUDO,UND,True
7700149487733,Ramal Electrico 200TTR ABS Mp,1631000000,Ckd,203002,Ckd,BLANCO NEGRO,CRUDO,UND,True
7700149487757,Clip Ramal 2 200TTR ABS Mp,1631000009,Partes Pequeñas,203002,Ckd,BLANCO NEGRO,CRUDO,UND,True
7700149487764,Clip Ramal 1 200TTR ABS Mp,1631000009,Partes Pequeñas,203002,Ckd,BLANCO NEGRO,CRUDO,UND,True
7700149487771,Suspen Del Izq 200TTR ABS Mp,1631000000,Ckd,203002,Ckd,BLANCO NEGRO,CRUDO,UND,True
7700149487788,Abrazadera Ramal 200TTR ABS Mp,1631000009,Partes Pequeñas,203002,Ckd,BLANCO NEGRO,CRUDO,UND,True
7700149487795,Platina Mang Freno 2 200TTR Mp,1631000009,Partes Pequeñas,203002,Ckd,BLANCO NEGRO,CRUDO,UND,True
7700149487801,Platina Mang Freno 1 200TTR Mp,1631000009,Partes Pequeñas,203002,Ckd,BLANCO NEGRO,CRUDO,UND,True
7700149487818,Clip Manguera 200TTR ABS Mp,1631000009,Partes Pequeñas,203002,Ckd,BLANCO NEGRO,CRUDO,UND,True
7700149487825,Calipper Del 200TTR ABS Mp,1631000000,Ckd,203002,Ckd,BLANCO NEGRO,CRUDO,UND,True
7700149487849,Velocimetro 200TTR ABS Mp,1631000000,Ckd,203002,Ckd,BLANCO NEGRO,CRUDO,UND,True
7700149487856,Platina Spte Valvula SAI Mp,1631000009,Partes Pequeñas,203002,Ckd,BLANCO NEGRO,CRUDO,UND,True
7700149546669,Motor 200TTR ABS V4 VIN Mp,1631000002,Materia Prima Motor,203002,Ckd,BLANCO NEGRO,CRUDO,UND,True
7700149618410,Tijera 200TTR V3 Mp,1631000000,Ckd,203002,Ckd,BLANCO NEGRO,CRUDO,UND,True
7701023042536,Caja Filtro Aire 200TTR-X Mp,1631000000,Ckd,203002,Ckd,BLANCO NEGRO,CRUDO,UND,True
7701023043281,Buje 25x17x20 Mp,1631000009,Partes Pequeñas,203002,Ckd,BLANCO NEGRO,CRUDO,UND,True
7701023089425,50G Cable Clutch 180TTR Mp,1631000000,Ckd,203002,Ckd,BLANCO NEGRO,CRUDO,UND,True
7701023100151,50P Tensor Cadena TTX 2016 Mp,1631000000,Ckd,203002,Ckd,BLANCO NEGRO,CRUDO,UND,True
7701023417815,Banda 200 TTR Mp,1631000009,Partes Pequeñas,203002,Ckd,BLANCO NEGRO,CRUDO,UND,True
7705946575850,50P Plat Posapi Del Der TTR Mp,1631000000,Ckd,203002,Ckd,BLANCO NEGRO,CRUDO,UND,True
7705946962957,10P Sprocket 40T 200TTR CKD Mp,1631000000,Ckd,203002,Ckd,BLANCO NEGRO,CRUDO,UND,True
7700149333412,Calco 200 Der Negro TTR Mp,1632000000,Integracion Nacional,203002,Integración Nacional,NEGRO,CRUDO,UND,True
7700149333566,Calco 200 Izq Negro TTR Mp,1632000000,Integracion Nacional,203002,Integración Nacional,NEGRO,CRUDO,UND,True
7700149610247,Guardabarro Negro TTR  Mp,1632000000,Integracion Nacional,203002,Integración Nacional,NEGRO,CRUDO,UND,True
7700149450942,Calco TT Sup Izq B 200DS+ Mp,1632000000,Integracion Nacional,203002,Integración Nacional,BLANCO NEGRO,CRUDO,UND,True
7700149451024,Calco TT Inf Der B 200DS+ Mp,1632000000,Integracion Nacional,203002,Integración Nacional,BLANCO NEGRO,CRUDO,UND,True
7700149451048,Calco TT Sup Der B 200DS+ Mp,1632000000,Integracion Nacional,203002,Integración Nacional,BLANCO NEGRO,CRUDO,UND,True
7700149451055,Calco TT Izq B 200DS+ Mp,1632000000,Integracion Nacional,203002,Integración Nacional,BLANCO NEGRO,CRUDO,UND,True
7700149451062,Calco TT Der  B 200DS+ Mp,1632000000,Integracion Nacional,203002,Integración Nacional,BLANCO NEGRO,CRUDO,UND,True
7700149451109,Calco TT Inf Izq B 200DS+ Mp,1632000000,Integracion Nacional,203002,Integración Nacional,BLANCO NEGRO,CRUDO,UND,True
7700149548618,Calco Tanque V2 Izq 200DS+ Mp,1632000000,Integracion Nacional,203002,Integración Nacional,BLANCO NEGRO,CRUDO,UND,True
7700149548625,Calco Tanque V2 Der 200DS+ Mp,1632000000,Integracion Nacional,203002,Integración Nacional,BLANCO NEGRO,CRUDO,UND,True
7700149715812,Calco Cola Der Bla C 200DS+ Mp,1632000000,Integracion Nacional,203002,Integración Nacional,BLANCO NEGRO,CRUDO,UND,True
7700149715829,Calco Cola Izq Bla C 200DS+ Mp,1632000000,Integracion Nacional,203002,Integración Nacional,BLANCO NEGRO,CRUDO,UND,True
7700149715836,Calco 200 Der Bla C 200DS+ Mp,1632000000,Integracion Nacional,203002,Integración Nacional,BLANCO NEGRO,CRUDO,UND,True
7700149715843,Calco 200 Izq Bla C 200DS+ Mp,1632000000,Integracion Nacional,203002,Integración Nacional,BLANCO NEGRO,CRUDO,UND,True
7700149451116,Calco Cola Der Gri 200DS+ Mp,1632000000,Integracion Nacional,203002,Integración Nacional,GRIS VERDE,CRUDO,UND,True
7700149451123,Calco TT Inf Der Gri 200DS+ Mp,1632000000,Integracion Nacional,203002,Integración Nacional,GRIS VERDE,CRUDO,UND,True
7700149451130,Calco TT Sup Izq Gri 200DS+ Mp,1632000000,Integracion Nacional,203002,Integración Nacional,GRIS VERDE,CRUDO,UND,True
7700149451147,Calco TT Sup Der Gri 200DS+ Mp,1632000000,Integracion Nacional,203002,Integración Nacional,GRIS VERDE,CRUDO,UND,True
7700149451154,Calco TT Izq Gri 200DS+ Mp,1632000000,Integracion Nacional,203002,Integración Nacional,GRIS VERDE,CRUDO,UND,True
7700149451161,Calco TT Der  Gri 200DS+ Mp,1632000000,Integracion Nacional,203002,Integración Nacional,GRIS VERDE,CRUDO,UND,True
7700149451178,Calco 200 Izq Gri 200DS+ Mp,1632000000,Integracion Nacional,203002,Integración Nacional,GRIS VERDE,CRUDO,UND,True
7700149451192,Calco Cola Izq Gri 200DS+ Mp,1632000000,Integracion Nacional,203002,Integración Nacional,GRIS VERDE,CRUDO,UND,True
7700149451208,Calco TT Inf Izq Gri 200DS+ Mp,1632000000,Integracion Nacional,203002,Integración Nacional,GRIS VERDE,CRUDO,UND,True
7700149451277,Calco 200 Der Gri 200DS+ Mp,1632000000,Integracion Nacional,203002,Integración Nacional,GRIS VERDE,CRUDO,UND,True
7700149625654,Cadena O-ring AK200DS+ Mp,1631000000,Ckd,203002,Ckd,GRIS VERDE,CRUDO,UND,True
7700149023689,Anclaje Guardabarro Der CR4 MP,1632000000,Integracion Nacional,203002,Integración Nacional,NEGRO,CRUDO,UND,True
7700149023696,Anclaje Guardabarro Izq CR4 MP,1632000000,Integracion Nacional,203002,Integración Nacional,NEGRO,CRUDO,UND,True
7700149082297,15G Kit Switch AK200CR3 Mp,1631000000,Ckd,203002,Ckd,NEGRO,CRUDO,UND,True
7700149107419,Cauchos Campana CR4 V2 MP,1632000000,Integracion Nacional,203002,Integración Nacional,NEGRO,CRUDO,UND,True
7700149122832,Calco Info moto 125CR4 Mp,1632000000,Integracion Nacional,203002,Integración Nacional,NEGRO,CRUDO,UND,True
7700149181907,20P Tope Crank R3 V2 MP,1631000000,Ckd,203002,Ckd,NEGRO,CRUDO,UND,True
7700149197861,Tornillo Hex M6x20 300AC Mp,1631000009,Partes Pequeñas,203002,Ckd,NEGRO,CRUDO,UND,True
7700149203685,Defensa Del CR4 MP,1632000000,Integracion Nacional,203002,Integración Nacional,NEGRO,CRUDO,UND,True
7700149274999,Sillín confort 2024 CR4 MP,1632000000,Integracion Nacional,203002,Integración Nacional,NEGRO,CRUDO,UND,True
7700149313360,12P Sprocket 125CR4 Mp,1631000000,Ckd,203002,Ckd,NEGRO,CRUDO,UND,True
7700149471084,Posapie Derecho CBS 125CR4 Mp,1631000000,Ckd,203002,Ckd,NEGRO,CRUDO,UND,True
7700149471091,Accesorios Freno CBS 125CR4 Mp,1631000000,Ckd,203002,Ckd,NEGRO,CRUDO,UND,True
7700149471107,Caliper Freno Del CBS 125CR Mp,1631000000,Ckd,203002,Ckd,NEGRO,CRUDO,UND,True
7700149471114,Resort Fren Tras CBS 125CR Mp,1631000009,Partes Pequeñas,203002,Ckd,NEGRO,CRUDO,UND,True
7700149471121,Pedal Freno CBS 125CR4 Mp,1631000000,Ckd,203002,Ckd,NEGRO,CRUDO,UND,True
7700149471138,Palanca Freno CBS 125CR4 Mp,1631000000,Ckd,203002,Ckd,NEGRO,CRUDO,UND,True
7700149475365,Manubrio sin tapones CR4 MP,1632000000,Integracion Nacional,203002,Integración Nacional,NEGRO,CRUDO,UND,True
7700149522885,Calco Manubrio CR4 MP,1632000000,Integracion Nacional,203002,Integración Nacional,NEGRO,CRUDO,UND,True
7700149522892,Calco Tapa Lat Izq CR4 MP,1632000000,Integracion Nacional,203002,Integración Nacional,NEGRO,CRUDO,UND,True
7700149522908,Calco Tapa Lat Der CR4 MP,1632000000,Integracion Nacional,203002,Integración Nacional,NEGRO,CRUDO,UND,True
7700149522915,Calco Tapa Tanq Izq CR4 MP,1632000000,Integracion Nacional,203002,Integración Nacional,NEGRO,CRUDO,UND,True
7700149522922,Calco Tapa Tanq Der CR4 MP,1632000000,Integracion Nacional,203002,Integración Nacional,NEGRO,CRUDO,UND,True
7700149522939,Calco Rin CR4 V2 Mp,1632000000,Integracion Nacional,203002,Integración Nacional,NEGRO,CRUDO,UND,True
7700149524797,Tapa Manubrio CR4 Mp,1632000000,Integracion Nacional,203002,Integración Nacional,NEGRO,CRUDO,UND,True
7700149524803,Carenaje Tanque Izq CR4 Mp,1632000000,Integracion Nacional,203002,Integración Nacional,NEGRO,CRUDO,UND,True
7700149524810,Carenaje Tanque Der CR4 Mp,1632000000,Integracion Nacional,203002,Integración Nacional,NEGRO,CRUDO,UND,True
7700149524827,Tapa Lat Inyectada Der CR4 Mp,1632000000,Integracion Nacional,203002,Integración Nacional,NEGRO,CRUDO,UND,True
7700149524834,Tapa Lat Inyectada Izq CR4 Mp,1632000000,Integracion Nacional,203002,Integración Nacional,NEGRO,CRUDO,UND,True
7700149526883,Velocimetro AK150CR4 V2 Mp,1631000000,Ckd,203002,Ckd,NEGRO,CRUDO,UND,True
7700149526951,Resorte Freno 125CR4 Mp,1631000009,Partes Pequeñas,203002,Ckd,NEGRO,CRUDO,UND,True
7700149546027,Manual CBS CR4 125/150 3*1 Mp,1632000000,Integracion Nacional,203002,Integración Nacional,NEGRO,CRUDO,UND,True
7700149549943,Direcc Tras Der 150CR4 V2 Mp,1631000000,Ckd,203002,Ckd,NEGRO,CRUDO,UND,True
7700149549950,Direcc Tras Izq 150CR4 V2 Mp,1631000000,Ckd,203002,Ckd,NEGRO,CRUDO,UND,True
7700149556378,Calco Tanq Izq A CR4 125 V2 Mp,1632000000,Integracion Nacional,203002,Integración Nacional,NEGRO,CRUDO,UND,True
7700149556385,Calco Tanq Der A CR4 125 V2 Mp,1632000000,Integracion Nacional,203002,Integración Nacional,NEGRO,CRUDO,UND,True
7700149556415,Calco Guardaba A Izq CR4 V2 Mp,1632000000,Integracion Nacional,203002,Integración Nacional,NEGRO,CRUDO,UND,True
7700149556422,Calco Guardaba A Der CR4 V2 Mp,1632000000,Integracion Nacional,203002,Integración Nacional,NEGRO,CRUDO,UND,True
7700149556439,Calco Cola Izq A CR4  V2 Mp,1632000000,Integracion Nacional,203002,Integración Nacional,NEGRO,CRUDO,UND,True
7700149556446,Calco Cola Der A CR4  V2 Mp,1632000000,Integracion Nacional,203002,Integración Nacional,NEGRO,CRUDO,UND,True
7700149580335,Motor CGR 125CR4 CBS V7 VIN Mp,1631000002,Materia Prima Motor,203002,Ckd,NEGRO,CRUDO,UND,True
7700149632768,Cable freno 125CR4 Mp,1631000000,Ckd,203002,Ckd,NEGRO,CRUDO,UND,True
7700149639101,Sistema Elect CR4125/150DC Mp,1632000000,Integracion Nacional,203002,Integración Nacional,NEGRO,CRUDO,UND,True
7701023034777,Torni Hex M6*20*10 Inox CR4 Mp,1631000009,Partes Pequeñas,203002,Ckd,NEGRO,CRUDO,UND,True
7701023034814,Torn Hex M8x25 CR5 Mp,1631000009,Partes Pequeñas,203002,Ckd,NEGRO,CRUDO,UND,True
7701023176828,Suspension Der Cta R3 MP,1631000000,Ckd,203002,Ckd,NEGRO,CRUDO,UND,True
7701023177092,Crank Cto R3 MP,1631000000,Ckd,203002,Ckd,NEGRO,CRUDO,UND,True
7701023177153,Portabandas Tras R3 MP,1631000000,Ckd,203002,Ckd,NEGRO,CRUDO,UND,True
7701023177177,66P Conector Carb R3 MP,1631000000,Ckd,203002,Ckd,NEGRO,CRUDO,UND,True
7701023177184,133P Conector Válvu Gas R3 MP,1631000000,Ckd,203002,Ckd,NEGRO,CRUDO,UND,True
7701023177191,45P Sensor Velocimetro R3 MP,1631000000,Ckd,203002,Ckd,NEGRO,CRUDO,UND,True
7701023177238,133P Soprt Motor Sup Der R3 MP,1631000000,Ckd,203002,Ckd,NEGRO,CRUDO,UND,True
7701023177245,133P Soprt Motor Sup Izq R3 MP,1631000000,Ckd,203002,Ckd,NEGRO,CRUDO,UND,True
7701023177276,30G Agarradera Tras Der R3 MP,1631000000,Ckd,203002,Ckd,NEGRO,CRUDO,UND,True
7701023177283,30G Agarradera Tras Izq R3 MP,1631000000,Ckd,203002,Ckd,NEGRO,CRUDO,UND,True
7701023177306,266P Reflectivo R3 MP,1631000000,Ckd,203002,Ckd,NEGRO,CRUDO,UND,True
7701023177368,Posapie Tras Izq R3 MP,1631000000,Ckd,203002,Ckd,NEGRO,CRUDO,UND,True
7701023177399,40G Sensor Gasolina R3 MP,1631000000,Ckd,203002,Ckd,NEGRO,CRUDO,UND,True
7701023177412,Posapie Tras Der R3 MP,1631000000,Ckd,203002,Ckd,NEGRO,CRUDO,UND,True
7701023177450,43G Cable Clutch R3 MP,1631000000,Ckd,203002,Ckd,NEGRO,CRUDO,UND,True
7701023177467,64G Cable Acelerador R3 MP,1631000000,Ckd,203002,Ckd,NEGRO,CRUDO,UND,True
7701023178105,65P Guia Cable Velo Sup R3 MP,1631000000,Ckd,203002,Ckd,NEGRO,CRUDO,UND,True
7701023178112,65P Guia Cable Chutch R3 MP,1631000000,Ckd,203002,Ckd,NEGRO,CRUDO,UND,True
7701023178136,66P Guia Inf Mangu Freno R3 MP,1631000000,Ckd,203002,Ckd,NEGRO,CRUDO,UND,True
7701023178181,66P Soprt Izq Reflet Del R3 MP,1631000000,Ckd,203002,Ckd,NEGRO,CRUDO,UND,True
7701023178198,66P Soprte DerReflectDel R3 MP,1631000000,Ckd,203002,Ckd,NEGRO,CRUDO,UND,True
7701023178204,65P Guia Cable Velo Inf R3 MP,1631000000,Ckd,203002,Ckd,NEGRO,CRUDO,UND,True
7701023208017,Soporte Motor CR4 MP,1632000000,Integracion Nacional,203002,Integración Nacional,NEGRO,CRUDO,UND,True
7701023235679,Caucho Sopor Mofle R3 Mp,1631000009,Partes Pequeñas,203002,Ckd,NEGRO,CRUDO,UND,True
7701023235808,Eje gato Central R3 Mp,1631000009,Partes Pequeñas,203002,Ckd,NEGRO,CRUDO,UND,True
7701023235839,Eje Rueda Delantera Mp,1631000009,Partes Pequeñas,203002,Ckd,NEGRO,CRUDO,UND,True
7701023235846,Eje Tijera 16x291 R3 Mp,1631000009,Partes Pequeñas,203002,Ckd,NEGRO,CRUDO,UND,True
7701023235853,Eje Tijera R3 Mp,1631000009,Partes Pequeñas,203002,Ckd,NEGRO,CRUDO,UND,True
7701023235952,Mang 9×15×86 R3 Mp,1631000009,Partes Pequeñas,203002,Ckd,NEGRO,CRUDO,UND,True
7701023236027,Pin Cotter 2.5×30 Zinc Mp,1631000009,Partes Pequeñas,203002,Ckd,NEGRO,CRUDO,UND,True
7701023236362,Tornillo Camp M10×55 Mp,1631000009,Partes Pequeñas,203002,Ckd,NEGRO,CRUDO,UND,True
7701023236379,Tornillo Camp M10×60 Mp,1631000009,Partes Pequeñas,203002,Ckd,NEGRO,CRUDO,UND,True
7701023237321,Tuerca Posapie Mp,1631000009,Partes Pequeñas,203002,Ckd,NEGRO,CRUDO,UND,True
7701023237338,Tuerca Hex M10 Mp,1631000009,Partes Pequeñas,203002,Ckd,NEGRO,CRUDO,UND,True
7701023237536,Tuerca Seguro M14 Pav Mp,1631000009,Partes Pequeñas,203002,Ckd,NEGRO,CRUDO,UND,True
7701023237963,Tuerca Camp M8 Pav Mp,1631000009,Partes Pequeñas,203002,Ckd,NEGRO,CRUDO,UND,True
7705946049931,Tor Somb HexAcer Inox M6x20 Mp,1631000009,Partes Pequeñas,203002,Ckd,NEGRO,CRUDO,UND,True
7705946157247,Guardabarro Negro CR4 MP,1632000000,Integracion Nacional,203002,Integración Nacional,NEGRO,CRUDO,UND,True
7705946261760,50G Puntera Mofle 125 CR4 Mp,1631000000,Ckd,203002,Ckd,NEGRO,CRUDO,UND,True
7705946261777,20G Protector Mofle 125 CR4 Mp,1631000000,Ckd,203002,Ckd,NEGRO,CRUDO,UND,True
7705946261821,20G Stop 125 CR4 Mp,1631000000,Ckd,203002,Ckd,NEGRO,CRUDO,UND,True
7705946261845,66G Direcc Dela Izq 125 CR4 Mp,1631000000,Ckd,203002,Ckd,NEGRO,CRUDO,UND,True
7705946261869,66G Direcc Dela Der 125 CR4 Mp,1631000000,Ckd,203002,Ckd,NEGRO,CRUDO,UND,True
7705946261968,7G Posap Del Izq Cto 125CR4 Mp,1631000000,Ckd,203002,Ckd,NEGRO,CRUDO,UND,True
7705946261982,44G Cubt Posap Tra Izq125CR4Mp,1631000000,Ckd,203002,Ckd,NEGRO,CRUDO,UND,True
7705946261999,44G Cubt Posap Tra Der125CR4Mp,1631000000,Ckd,203002,Ckd,NEGRO,CRUDO,UND,True
7705946262095,44G Cubta Guard Tras125 CR4 Mp,1631000000,Ckd,203002,Ckd,NEGRO,CRUDO,UND,True
7705946262118,21G Guard Trasero 125 CR4 Mp,1631000000,Ckd,203002,Ckd,NEGRO,CRUDO,UND,True
7705946329514,Calca Proteccion Tras CR4 Mp,1631000009,Partes Pequeñas,203002,Ckd,NEGRO,CRUDO,UND,True
7705946485678,Pantalla Guardab Tras CR4 MP,1632000000,Integracion Nacional,203002,Integración Nacional,NEGRO,CRUDO,UND,True
7705946485685,Brazo Guardab Tras Der CR4 MP,1632000000,Integracion Nacional,203002,Integración Nacional,NEGRO,CRUDO,UND,True
7705946485692,Brazo Guardab Tras Izq CR4 MP,1632000000,Integracion Nacional,203002,Integración Nacional,NEGRO,CRUDO,UND,True
7705946575515,Caja filtro cta CR4 MP,1631000000,Ckd,203002,Ckd,NEGRO,CRUDO,UND,True
7705946575553,6P Monoshock CR4 Mp,1631000000,Ckd,203002,Ckd,NEGRO,CRUDO,UND,True
7705946575560,Tijera Cta CR4 MP,1631000000,Ckd,203002,Ckd,NEGRO,CRUDO,UND,True
7705946575577,40G Deslizador Cadena CR4 Mp,1631000000,Ckd,203002,Ckd,NEGRO,CRUDO,UND,True
7705946575621,Guardab Tras Int 125 CR4 Mp,1631000000,Ckd,203002,Ckd,NEGRO,CRUDO,UND,True
7705946575652,Antivibrante CR4 Mp,1631000009,Partes Pequeñas,203002,Ckd,NEGRO,CRUDO,UND,True
7705946575669,Antivibrante CR4 2 Mp,1631000009,Partes Pequeñas,203002,Ckd,NEGRO,CRUDO,UND,True
7705946575713,Eje Llant tras CR4 2 Mp,1631000009,Partes Pequeñas,203002,Ckd,NEGRO,CRUDO,UND,True
7705946575737,Pin manguera 10mm CR4 Mp,1631000009,Partes Pequeñas,203002,Ckd,NEGRO,CRUDO,UND,True
7705946583381,Cubierta Quilla Der CR4 MP,1632000000,Integracion Nacional,203002,Integración Nacional,NEGRO,CRUDO,UND,True
7705946583398,Cubierta Quilla Izq CR4 MP,1632000000,Integracion Nacional,203002,Integración Nacional,NEGRO,CRUDO,UND,True
7705946583404,Cubierta Quilla Frontal CR4 MP,1632000000,Integracion Nacional,203002,Integración Nacional,NEGRO,CRUDO,UND,True
7705946630443,Buje Tijera Der CR4 Mp,1632000000,Integracion Nacional,203002,Integración Nacional,NEGRO,CRUDO,UND,True
7705946630450,Buje Tijera Izq CR4 Mp,1632000000,Integracion Nacional,203002,Integración Nacional,NEGRO,CRUDO,UND,True
7705946631884,Platina Perf Quilla Der CR4 MP,1632000000,Integracion Nacional,203002,Integración Nacional,NEGRO,CRUDO,UND,True
7705946631891,Platina En U Quilla Izq CR4 MP,1632000000,Integracion Nacional,203002,Integración Nacional,NEGRO,CRUDO,UND,True
7705946745239,20P Carburador CR4 V2 Mp,1631000000,Ckd,203002,Ckd,NEGRO,CRUDO,UND,True
7705946745253,133P Switch Freno Tras CR4V2Mp,1631000000,Ckd,203002,Ckd,NEGRO,CRUDO,UND,True
7705946784894,Cargador USB Carga Rapida Mp,1632000000,Integracion Nacional,203002,Integración Nacional,NEGRO,CRUDO,UND,True
7705946809085,Mang Gas 4.5x10X220 CR4 Mp,1631000009,Partes Pequeñas,203002,Ckd,NEGRO,CRUDO,UND,True
7705946949996,Rueda Delantera Cta CR4 V4 Mp,1631000000,Ckd,203002,Ckd,NEGRO,CRUDO,UND,True
7705946950008,Rueda Trasera Cta CR4 V4 Mp,1631000000,Ckd,203002,Ckd,NEGRO,CRUDO,UND,True
7705946983105,Tapa Tanque Int Izq V2 CR4 Mp,1632000000,Integracion Nacional,203002,Integración Nacional,NEGRO,CRUDO,UND,True
7705946983112,Tapa Tanque Int Der V2 CR4 Mp,1632000000,Integracion Nacional,203002,Integración Nacional,NEGRO,CRUDO,UND,True
7700149022866,Tapa Lat Izq IML V3 CR4 Mp,1632000000,Integracion Nacional,203002,Integración Nacional,NEGRO MATE,CRUDO,UND,True
7700149022873,Tapa Lat Der IML V3 CR4 Mp,1632000000,Integracion Nacional,203002,Integración Nacional,NEGRO MATE,CRUDO,UND,True
7700149196789,Clip Doble Grande 10mm Mp,1631000009,Partes Pequeñas,203002,Ckd,NEGRO,CRUDO,UND,True
7700149286466,Rueda Tras Cta AK150CR4 Mp,1631000000,Ckd,203002,Ckd,NEGRO,CRUDO,UND,True
7700149286497,Carburador AK150CR4 Mp,1631000000,Ckd,203002,Ckd,NEGRO,CRUDO,UND,True
7700149286503,Mofle AK150CR4 Mp,1631000000,Ckd,203002,Ckd,NEGRO,CRUDO,UND,True
7700149286527,Rueda Del Cta AK150CR4 Mp,1631000000,Ckd,203002,Ckd,NEGRO,CRUDO,UND,True
7700149286602,Set Herramienta AK150CR4 Mp,1631000000,Ckd,203002,Ckd,NEGRO,CRUDO,UND,True
7700149287487,Direccional Tanq Izq 150CR4 Mp,1631000000,Ckd,203002,Ckd,NEGRO,CRUDO,UND,True
7700149287494,Direccional Tanq Der 150CR4 Mp,1631000000,Ckd,203002,Ckd,NEGRO,CRUDO,UND,True
7700149313308,Plat Carenaje Inf AK150CR4 Mp,1631000000,Ckd,203002,Ckd,NEGRO,CRUDO,UND,True
7700149326278,Sprocket Tras 150CR4 Mp,1631000000,Ckd,203002,Ckd,NEGRO,CRUDO,UND,True
7700149334624,Calco Info moto 150CR4 Mp,1632000000,Integracion Nacional,203002,Integración Nacional,NEGRO,CRUDO,UND,True
7700149393058,Tope Crank R3 Mp,1631000000,Ckd,203002,Ckd,NEGRO,CRUDO,UND,True
7700149471060,Guia Manguera CBS 150CR Mp,1631000000,Ckd,203002,Ckd,NEGRO,CRUDO,UND,True
7700149471077,Spte Fren Dis Tra CBS 150CR Mp,1631000000,Ckd,203002,Ckd,NEGRO,CRUDO,UND,True
7700149471411,Accesorios Freno CBS 150CR4 Mp,1631000000,Ckd,203002,Ckd,NEGRO,CRUDO,UND,True
7700149471435,Pasacable CBS 150CR4 Mp,1631000009,Partes Pequeñas,203002,Ckd,NEGRO,CRUDO,UND,True
7700149549967,Tuerca Hex M10x1.25 Mp,1631000009,Partes Pequeñas,203002,Ckd,NEGRO,CRUDO,UND,True
7700149556392,Calco Tanq Izq A CR4 150 V2 Mp,1632000000,Integracion Nacional,203002,Integración Nacional,NEGRO,CRUDO,UND,True
7700149556408,Calco Tanq Der A CR4 150 V2 Mp,1632000000,Integracion Nacional,203002,Integración Nacional,NEGRO,CRUDO,UND,True
7700149580342,Motor CGR 150CR4 CBS V3 VIN Mp,1631000002,Materia Prima Motor,203002,Ckd,NEGRO,CRUDO,UND,True
7705946261975,6G Posap Del Der Cto 125CR4 Mp,1631000000,Ckd,203002,Ckd,NEGRO,CRUDO,UND,True
7705946729291,Pedal Freno AK150CR4 V2 Mp,1631000000,Ckd,203002,Ckd,NEGRO,CRUDO,UND,True
7705946729369,Tijera Cta 162CR4 MP,1631000000,Ckd,203002,Ckd,NEGRO,CRUDO,UND,True
7705946767194,Buje Tijera Der CR4 150 Mp,1632000000,Integracion Nacional,203002,Integración Nacional,NEGRO,CRUDO,UND,True
7705946767200,Buje Tijera Izq CR4 150 Mp,1632000000,Integracion Nacional,203002,Integración Nacional,NEGRO,CRUDO,UND,True
7700149227315,Calco Guardp Izq NV110X Mp,1632000000,Integracion Nacional,203002,Integración Nacional,NEGRO,CRUDO,UND,True
7700149227360,Calco Lat Der Sup NV110X Mp,1632000000,Integracion Nacional,203002,Integración Nacional,NEGRO,CRUDO,UND,True
7700149227377,Calco Lat Izq sup NV110X Mp,1632000000,Integracion Nacional,203002,Integración Nacional,NEGRO,CRUDO,UND,True
7700149227384,Calco Lat Der Inf NV110X Mp,1632000000,Integracion Nacional,203002,Integración Nacional,NEGRO,CRUDO,UND,True
7700149227407,Calco Guardp Der NV110X Mp,1632000000,Integracion Nacional,203002,Integración Nacional,NEGRO,CRUDO,UND,True
7700149227421,Calco Farola Sup Der NV110X Mp,1632000000,Integracion Nacional,203002,Integración Nacional,NEGRO,CRUDO,UND,True
7700149227438,Calco Farola Sup Izq NV110X Mp,1632000000,Integracion Nacional,203002,Integración Nacional,NEGRO,CRUDO,UND,True
7700149227445,Calco Farola Inf Der NV110X Mp,1632000000,Integracion Nacional,203002,Integración Nacional,NEGRO,CRUDO,UND,True
7700149227452,Calco Farola Inf Izq NV110X Mp,1632000000,Integracion Nacional,203002,Integración Nacional,NEGRO,CRUDO,UND,True
7700149227490,Calco Lat Izq Inf NV110X Mp,1632000000,Integracion Nacional,203002,Integración Nacional,NEGRO,CRUDO,UND,True
7705946768122,Guardabarro Del PP 110X MP,1632000000,Integracion Nacional,203002,Integración Nacional,NEGRO,CRUDO,UND,True
7700149028844,Cinta Protecccion RE Mp,1631000000,Ckd,203002,Ckd,AMARILLO BLANCO,CRUDO,UND,True
7700149028868,Torni Campana M6x25x10 CLSS MP,1631000009,Partes Pequeñas,203002,Ckd,AMARILLO BLANCO,CRUDO,UND,True
7700149028899,Clip Seguridad Dos Vías RE Mp,1631000009,Partes Pequeñas,203002,Ckd,AMARILLO BLANCO,CRUDO,UND,True
7700149037037,Tie-Rap Pin RE Mp,1631000009,Partes Pequeñas,203002,Ckd,AMARILLO BLANCO,CRUDO,UND,True
7700149037198,Arande Plana Galv M5.5x13x1 Mp,1631000009,Partes Pequeñas,203002,Ckd,AMARILLO BLANCO,CRUDO,UND,True
7700149037983,Torn Soke Galv M6*18*5 Mp,1631000009,Partes Pequeñas,203002,Ckd,AMARILLO BLANCO,CRUDO,UND,True
7700149141581,Tuer Camp Segu Galv M8x12x9 MP,1631000009,Partes Pequeñas,203002,Ckd,AMARILLO BLANCO,CRUDO,UND,True
7700149141611,Torn Butt Galv M5x12x3 CLSS MP,1631000009,Partes Pequeñas,203002,Ckd,AMARILLO BLANCO,CRUDO,UND,True
7700149141741,Tensor Cadena RE Mp,1631000009,Partes Pequeñas,203002,Ckd,AMARILLO BLANCO,CRUDO,UND,True
7700149141765,Torn Camp Cuel Gal M8x45x12 MP,1631000009,Partes Pequeñas,203002,Ckd,AMARILLO BLANCO,CRUDO,UND,True
7700149165426,Buje Campana Gal M8x16x26 Mp,1631000009,Partes Pequeñas,203002,Ckd,AMARILLO BLANCO,CRUDO,UND,True
7700149165525,Abrazadera Mofle Negra HNTR Mp,1631000009,Partes Pequeñas,203002,Ckd,AMARILLO BLANCO,CRUDO,UND,True
7700149165532,Buje Pedal HNTR 350 RE Mp,1631000009,Partes Pequeñas,203002,Ckd,AMARILLO BLANCO,CRUDO,UND,True
7700149165549,Torn Button Sombr M8x35x8 Mp,1631000009,Partes Pequeñas,203002,Ckd,AMARILLO BLANCO,CRUDO,UND,True
7700149165556,Platina Retenedora Der HNTR Mp,1631000009,Partes Pequeñas,203002,Ckd,AMARILLO BLANCO,CRUDO,UND,True
7700149165563,Platina Retenedora Izq HNTR Mp,1631000009,Partes Pequeñas,203002,Ckd,AMARILLO BLANCO,CRUDO,UND,True
7700149165624,Soporte Placa HNTR 350 RE Mp,1631000009,Partes Pequeñas,203002,Ckd,AMARILLO BLANCO,CRUDO,UND,True
7700149165648,Tornillo M8X30 RE Mp,1631000009,Partes Pequeñas,203002,Ckd,AMARILLO BLANCO,CRUDO,UND,True
7700149165747,Tornillo Brida M6X1 Mp,1631000009,Partes Pequeñas,203002,Ckd,AMARILLO BLANCO,CRUDO,UND,True
7700149165754,Tornillo M6X25 8.8 RE Mp,1631000009,Partes Pequeñas,203002,Ckd,AMARILLO BLANCO,CRUDO,UND,True
7700149165761,Tornillo M8X50 8.8 RE Mp,1631000009,Partes Pequeñas,203002,Ckd,AMARILLO BLANCO,CRUDO,UND,True
7700149165785,Conjunto Reflector HNTR 350 Mp,1631000009,Partes Pequeñas,203002,Ckd,AMARILLO BLANCO,CRUDO,UND,True
7700149166089,Cinta Protecccion Tanque RE Mp,1631000000,Ckd,203002,Ckd,AMARILLO BLANCO,CRUDO,UND,True
7700149166119,Tuerca Hexagonal M5X0.8 Mp,1631000009,Partes Pequeñas,203002,Ckd,AMARILLO BLANCO,CRUDO,UND,True
7700149166126,Tuerca Clip M8 HNTR 350 Mp,1631000009,Partes Pequeñas,203002,Ckd,AMARILLO BLANCO,CRUDO,UND,True
7700149166218,Pasador Reposapie M8x36 RE Mp,1631000009,Partes Pequeñas,203002,Ckd,AMARILLO BLANCO,CRUDO,UND,True
7700149166485,Luz Placa HNTR Mp,1631000000,Ckd,203002,Ckd,AMARILLO BLANCO,CRUDO,UND,True
7700149166836,Guardapolvo Cargador USB RE Mp,1631000009,Partes Pequeñas,203002,Ckd,AMARILLO BLANCO,CRUDO,UND,True
7700149175227,Tornillo Tap M6 x 12 x 8.8 Mp,1631000009,Partes Pequeñas,203002,Ckd,AMARILLO BLANCO,CRUDO,UND,True
7700149175234,Tornillo M6 x 12 x 8.8 Blan Mp,1631000000,Ckd,203002,Ckd,AMARILLO BLANCO,CRUDO,UND,True
7700149290456,Rodamiento Conico Direcc Mp,1631000009,Partes Pequeñas,203002,Ckd,AMARILLO BLANCO,CRUDO,UND,True
7700149362948,Posapie Tras Der HY450 Mp,1631000000,Ckd,203002,Ckd,AMARILLO BLANCO,CRUDO,UND,True
7700149362955,Posapie Tras Izq HY450 Mp,1631000000,Ckd,203002,Ckd,AMARILLO BLANCO,CRUDO,UND,True
7700149363822,Tornillo M10x35 8.8 Mp,1631000009,Partes Pequeñas,203002,Ckd,AMARILLO BLANCO,CRUDO,UND,True
7700149363853,Caucho Antivibrante Mofle Mp,1631000009,Partes Pequeñas,203002,Ckd,AMARILLO BLANCO,CRUDO,UND,True
7700149363921,Arandela Lisa 32X17.5X3.0 Mp,1631000009,Partes Pequeñas,203002,Ckd,AMARILLO BLANCO,CRUDO,UND,True
7700149376105,Torn Butt Galv M6x10x10.9 Mp,1631000009,Partes Pequeñas,203002,Ckd,AMARILLO BLANCO,CRUDO,UND,True
7700149376143,Torni CaMp Galv M10x45x10RE Mp,1631000009,Partes Pequeñas,203002,Ckd,AMARILLO BLANCO,CRUDO,UND,True
7700149376150,Tornillo HHF M6x16-8.8 Mp,1631000009,Partes Pequeñas,203002,Ckd,AMARILLO BLANCO,CRUDO,UND,True
7700149376167,Torni CaMp Galv M6x30x8.8 Mp,1631000009,Partes Pequeñas,203002,Ckd,AMARILLO BLANCO,CRUDO,UND,True
7700149376181,Tornillo HHF M10x100-8.8 Mp,1631000009,Partes Pequeñas,203002,Ckd,AMARILLO BLANCO,CRUDO,UND,True
7700149376211,Tornillo HHF M8x30-10.9 Mp,1631000009,Partes Pequeñas,203002,Ckd,AMARILLO BLANCO,CRUDO,UND,True
7700149376228,Torn HHF M10x40.8.8 Blanco Mp,1631000009,Partes Pequeñas,203002,Ckd,AMARILLO BLANCO,CRUDO,UND,True
7700149376259,Torn Butt Galv M6x16x10.9 Mp,1631000009,Partes Pequeñas,203002,Ckd,AMARILLO BLANCO,CRUDO,UND,True
7700149376334,Tornillo Tap M6 x 18 x 8.8 Mp,1631000009,Partes Pequeñas,203002,Ckd,AMARILLO BLANCO,CRUDO,UND,True
7700149376532,Sensor Consum Temp Aire Mp,1631000009,Partes Pequeñas,203002,Ckd,AMARILLO BLANCO,CRUDO,UND,True
7700149376679,Eje Llanta Del HY450 Mp,1631000009,Partes Pequeñas,203002,Ckd,AMARILLO BLANCO,CRUDO,UND,True
7700149376709,Tornillo Tap M8 x 45 x 8.8 Mp,1631000009,Partes Pequeñas,203002,Ckd,AMARILLO BLANCO,CRUDO,UND,True
7700149376921,Tor Butt SHLD IzqM6x15.5x8.8MP,1631000009,Partes Pequeñas,203002,Ckd,AMARILLO BLANCO,CRUDO,UND,True
7700149376938,Torn Butt SHLD M6x18.5x8.8 Mp,1631000009,Partes Pequeñas,203002,Ckd,AMARILLO BLANCO,CRUDO,UND,True
7700149384377,Clip 10mm HY450 Mp,1631000009,Partes Pequeñas,203002,Ckd,AMARILLO BLANCO,CRUDO,UND,True
7700149436731,Carta Bienvenida MFME RE Mp,1632000000,Integracion Nacional,203002,Integración Nacional,AMARILLO BLANCO,CRUDO,UND,True
7700149458276,Torn Galv Allen M6 x 25 8.8 Mp,1631000009,Partes Pequeñas,203002,Ckd,AMARILLO BLANCO,CRUDO,UND,True
7700149458283,Torn Galv Flang M8 x 20 8.8 Mp,1631000009,Partes Pequeñas,203002,Ckd,AMARILLO BLANCO,CRUDO,UND,True
7700149524742,Calca Bomba Freno Del V2 Mp,1631000000,Ckd,203002,Ckd,AMARILLO BLANCO,CRUDO,UND,True
7700149542043,Sensor ABS Rueda Del GRR450 Mp,1631000000,Ckd,203002,Ckd,AMARILLO BLANCO,CRUDO,UND,True
7700149542562,Circlip Dia 8 mm Mp,1631000009,Partes Pequeñas,203002,Ckd,AMARILLO BLANCO,CRUDO,UND,True
7700149543200,Calco RinTras Honey Bear650 Mp,1631000000,Ckd,203002,Ckd,AMARILLO BLANCO,CRUDO,UND,True
7700149543385,Calc Rin Del Honey Bear 650 Mp,1631000000,Ckd,203002,Ckd,AMARILLO BLANCO,CRUDO,UND,True
7700149559133,Tornillo M6X37 SM650 Mp,1631000009,Partes Pequeñas,203002,Ckd,AMARILLO BLANCO,CRUDO,UND,True
7700149559416,Porta Piñon SM650 Mp,1631000000,Ckd,203002,Ckd,AMARILLO BLANCO,CRUDO,UND,True
7700149559874,Calza Sensor ABS SM650 Mp,1631000000,Ckd,203002,Ckd,AMARILLO BLANCO,CRUDO,UND,True
7700149559898,Torn Allen M6X50 -  10.9 Mp,1631000009,Partes Pequeñas,203002,Ckd,AMARILLO BLANCO,CRUDO,UND,True
7700149559911,Sensor Pres ABS SM650 Mp,1631000000,Ckd,203002,Ckd,AMARILLO BLANCO,CRUDO,UND,True
7700149559928,Conector Dummy SM650 Mp,1631000000,Ckd,203002,Ckd,AMARILLO BLANCO,CRUDO,UND,True
7700149559959,Union T Evap SM650 Mp,1631000009,Partes Pequeñas,203002,Ckd,AMARILLO BLANCO,CRUDO,UND,True
7700149560047,Empaque Exhosto SM650 Mp,1631000009,Partes Pequeñas,203002,Ckd,AMARILLO BLANCO,CRUDO,UND,True
7700149560276,Pasador Soport Lat SM650 Mp,1631000000,Ckd,203002,Ckd,AMARILLO BLANCO,CRUDO,UND,True
7700149560689,Bateria 12Ah SM650 Mp,1631000000,Ckd,203002,Ckd,AMARILLO BLANCO,CRUDO,UND,True
7700149560740,Tornillo M5X9 SM650 Mp,1631000009,Partes Pequeñas,203002,Ckd,AMARILLO BLANCO,CRUDO,UND,True
7700149560764,Manillar P Type BEAR650 Mp,1631000000,Ckd,203002,Ckd,AMARILLO BLANCO,CRUDO,UND,True
7700149560771,Guardabarro Der BEAR650 Mp,1631000000,Ckd,203002,Ckd,AMARILLO BLANCO,CRUDO,UND,True
7700149560788,Clamp 12.515.7 BEAR650 Mp,1631000000,Ckd,203002,Ckd,AMARILLO BLANCO,CRUDO,UND,True
7700149560795,Mang Comb Ret BEAR650 Mp,1631000000,Ckd,203002,Ckd,AMARILLO BLANCO,CRUDO,UND,True
7700149560801,Mang Comb Ent BEAR650 Mp,1631000000,Ckd,203002,Ckd,AMARILLO BLANCO,CRUDO,UND,True
7700149560818,Cub Filtro Cmb BEAR650 Mp,1631000000,Ckd,203002,Ckd,AMARILLO BLANCO,CRUDO,UND,True
7700149560825,Filtro Comb BEAR650 Mp,1631000000,Ckd,203002,Ckd,AMARILLO BLANCO,CRUDO,UND,True
7700149560832,Torn Cabeza M5X8 BEAR650 Mp,1631000009,Partes Pequeñas,203002,Ckd,AMARILLO BLANCO,CRUDO,UND,True
7700149560849,Clip Filtro Cmb BEAR650 Mp,1631000009,Partes Pequeñas,203002,Ckd,AMARILLO BLANCO,CRUDO,UND,True
7700149560856,Iman Tanque BEAR650 Mp,1631000000,Ckd,203002,Ckd,AMARILLO BLANCO,CRUDO,UND,True
7700149560863,Abraz Escape BEAR650 Mp,1631000009,Partes Pequeñas,203002,Ckd,AMARILLO BLANCO,CRUDO,UND,True
7700149560870,Sistema ABS BEAR650 Mp,1631000000,Ckd,203002,Ckd,AMARILLO BLANCO,CRUDO,UND,True
7700149560887,Abraz Silenc BEAR650 Mp,1631000009,Partes Pequeñas,203002,Ckd,AMARILLO BLANCO,CRUDO,UND,True
7700149560894,Subs Evap BEAR650 Mp,1631000000,Ckd,203002,Ckd,AMARILLO BLANCO,CRUDO,UND,True
7700149560900,Cadena 520X106 BEAR650 Mp,1631000000,Ckd,203002,Ckd,AMARILLO BLANCO,CRUDO,UND,True
7700149560917,Portacro Assy BEAR650 Mp,1631000000,Ckd,203002,Ckd,AMARILLO BLANCO,CRUDO,UND,True
7700149560924,Stop Trasero BEAR650 Mp,1631000000,Ckd,203002,Ckd,AMARILLO BLANCO,CRUDO,UND,True
7700149560931,Soport Lat Izq BEAR650 Mp,1631000000,Ckd,203002,Ckd,AMARILLO BLANCO,CRUDO,UND,True
7700149560948,Soport Lat Der BEAR650 Mp,1631000000,Ckd,203002,Ckd,AMARILLO BLANCO,CRUDO,UND,True
7700149560955,Direc Del Izq-Tra Der B650 Mp,1631000000,Ckd,203002,Ckd,AMARILLO BLANCO,CRUDO,UND,True
7700149560962,Direc Del Der-Tra Izq B650 Mp,1631000000,Ckd,203002,Ckd,AMARILLO BLANCO,CRUDO,UND,True
7700149560979,Bobina Ignicion BEAR650 Mp,1631000000,Ckd,203002,Ckd,AMARILLO BLANCO,CRUDO,UND,True
7700149560986,Manual Propietario BEAR650 Mp,1631000000,Ckd,203002,Ckd,AMARILLO BLANCO,CRUDO,UND,True
7700149560993,Placa Gd Tras BEAR650 Mp,1631000000,Ckd,203002,Ckd,AMARILLO BLANCO,CRUDO,UND,True
7700149561020,Espac Rueda BEAR650 Mp,1631000000,Ckd,203002,Ckd,AMARILLO BLANCO,CRUDO,UND,True
7700149561037,Guia Cable Embr BEAR650 Mp,1631000000,Ckd,203002,Ckd,AMARILLO BLANCO,CRUDO,UND,True
7700149561044,Cable Embrague BEAR650 Mp,1631000000,Ckd,203002,Ckd,AMARILLO BLANCO,CRUDO,UND,True
7700149561051,Tope Dir BEAR650 Mp,1631000000,Ckd,203002,Ckd,AMARILLO BLANCO,CRUDO,UND,True
7700149561068,Acople Goma BEAR650 Mp,1631000000,Ckd,203002,Ckd,AMARILLO BLANCO,CRUDO,UND,True
7700149561075,Soporte Stop BEAR650 Mp,1631000000,Ckd,203002,Ckd,AMARILLO BLANCO,CRUDO,UND,True
7700149561082,Goma Pep BEAR650 Mp,1631000000,Ckd,203002,Ckd,AMARILLO BLANCO,CRUDO,UND,True
7700149561099,Tapon Airbox BEAR650 Mp,1631000000,Ckd,203002,Ckd,AMARILLO BLANCO,CRUDO,UND,True
7700149561105,Placa Tuerca Sub BEAR650 Mp,1631000000,Ckd,203002,Ckd,AMARILLO BLANCO,CRUDO,UND,True
7700149561112,Faro Cromo BEAR650 Mp,1631000000,Ckd,203002,Ckd,AMARILLO BLANCO,CRUDO,UND,True
7700149561129,Etiqueta Llant/Cad BEAR650 Mp,1631000000,Ckd,203002,Ckd,AMARILLO BLANCO,CRUDO,UND,True
7700149561136,Pern M8 Arnd BEAR650 Mp,1631000009,Partes Pequeñas,203002,Ckd,AMARILLO BLANCO,CRUDO,UND,True
7700149561143,Goma Amortig BEAR650 Mp,1631000000,Ckd,203002,Ckd,AMARILLO BLANCO,CRUDO,UND,True
7700149561150,Espac Portacro BEAR650 Mp,1631000000,Ckd,203002,Ckd,AMARILLO BLANCO,CRUDO,UND,True
7700149561167,Espac Ladocro BEAR650 Mp,1631000000,Ckd,203002,Ckd,AMARILLO BLANCO,CRUDO,UND,True
7700149561174,Espac Caliper BEAR650 Mp,1631000000,Ckd,203002,Ckd,AMARILLO BLANCO,CRUDO,UND,True
7700149561181,Ojal Man Asas BEAR650 Mp,1631000000,Ckd,203002,Ckd,AMARILLO BLANCO,CRUDO,UND,True
7700149561198,Resort Pat Lateral BEAR650 Mp,1631000009,Partes Pequeñas,203002,Ckd,AMARILLO BLANCO,CRUDO,UND,True
7700149561204,Mang Map Dch BEAR650 Mp,1631000000,Ckd,203002,Ckd,AMARILLO BLANCO,CRUDO,UND,True
7700149561211,Cub Cable Asien BEAR650 Mp,1631000000,Ckd,203002,Ckd,AMARILLO BLANCO,CRUDO,UND,True
7700149561228,Bandeja Herram BEAR650 Mp,1631000000,Ckd,203002,Ckd,AMARILLO BLANCO,CRUDO,UND,True
7700149561235,Tubo Escape BEAR650 Mp,1631000000,Ckd,203002,Ckd,AMARILLO BLANCO,CRUDO,UND,True
7700149561242,Silenc Negro BEAR650 Mp,1631000000,Ckd,203002,Ckd,AMARILLO BLANCO,CRUDO,UND,True
7700149561259,Bandeja Bateria BEAR650 Mp,1631000000,Ckd,203002,Ckd,AMARILLO BLANCO,CRUDO,UND,True
7700149561266,Bastid Der Negr BEAR650 Mp,1631000000,Ckd,203002,Ckd,AMARILLO BLANCO,CRUDO,UND,True
7700149561273,Bastid Izq Negr BEAR650 Mp,1631000000,Ckd,203002,Ckd,AMARILLO BLANCO,CRUDO,UND,True
7700149561280,Asa Negra BEAR650 Mp,1631000000,Ckd,203002,Ckd,AMARILLO BLANCO,CRUDO,UND,True
7700149561297,Soporte Front BEAR650 Mp,1631000000,Ckd,203002,Ckd,AMARILLO BLANCO,CRUDO,UND,True
7700149561303,Gato Lateral BEAR650 Mp,1631000000,Ckd,203002,Ckd,AMARILLO BLANCO,CRUDO,UND,True
7700149561310,Soport Modul BEAR650 Mp,1631000000,Ckd,203002,Ckd,AMARILLO BLANCO,CRUDO,UND,True
7700149561327,Ctrl Pie Izq BEAR650 Mp,1631000000,Ckd,203002,Ckd,AMARILLO BLANCO,CRUDO,UND,True
7700149561334,Guardab Del Negr BEAR650 Mp,1631000000,Ckd,203002,Ckd,AMARILLO BLANCO,CRUDO,UND,True
7700149561341,Horquilla BEAR650 Mp,1631000000,Ckd,203002,Ckd,AMARILLO BLANCO,CRUDO,UND,True
7700149561358,Protec Silenc BEAR650 Mp,1631000000,Ckd,203002,Ckd,AMARILLO BLANCO,CRUDO,UND,True
7700149561365,Tapa Frent Sil BEAR650 Mp,1631000000,Ckd,203002,Ckd,AMARILLO BLANCO,CRUDO,UND,True
7700149561396,Guardab Tras BEAR650 Mp,1631000000,Ckd,203002,Ckd,AMARILLO BLANCO,CRUDO,UND,True
7700149561402,Guardab Front BEAR650 Mp,1631000000,Ckd,203002,Ckd,AMARILLO BLANCO,CRUDO,UND,True
7700149561419,Cubre Cadena BEAR650 Mp,1631000000,Ckd,203002,Ckd,AMARILLO BLANCO,CRUDO,UND,True
7700149561426,Tapa Lat Izq BEAR650 Mp,1631000000,Ckd,203002,Ckd,AMARILLO BLANCO,CRUDO,UND,True
7700149561433,Tapa Lat Der BEAR650 Mp,1631000000,Ckd,203002,Ckd,AMARILLO BLANCO,CRUDO,UND,True
7700149561440,Tapa Piñon BEAR650 Mp,1631000000,Ckd,203002,Ckd,AMARILLO BLANCO,CRUDO,UND,True
7700149561457,Medidor Comb BEAR650 Mp,1631000000,Ckd,203002,Ckd,AMARILLO BLANCO,CRUDO,UND,True
7700149561464,Guardabarro Izq BEAR650 Mp,1631000000,Ckd,203002,Ckd,AMARILLO BLANCO,CRUDO,UND,True
7700149561471,Bocina Lt Tvs BEAR650 Mp,1631000000,Ckd,203002,Ckd,AMARILLO BLANCO,CRUDO,UND,True
7700149561488,Bocina Ht Tvs BEAR650 Mp,1631000000,Ckd,203002,Ckd,AMARILLO BLANCO,CRUDO,UND,True
7700149561495,Unidad Rr Sh BEAR650 Mp,1631000000,Ckd,203002,Ckd,AMARILLO BLANCO,CRUDO,UND,True
7700149561501,Sensor Roll BEAR650 Mp,1631000000,Ckd,203002,Ckd,AMARILLO BLANCO,CRUDO,UND,True
7700149561518,Acople Recto BEAR650 Mp,1631000000,Ckd,203002,Ckd,AMARILLO BLANCO,CRUDO,UND,True
7700149561525,Pedal Cambios BEAR650 Mp,1631000000,Ckd,203002,Ckd,AMARILLO BLANCO,CRUDO,UND,True
7700149561532,Pedal Freno BEAR650 Mp,1631000000,Ckd,203002,Ckd,AMARILLO BLANCO,CRUDO,UND,True
7700149561549,Protector Precat BEAR650 Mp,1631000000,Ckd,203002,Ckd,AMARILLO BLANCO,CRUDO,UND,True
7700149561556,Tubo Prim Izq BEAR650 Mp,1631000000,Ckd,203002,Ckd,AMARILLO BLANCO,CRUDO,UND,True
7700149561563,Yugo Sup Clust BEAR650 Mp,1631000000,Ckd,203002,Ckd,AMARILLO BLANCO,CRUDO,UND,True
7700149561570,Caja Filtro Air BEAR650 Mp,1631000000,Ckd,203002,Ckd,AMARILLO BLANCO,CRUDO,UND,True
7700149561587,Bomba Comb BEAR650 Mp,1631000000,Ckd,203002,Ckd,AMARILLO BLANCO,CRUDO,UND,True
7700149561594,Placa Bomb Comb BEAR650 Mp,1631000000,Ckd,203002,Ckd,AMARILLO BLANCO,CRUDO,UND,True
7700149561600,Juego Llaves BEAR650 Mp,1631000000,Ckd,203002,Ckd,AMARILLO BLANCO,CRUDO,UND,True
7700149561624,Rueda Delantera BEAR650 Mp,1631000000,Ckd,203002,Ckd,AMARILLO BLANCO,CRUDO,UND,True
7700149561631,Rueda Trasera BEAR650 Mp,1631000000,Ckd,203002,Ckd,AMARILLO BLANCO,CRUDO,UND,True
7700149561648,Basculante BEAR650 Mp,1631000000,Ckd,203002,Ckd,AMARILLO BLANCO,CRUDO,UND,True
7700149561655,Caja Cat+Amort BEAR650 Mp,1631000000,Ckd,203002,Ckd,AMARILLO BLANCO,CRUDO,UND,True
7700149561662,Relleno Gdbar BEAR650 Mp,1631000000,Ckd,203002,Ckd,AMARILLO BLANCO,CRUDO,UND,True
7700149561679,Ctrl Pie Der BEAR650 Mp,1631000000,Ckd,203002,Ckd,AMARILLO BLANCO,CRUDO,UND,True
7700149561686,Asa Levant Negr BEAR650 Mp,1631000000,Ckd,203002,Ckd,AMARILLO BLANCO,CRUDO,UND,True
7700149561693,Pern Flan M10X200 BEAR650 Mp,1631000009,Partes Pequeñas,203002,Ckd,AMARILLO BLANCO,CRUDO,UND,True
7700149561716,Tuerca Direccion BEAR650 Mp,1631000009,Partes Pequeñas,203002,Ckd,AMARILLO BLANCO,CRUDO,UND,True
7700149561723,Tapa Eje Bascul BEAR650 Mp,1631000000,Ckd,203002,Ckd,AMARILLO BLANCO,CRUDO,UND,True
7700149561730,Sw Soporte Lat BEAR650 Mp,1631000000,Ckd,203002,Ckd,AMARILLO BLANCO,CRUDO,UND,True
7700149561747,Espaciador Motor BEAR650 Mp,1631000000,Ckd,203002,Ckd,AMARILLO BLANCO,CRUDO,UND,True
7700149561754,Cub Cuerpo BEAR650 Mp,1631000000,Ckd,203002,Ckd,AMARILLO BLANCO,CRUDO,UND,True
7700149561761,Separador Cuerpo BEAR650 Mp,1631000000,Ckd,203002,Ckd,AMARILLO BLANCO,CRUDO,UND,True
7700149561778,Sw Freno Add BEAR650 Mp,1631000000,Ckd,203002,Ckd,AMARILLO BLANCO,CRUDO,UND,True
7700149561785,O Ring Herram BEAR650 Mp,1631000000,Ckd,203002,Ckd,AMARILLO BLANCO,CRUDO,UND,True
7700149561792,Correa Bateria BEAR650 Mp,1631000000,Ckd,203002,Ckd,AMARILLO BLANCO,CRUDO,UND,True
7700149561808,Pern Flan M10X260 BEAR650 Mp,1631000009,Partes Pequeñas,203002,Ckd,AMARILLO BLANCO,CRUDO,UND,True
7700149561815,Manguera Purga BEAR650 Mp,1631000000,Ckd,203002,Ckd,AMARILLO BLANCO,CRUDO,UND,True
7700149561822,Pern Bot M8X16 BEAR650 Mp,1631000009,Partes Pequeñas,203002,Ckd,AMARILLO BLANCO,CRUDO,UND,True
7700149561839,Alz Manillar Sup BEAR650 Mp,1631000000,Ckd,203002,Ckd,AMARILLO BLANCO,CRUDO,UND,True
7700149561846,Tapa Dir Sup BEAR650 Mp,1631000000,Ckd,203002,Ckd,AMARILLO BLANCO,CRUDO,UND,True
7700149561853,Soporte Telemat BEAR650 Mp,1631000000,Ckd,203002,Ckd,AMARILLO BLANCO,CRUDO,UND,True
7700149561860,Camisa Basculant BEAR650 Mp,1631000000,Ckd,203002,Ckd,AMARILLO BLANCO,CRUDO,UND,True
7700149561877,Mang Con A Tee BEAR650 Mp,1631000000,Ckd,203002,Ckd,AMARILLO BLANCO,CRUDO,UND,True
7700149561884,Clip Omega 25X22 BEAR650 Mp,1631000009,Partes Pequeñas,203002,Ckd,AMARILLO BLANCO,CRUDO,UND,True
7700149561891,Goma Soporte Tq BEAR650 Mp,1631000009,Partes Pequeñas,203002,Ckd,AMARILLO BLANCO,CRUDO,UND,True
7700149561907,Soporte Freno BEAR650 Mp,1631000000,Ckd,203002,Ckd,AMARILLO BLANCO,CRUDO,UND,True
7700149561914,Tapa Cuerpo Acel BEAR650 Mp,1631000000,Ckd,203002,Ckd,AMARILLO BLANCO,CRUDO,UND,True
7700149562027,Manguera Drenaje BEAR650 Mp,1631000000,Ckd,203002,Ckd,AMARILLO BLANCO,CRUDO,UND,True
7700149562041,Ojal Goma BEAR650 Mp,1631000000,Ckd,203002,Ckd,AMARILLO BLANCO,CRUDO,UND,True
7700149562065,Perno M10X40 SM650 Mp,1631000009,Partes Pequeñas,203002,Ckd,AMARILLO BLANCO,CRUDO,UND,True
7700149562072,Perno M8X35 SM650 Mp,1631000009,Partes Pequeñas,203002,Ckd,AMARILLO BLANCO,CRUDO,UND,True
7700149562089,Perno M10X85 SM650 Mp,1631000009,Partes Pequeñas,203002,Ckd,AMARILLO BLANCO,CRUDO,UND,True
7700149562096,Perno M6X22 SM650 Mp,1631000009,Partes Pequeñas,203002,Ckd,AMARILLO BLANCO,CRUDO,UND,True
7700149562102,Clip Cable 14-16 SM650 Mp,1631000009,Partes Pequeñas,203002,Ckd,AMARILLO BLANCO,CRUDO,UND,True
7700149562119,Tapon 15X13.7 SM650 Mp,1631000009,Partes Pequeñas,203002,Ckd,AMARILLO BLANCO,CRUDO,UND,True
7700149562126,Motor Negro BEAR650 VIN Mp,1631000002,Materia Prima Motor,203002,Ckd,AMARILLO BLANCO,CRUDO,UND,True
7700149562133,Cubta Relay Goma BEAR650 Mp,1631000000,Ckd,203002,Ckd,AMARILLO BLANCO,CRUDO,UND,True
7700149562157,Tuerca Rvt M6 BEAR650 Mp,1631000009,Partes Pequeñas,203002,Ckd,AMARILLO BLANCO,CRUDO,UND,True
7700149562164,Soporte Res Tras BEAR650 Mp,1631000000,Ckd,203002,Ckd,AMARILLO BLANCO,CRUDO,UND,True
7700149562171,Ramal Luz Trasera BEAR650 Mp,1631000000,Ckd,203002,Ckd,AMARILLO BLANCO,CRUDO,UND,True
7700149562188,Cuacho Inf Bateria BEAR650 Mp,1631000000,Ckd,203002,Ckd,AMARILLO BLANCO,CRUDO,UND,True
7700149562195,Flasher LED BEAR650 Mp,1631000000,Ckd,203002,Ckd,AMARILLO BLANCO,CRUDO,UND,True
7700149562201,Soporte Arn Cent BEAR650 Mp,1631000000,Ckd,203002,Ckd,AMARILLO BLANCO,CRUDO,UND,True
7700149562218,Cub Canister BEAR650 Mp,1631000000,Ckd,203002,Ckd,AMARILLO BLANCO,CRUDO,UND,True
7700149562225,Correa Canister BEAR650 Mp,1631000000,Ckd,203002,Ckd,AMARILLO BLANCO,CRUDO,UND,True
7700149562232,Bloque Goma Can BEAR650 Mp,1631000000,Ckd,203002,Ckd,AMARILLO BLANCO,CRUDO,UND,True
7700149562249,Placa Tuerca BEAR650 Mp,1631000009,Partes Pequeñas,203002,Ckd,AMARILLO BLANCO,CRUDO,UND,True
7700149562256,Tapa Basculant BEAR650 Mp,1631000000,Ckd,203002,Ckd,AMARILLO BLANCO,CRUDO,UND,True
7700149562263,Resorte Freno BEAR650 Mp,1631000009,Partes Pequeñas,203002,Ckd,AMARILLO BLANCO,CRUDO,UND,True
7700149562270,Avell M6X25 BEAR650 Mp,1631000009,Partes Pequeñas,203002,Ckd,AMARILLO BLANCO,CRUDO,UND,True
7700149562287,Soporte Cil Izq BEAR650 Mp,1631000000,Ckd,203002,Ckd,AMARILLO BLANCO,CRUDO,UND,True
7700149562294,Soporte Cil Der BEAR650 Mp,1631000000,Ckd,203002,Ckd,AMARILLO BLANCO,CRUDO,UND,True
7700149562300,Soporte Sensoro2 BEAR650 Mp,1631000000,Ckd,203002,Ckd,AMARILLO BLANCO,CRUDO,UND,True
7700149562317,Espac Mtor Izq BEAR650 Mp,1631000000,Ckd,203002,Ckd,AMARILLO BLANCO,CRUDO,UND,True
7700149562324,Cierre Asiento BEAR650 Mp,1631000000,Ckd,203002,Ckd,AMARILLO BLANCO,CRUDO,UND,True
7700149562331,Soporte Relay BEAR650 Mp,1631000000,Ckd,203002,Ckd,AMARILLO BLANCO,CRUDO,UND,True
7700149562348,Soport Rectif BEAR650 Mp,1631000000,Ckd,203002,Ckd,AMARILLO BLANCO,CRUDO,UND,True
7700149562355,Placa Chasis BEAR650 Mp,1631000000,Ckd,203002,Ckd,AMARILLO BLANCO,CRUDO,UND,True
7700149562362,Tapa Ext Gd Bar BEAR650 Mp,1631000000,Ckd,203002,Ckd,AMARILLO BLANCO,CRUDO,UND,True
7700149562379,Placa Mstr Tras BEAR650 Mp,1631000000,Ckd,203002,Ckd,AMARILLO BLANCO,CRUDO,UND,True
7700149562386,Acople Map Twin BEAR650 Mp,1631000000,Ckd,203002,Ckd,AMARILLO BLANCO,CRUDO,UND,True
7700149562393,Amortiguador BEAR50 Mp,1631000000,Ckd,203002,Ckd,AMARILLO BLANCO,CRUDO,UND,True
7700149562409,Kit Herramientas BEAR650 Mp,1631000000,Ckd,203002,Ckd,AMARILLO BLANCO,CRUDO,UND,True
7700149562416,Spte Direc Del Der BEAR650 Mp,1631000000,Ckd,203002,Ckd,AMARILLO BLANCO,CRUDO,UND,True
7700149562423,Arandela BEAR650 Mp,1631000009,Partes Pequeñas,203002,Ckd,AMARILLO BLANCO,CRUDO,UND,True
7700149562430,Spte Direc Del Izq BEAR650 Mp,1631000000,Ckd,203002,Ckd,AMARILLO BLANCO,CRUDO,UND,True
7700149562447,Soport Canister BEAR650 Mp,1631000000,Ckd,203002,Ckd,AMARILLO BLANCO,CRUDO,UND,True
7700149562454,Cinta Prot Tq BEAR650 Mp,1631000000,Ckd,203002,Ckd,AMARILLO BLANCO,CRUDO,UND,True
7700149562461,Prot Cilin BEAR650 Mp,1631000000,Ckd,203002,Ckd,AMARILLO BLANCO,CRUDO,UND,True
7700149562478,Soport Rh Thb BEAR650 Mp,1631000000,Ckd,203002,Ckd,AMARILLO BLANCO,CRUDO,UND,True
7700149562485,Tornillo 40X10 BEAR650 Mp,1631000009,Partes Pequeñas,203002,Ckd,AMARILLO BLANCO,CRUDO,UND,True
7700149562492,Perno Silen BEAR650 Mp,1631000009,Partes Pequeñas,203002,Ckd,AMARILLO BLANCO,CRUDO,UND,True
7700149562508,Perno M8X29 BEAR650 Mp,1631000009,Partes Pequeñas,203002,Ckd,AMARILLO BLANCO,CRUDO,UND,True
7700149562515,Soport Lh Thb BEAR650 Mp,1631000000,Ckd,203002,Ckd,AMARILLO BLANCO,CRUDO,UND,True
7700149562522,Perno Exhust BEAR650 Mp,1631000009,Partes Pequeñas,203002,Ckd,AMARILLO BLANCO,CRUDO,UND,True
7700149562539,Tornillo M5X22 BEAR650 Mp,1631000009,Partes Pequeñas,203002,Ckd,AMARILLO BLANCO,CRUDO,UND,True
7700149562546,Tornillo M5 BEAR650 Mp,1631000009,Partes Pequeñas,203002,Ckd,AMARILLO BLANCO,CRUDO,UND,True
7700149562553,Tornillo M8X20 BEAR650 Mp,1631000009,Partes Pequeñas,203002,Ckd,AMARILLO BLANCO,CRUDO,UND,True
7700149562560,Perno M6X65 BEAR650 Mp,1631000009,Partes Pequeñas,203002,Ckd,AMARILLO BLANCO,CRUDO,UND,True
7700149562577,Perno M6X30 BEAR650 Mp,1631000009,Partes Pequeñas,203002,Ckd,AMARILLO BLANCO,CRUDO,UND,True
7700149562584,Perno M6X16 BEAR650 Mp,1631000009,Partes Pequeñas,203002,Ckd,AMARILLO BLANCO,CRUDO,UND,True
7700149562591,Perno M10X40 BEAR650 Mp,1631000009,Partes Pequeñas,203002,Ckd,AMARILLO BLANCO,CRUDO,UND,True
7700149562607,Tapa Soport Mot BEAR650 Mp,1631000000,Ckd,203002,Ckd,AMARILLO BLANCO,CRUDO,UND,True
7700149562614,Mang Sensor Map BEAR650 Mp,1631000000,Ckd,203002,Ckd,AMARILLO BLANCO,CRUDO,UND,True
7700149586252,Sillin Compl Azul BEAR650 Mp,1631000000,Ckd,203002,Ckd,AMARILLO BLANCO,CRUDO,UND,True
7700149586283,Barra Der Negr BEAR650 Mp,1631000000,Ckd,203002,Ckd,AMARILLO BLANCO,CRUDO,UND,True
7700149586290,Barra Izq Negr BEAR650 Mp,1631000000,Ckd,203002,Ckd,AMARILLO BLANCO,CRUDO,UND,True
7700149625739,Calco Info Moto BEAR 650 MP,1632000000,Integracion Nacional,203002,Integración Nacional,AMARILLO BLANCO,CRUDO,UND,True
7700149685160,Sistema Electric BEAR650 V2 Mp,1631000000,Ckd,203002,Ckd,AMARILLO BLANCO,CRUDO,UND,True
7705946663229,Eje Tijera RE INT Mp,1631000009,Partes Pequeñas,203002,Ckd,AMARILLO BLANCO,CRUDO,UND,True
7705946663267,Eje Galv M17x310 RE Mp,1631000009,Partes Pequeñas,203002,Ckd,AMARILLO BLANCO,CRUDO,UND,True
7705946663588,Torni Camp Galv M6x14x10 HY Mp,1631000009,Partes Pequeñas,203002,Ckd,AMARILLO BLANCO,CRUDO,UND,True
7705946663601,Sello Rodamien Direc RE INT Mp,1631000000,Ckd,203002,Ckd,AMARILLO BLANCO,CRUDO,UND,True
7705946663632,Cauch Dobl Ranura M11x23x15 Mp,1631000009,Partes Pequeñas,203002,Ckd,AMARILLO BLANCO,CRUDO,UND,True
7705946663700,Tuerca hex galv M16x24x14 Mp,1631000009,Partes Pequeñas,203002,Ckd,AMARILLO BLANCO,CRUDO,UND,True
7705946663731,Clip 4 mm RE INT Mp,1631000009,Partes Pequeñas,203002,Ckd,AMARILLO BLANCO,CRUDO,UND,True
7705946663786,Caucho Tapa Lat 22x8x7 INT Mp,1631000009,Partes Pequeñas,203002,Ckd,AMARILLO BLANCO,CRUDO,UND,True
7705946663847,Arande Plana Gal M10.5x24x3 Mp,1631000009,Partes Pequeñas,203002,Ckd,AMARILLO BLANCO,CRUDO,UND,True
7705946663854,Arandela plana Gal M16x32x3 Mp,1631000009,Partes Pequeñas,203002,Ckd,AMARILLO BLANCO,CRUDO,UND,True
7705946663922,Pin Guia Cable Clutch Mp,1631000009,Partes Pequeñas,203002,Ckd,AMARILLO BLANCO,CRUDO,UND,True
7705946664011,Conector Recto RE INT Mp,1631000000,Ckd,203002,Ckd,AMARILLO BLANCO,CRUDO,UND,True
7705946664103,Torni Button Galv M5x12 RE Mp,1631000009,Partes Pequeñas,203002,Ckd,AMARILLO BLANCO,CRUDO,UND,True
7705946664127,Abraza Metal Galv M16x18x12 Mp,1631000009,Partes Pequeñas,203002,Ckd,AMARILLO BLANCO,CRUDO,UND,True
7705946664134,Tor Soke Galv loctite M6x12 Mp,1631000009,Partes Pequeñas,203002,Ckd,AMARILLO BLANCO,CRUDO,UND,True
7705946664165,Tuer Camp Galv M6 Mp,1631000009,Partes Pequeñas,203002,Ckd,AMARILLO BLANCO,CRUDO,UND,True
7705946664172,Tornillo soke Galv M6x18 RE Mp,1631000009,Partes Pequeñas,203002,Ckd,AMARILLO BLANCO,CRUDO,UND,True
7705946664202,Empaque Union Mofle RE Mp,1631000009,Partes Pequeñas,203002,Ckd,AMARILLO BLANCO,CRUDO,UND,True
7705946664301,Arandela Plana Gal M5x13 Mp,1631000009,Partes Pequeñas,203002,Ckd,AMARILLO BLANCO,CRUDO,UND,True
7705946664325,Arandela 3RA Int RE Mp,1631000009,Partes Pequeñas,203002,Ckd,AMARILLO BLANCO,CRUDO,UND,True
7705946664356,Correa plastica 250mm Mp,1631000009,Partes Pequeñas,203002,Ckd,AMARILLO BLANCO,CRUDO,UND,True
7705946664370,Caucho Doble Ranura M8x18x7 Mp,1631000009,Partes Pequeñas,203002,Ckd,AMARILLO BLANCO,CRUDO,UND,True
7705946664394,Buje Campan Galv M6.5x24x15 Mp,1631000009,Partes Pequeñas,203002,Ckd,AMARILLO BLANCO,CRUDO,UND,True
7705946664417,Tuerca Campa Galv M8x12x8.5 Mp,1631000009,Partes Pequeñas,203002,Ckd,AMARILLO BLANCO,CRUDO,UND,True
7705946664455,Arandela Plana Gal M10x22x2 Mp,1631000009,Partes Pequeñas,203002,Ckd,AMARILLO BLANCO,CRUDO,UND,True
7705946664493,Arandel Plana Gal M6.5x12x1 Mp,1631000009,Partes Pequeñas,203002,Ckd,AMARILLO BLANCO,CRUDO,UND,True
7705946664509,Arandela Plana Galv M6x19x1 Mp,1631000009,Partes Pequeñas,203002,Ckd,AMARILLO BLANCO,CRUDO,UND,True
7705946664516,Torni Camp Galv M6x10x20 RE Mp,1631000009,Partes Pequeñas,203002,Ckd,AMARILLO BLANCO,CRUDO,UND,True
7705946664523,Pin  Galvanizado M22x2 HY Mp,1631000009,Partes Pequeñas,203002,Ckd,AMARILLO BLANCO,CRUDO,UND,True
7705946664530,Tuer Cam Segur Galv M8x12x9 Mp,1631000009,Partes Pequeñas,203002,Ckd,AMARILLO BLANCO,CRUDO,UND,True
7705946664547,Tuer Camp Segur Galv M15x24 Mp,1631000009,Partes Pequeñas,203002,Ckd,AMARILLO BLANCO,CRUDO,UND,True
7705946664561,Torni Camp Galv M6x10x10 RE Mp,1631000009,Partes Pequeñas,203002,Ckd,AMARILLO BLANCO,CRUDO,UND,True
7705946664585,Chapeta M5 RE HY Mp,1631000009,Partes Pequeñas,203002,Ckd,AMARILLO BLANCO,CRUDO,UND,True
7705946664608,Tor Cam Cuell Galv M8x38x12 Mp,1631000009,Partes Pequeñas,203002,Ckd,AMARILLO BLANCO,CRUDO,UND,True
7705946664615,Tor Camp Cuell Gal M6x25x10 Mp,1631000009,Partes Pequeñas,203002,Ckd,AMARILLO BLANCO,CRUDO,UND,True
7705946664639,Tuerca Camp Galv M10x14x11 Mp,1631000009,Partes Pequeñas,203002,Ckd,AMARILLO BLANCO,CRUDO,UND,True
7705946664738,Tornillo Camp Galv M6x12x10 Mp,1631000009,Partes Pequeñas,203002,Ckd,AMARILLO BLANCO,CRUDO,UND,True
7705946664745,Correa plastica 300mm RE Mp,1631000009,Partes Pequeñas,203002,Ckd,AMARILLO BLANCO,CRUDO,UND,True
7705946664912,Torn Hex Tropicali M6x12x10 Mp,1631000009,Partes Pequeñas,203002,Ckd,AMARILLO BLANCO,CRUDO,UND,True
7705946665841,Cable Sensor ABS RE HY Mp,1631000009,Partes Pequeñas,203002,Ckd,AMARILLO BLANCO,CRUDO,UND,True
7705946665995,Sensor Oxigeno RE Mp,1631000009,Partes Pequeñas,203002,Ckd,AMARILLO BLANCO,CRUDO,UND,True
7705946666626,Empaque Exosto Y Silenci HY Mp,1631000009,Partes Pequeñas,203002,Ckd,AMARILLO BLANCO,CRUDO,UND,True
7705946666664,Caucho Palanca Cambios HY Mp,1631000009,Partes Pequeñas,203002,Ckd,AMARILLO BLANCO,CRUDO,UND,True
7705946666770,Arand Presion Gal M8x14.5x2 Mp,1631000009,Partes Pequeñas,203002,Ckd,AMARILLO BLANCO,CRUDO,UND,True
7705946666787,Arandela Plana Gal M10x19x3 Mp,1631000009,Partes Pequeñas,203002,Ckd,AMARILLO BLANCO,CRUDO,UND,True
7705946667036,Resorte Posapie Tras RE HY Mp,1631000009,Partes Pequeñas,203002,Ckd,AMARILLO BLANCO,CRUDO,UND,True
7705946817103,Rodamiento Bol Farola HY450 Mp,1631000009,Partes Pequeñas,203002,Ckd,AMARILLO BLANCO,CRUDO,UND,True
7705946869416,Tuer Camp Segu Galv M6x10x8 Mp,1631000009,Partes Pequeñas,203002,Ckd,AMARILLO BLANCO,CRUDO,UND,True
7705946869454,Torn Pin Caja Bateria M6 Mp,1631000009,Partes Pequeñas,203002,Ckd,AMARILLO BLANCO,CRUDO,UND,True
7705946881548,Tor Camp M6x14x10 Galv Loct Mp,1631000009,Partes Pequeñas,203002,Ckd,AMARILLO BLANCO,CRUDO,UND,True
7705946888318,Pasador Galv M8x36 RE Mp,1631000009,Partes Pequeñas,203002,Ckd,AMARILLO BLANCO,CRUDO,UND,True
7705946888387,Cauch Ranur Sombr M12x25x14 Mp,1631000009,Partes Pequeñas,203002,Ckd,AMARILLO BLANCO,CRUDO,UND,True
7705946888486,Abrazadera Caja filtro RE Mp,1631000009,Partes Pequeñas,203002,Ckd,AMARILLO BLANCO,CRUDO,UND,True
7705946888554,Torni Camp Galv M6x14x10 RE Mp,1631000009,Partes Pequeñas,203002,Ckd,AMARILLO BLANCO,CRUDO,UND,True
7705946888561,Torni Camp Galv M6x16x10 RE Mp,1631000009,Partes Pequeñas,203002,Ckd,AMARILLO BLANCO,CRUDO,UND,True
7705946888592,Torni Camp Galv M8x16x8.8 Mp,1631000009,Partes Pequeñas,203002,Ckd,AMARILLO BLANCO,CRUDO,UND,True
7705946888677,Tornillo Soke Galv M8x58 RE Mp,1631000009,Partes Pequeñas,203002,Ckd,AMARILLO BLANCO,CRUDO,UND,True
7705946888776,Pin Pas Seguridad Bomb Fren Mp,1631000009,Partes Pequeñas,203002,Ckd,AMARILLO BLANCO,CRUDO,UND,True
7705946888806,Pin doble Cable ABS trasero Mp,1631000009,Partes Pequeñas,203002,Ckd,AMARILLO BLANCO,CRUDO,UND,True
7705946889018,Reflectivos Suspensión Del Mp,1631000009,Partes Pequeñas,203002,Ckd,AMARILLO BLANCO,CRUDO,UND,True
7705946889094,Pin Tornillo Platico RE Mp,1631000009,Partes Pequeñas,203002,Ckd,AMARILLO BLANCO,CRUDO,UND,True
7705946889117,Tuerca Clip M6 Meteor Mp,1631000009,Partes Pequeñas,203002,Ckd,AMARILLO BLANCO,CRUDO,UND,True
7705946889254,Caucho Recto M12x16x21 Mp,1631000009,Partes Pequeñas,203002,Ckd,AMARILLO BLANCO,CRUDO,UND,True
7705946956666,Tapa Tensor Cadena Meteor Mp,1631000009,Partes Pequeñas,203002,Ckd,AMARILLO BLANCO,CRUDO,UND,True
7705946956987,Relay 4 PIN Meteor Mp,1631000009,Partes Pequeñas,203002,Ckd,AMARILLO BLANCO,CRUDO,UND,True
7700149028851,Guia Cable Clutch RE Mp,1631000009,Partes Pequeñas,203002,Ckd,AMARILLO,CRUDO,UND,True
7700149028875,Arandela M10.5 RE Mp,1631000009,Partes Pequeñas,203002,Ckd,AMARILLO,CRUDO,UND,True
7700149028882,Torn HHF M10x35x8.8 Blanco Mp,1631000009,Partes Pequeñas,203002,Ckd,AMARILLO,CRUDO,UND,True
7700149109772,Protector Tarro freno Mteor Mp,1632000000,Integracion Nacional,203002,Integración Nacional,AMARILLO,CRUDO,UND,True
7700149109796,Stop RE Meteor Mp,1631000000,Ckd,203002,Ckd,AMARILLO,CRUDO,UND,True
7700149122696,Calco Info moto METEOR Mp,1632000000,Integracion Nacional,203002,Integración Nacional,AMARILLO,CRUDO,UND,True
7700149140843,Cubierta Platina CLSS MP,1631000009,Partes Pequeñas,203002,Ckd,AMARILLO,CRUDO,UND,True
7700149141277,Bobina de encendido CLSS Mp,1631000000,Ckd,203002,Ckd,AMARILLO,CRUDO,UND,True
7700149141291,Arandela Plana 10.5x21x1 Mp,1631000009,Partes Pequeñas,203002,Ckd,AMARILLO,CRUDO,UND,True
7700149141307,Aran Plana Ace M8x17x2 CLSS MP,1631000009,Partes Pequeñas,203002,Ckd,AMARILLO,CRUDO,UND,True
7700149141406,Cauchos Pivot Tanque CLSS Mp,1631000009,Partes Pequeñas,203002,Ckd,AMARILLO,CRUDO,UND,True
7700149141482,Caucho gato central CLSS Mp,1631000009,Partes Pequeñas,203002,Ckd,AMARILLO,CRUDO,UND,True
7700149141505,Caucho Central Tanque CLSS Mp,1631000009,Partes Pequeñas,203002,Ckd,AMARILLO,CRUDO,UND,True
7700149141680,Torni Camp M8x16x8 Galv Mp,1631000009,Partes Pequeñas,203002,Ckd,AMARILLO,CRUDO,UND,True
7700149141703,Torni Camp M6x12x8 Galv Mp,1631000009,Partes Pequeñas,203002,Ckd,AMARILLO,CRUDO,UND,True
7700149142083,Set de Herramientas CLSS Mp,1631000000,Ckd,203002,Ckd,AMARILLO,CRUDO,UND,True
7700149165440,Clip 8mm HNTR 350 RE Mp,1631000009,Partes Pequeñas,203002,Ckd,AMARILLO,CRUDO,UND,True
7700149166201,Tapa Horquilla Direccion Mp,1631000000,Ckd,203002,Ckd,AMARILLO,CRUDO,UND,True
7700149175036,Velocimetro Cto Classic Mp,1631000000,Ckd,203002,Ckd,AMARILLO,CRUDO,UND,True
7700149186629,Buje Disco Lateral RE Mp,1631000009,Partes Pequeñas,203002,Ckd,AMARILLO,CRUDO,UND,True
7700149255820,Calc Rueda Tra Meteor Amar Mp,1631000000,Ckd,203002,Ckd,AMARILLO,CRUDO,UND,True
7700149255837,Calc Rueda Del Meteor Amar Mp,1631000000,Ckd,203002,Ckd,AMARILLO,CRUDO,UND,True
7700149270090,Rueda Cto Tras Negro/Verde Mp,1631000000,Ckd,203002,Ckd,AMARILLO,CRUDO,UND,True
7700149270106,Rueda Cto Del Negro/Verde Mp,1631000000,Ckd,203002,Ckd,AMARILLO,CRUDO,UND,True
7700149286626,Actuador Palanca Cambios RE Mp,1631000000,Ckd,203002,Ckd,AMARILLO,CRUDO,UND,True
7700149286985,Pedal de cambios Meteor MP,1632000000,Integracion Nacional,203002,Integración Nacional,AMARILLO,CRUDO,UND,True
7700149286992,Pedal Freno Meteor MP,1632000000,Integracion Nacional,203002,Integración Nacional,AMARILLO,CRUDO,UND,True
7700149287005,Soporte Farola Izq Meteor MP,1632000000,Integracion Nacional,203002,Integración Nacional,AMARILLO,CRUDO,UND,True
7700149287012,Soporte Farola Der Meteor MP,1632000000,Integracion Nacional,203002,Integración Nacional,AMARILLO,CRUDO,UND,True
7700149287036,Sillin negro Del Meteor MP,1632000000,Integracion Nacional,203002,Integración Nacional,AMARILLO,CRUDO,UND,True
7700149287043,Sillin negro tras Meteor MP,1632000000,Integracion Nacional,203002,Integración Nacional,AMARILLO,CRUDO,UND,True
7700149379540,Manubrio Compl Meteor V2 Mp,1631000000,Ckd,203002,Ckd,AMARILLO,CRUDO,UND,True
7700149393874,Motor VIN Meteor V2 Mp,1631000002,Materia Prima Motor,203002,Ckd,AMARILLO,CRUDO,UND,True
7700149393881,Caja Filtro Meteor V2 Mp,1631000000,Ckd,203002,Ckd,AMARILLO,CRUDO,UND,True
7700149393911,Tapa Piñon Salida RE V2 Mp,1631000000,Ckd,203002,Ckd,AMARILLO,CRUDO,UND,True
7700149393935,Regulador CLSS V2 Mp,1631000000,Ckd,203002,Ckd,AMARILLO,CRUDO,UND,True
7700149457637,Mofle Negro Meteor V2 Mp,1631000000,Ckd,203002,Ckd,AMARILLO,CRUDO,UND,True
7700149457644,Protect Mofl Negr Meteor V2 Mp,1631000000,Ckd,203002,Ckd,AMARILLO,CRUDO,UND,True
7700149457651,Protect Curv Mofle Negro V2 Mp,1631000000,Ckd,203002,Ckd,AMARILLO,CRUDO,UND,True
7700149470544,Cubierta Bateria METEOR Mp,1632000000,Integracion Nacional,203002,Integración Nacional,AMARILLO,CRUDO,UND,True
7700149478205,Curva Mofle Negro Meteor V2 Mp,1631000000,Ckd,203002,Ckd,AMARILLO,CRUDO,UND,True
7700149526975,Sistema Electrico Meteor V3 Mp,1631000000,Ckd,203002,Ckd,AMARILLO,CRUDO,UND,True
7700149533300,Guardacadena Nal Meteor Mp,1632000000,Integracion Nacional,203002,Integración Nacional,AMARILLO,CRUDO,UND,True
7700149533317,Deslizador Cadena J1C/J1D Mp,1632000000,Integracion Nacional,203002,Integración Nacional,AMARILLO,CRUDO,UND,True
7700149537568,Sistema ABS Negro Meteor V2 Mp,1631000000,Ckd,203002,Ckd,AMARILLO,CRUDO,UND,True
7700149546119,Manual Prop Gar Meteor 3*1 Mp,1632000000,Integracion Nacional,203002,Integración Nacional,AMARILLO,CRUDO,UND,True
7700149567138,Arandela Protector Cadena Mp,1631000009,Partes Pequeñas,203002,Ckd,AMARILLO,CRUDO,UND,True
7700149567145,Gato Central Meteor V2 Mp,1631000000,Ckd,203002,Ckd,AMARILLO,CRUDO,UND,True
7701023954778,Porta Placa RE MP,1632000000,Integracion Nacional,203002,Integración Nacional,AMARILLO,CRUDO,UND,True
7705946663809,Caucho Dobl Ovalado M9x23x8 Mp,1631000009,Partes Pequeñas,203002,Ckd,AMARILLO,CRUDO,UND,True
7705946664035,Torn Button Buje Galv M6x16 Mp,1631000009,Partes Pequeñas,203002,Ckd,AMARILLO,CRUDO,UND,True
7705946664400,Tornillo Camp Galv M8x20x12 Mp,1631000009,Partes Pequeñas,203002,Ckd,AMARILLO,CRUDO,UND,True
7705946664424,Tornillo Soke Galv M8x30 RE Mp,1631000009,Partes Pequeñas,203002,Ckd,AMARILLO,CRUDO,UND,True
7705946664431,Arandela Plana Gal M16x28x2 Mp,1631000009,Partes Pequeñas,203002,Ckd,AMARILLO,CRUDO,UND,True
7705946664448,Pin Gal M3x35 RE Mp,1631000009,Partes Pequeñas,203002,Ckd,AMARILLO,CRUDO,UND,True
7705946664462,Tuer segur hex galv M6x10x8 Mp,1631000009,Partes Pequeñas,203002,Ckd,AMARILLO,CRUDO,UND,True
7705946664660,Arande Plana Gal M17.5x28x3 Mp,1631000009,Partes Pequeñas,203002,Ckd,AMARILLO,CRUDO,UND,True
7705946664684,Tor Button Somb Gal M6x16x4 Mp,1631000009,Partes Pequeñas,203002,Ckd,AMARILLO,CRUDO,UND,True
7705946664783,Resorte Gato Central RE Mp,1631000009,Partes Pequeñas,203002,Ckd,AMARILLO,CRUDO,UND,True
7705946666411,Pin Doble Plastico RE Mp,1631000009,Partes Pequeñas,203002,Ckd,AMARILLO,CRUDO,UND,True
7705946666480,Abraza Metali Galv M9x11x6  Mp,1631000009,Partes Pequeñas,203002,Ckd,AMARILLO,CRUDO,UND,True
7705946666701,Empaque de Cobre Mofle RE Mp,1631000009,Partes Pequeñas,203002,Ckd,AMARILLO,CRUDO,UND,True
7705946666763,Arandela Plana Gal M8x17x2 Mp,1631000009,Partes Pequeñas,203002,Ckd,AMARILLO,CRUDO,UND,True
7705946666794,Tuer Cam Segu Gal M10x17x10 Mp,1631000009,Partes Pequeñas,203002,Ckd,AMARILLO,CRUDO,UND,True
7705946666831,Buje Recto Galv M17x21.5x27 Mp,1631000009,Partes Pequeñas,203002,Ckd,AMARILLO,CRUDO,UND,True
7705946666985,Tor Cam Gal Cuell M10x52x14 Mp,1631000009,Partes Pequeñas,203002,Ckd,AMARILLO,CRUDO,UND,True
7705946667241,Tor Soke Cuello Gal M8x40x6 Mp,1631000009,Partes Pequeñas,203002,Ckd,AMARILLO,CRUDO,UND,True
7705946667333,Tuer Camp Estri Galv M5x8x6 Mp,1631000009,Partes Pequeñas,203002,Ckd,AMARILLO,CRUDO,UND,True
7705946816984,Buje Campana Galv M6x15x7.5 Mp,1631000009,Partes Pequeñas,203002,Ckd,AMARILLO,CRUDO,UND,True
7705946817004,Sensor Vel Llanta Mp,1631000009,Partes Pequeñas,203002,Ckd,AMARILLO,CRUDO,UND,True
7705946883177,Kit Swiche RE Meteor Mp,1631000009,Partes Pequeñas,203002,Ckd,AMARILLO,CRUDO,UND,True
7705946883207,Posapie Del Izq Cto Meteor Mp,1631000000,Ckd,203002,Ckd,AMARILLO,CRUDO,UND,True
7705946883269,Canister RE Meteor Mp,1631000000,Ckd,203002,Ckd,AMARILLO,CRUDO,UND,True
7705946883412,Luz Placa Meteor Mp,1631000000,Ckd,203002,Ckd,AMARILLO,CRUDO,UND,True
7705946883450,Porta Herramientas Meteor Mp,1631000000,Ckd,203002,Ckd,AMARILLO,CRUDO,UND,True
7705946883474,Ext Guardabarro Del Meteor Mp,1631000000,Ckd,203002,Ckd,AMARILLO,CRUDO,UND,True
7705946883481,Dir Del-Izq Tras-Der Meteor Mp,1631000000,Ckd,203002,Ckd,AMARILLO,CRUDO,UND,True
7705946883498,Dir Del-Der Tras-Izq Meteor Mp,1631000000,Ckd,203002,Ckd,AMARILLO,CRUDO,UND,True
7705946883504,Platin Soport Direcciona RE Mp,1631000009,Partes Pequeñas,203002,Ckd,AMARILLO,CRUDO,UND,True
7705946883559,Soporte Direcc Izq Meteor Mp,1631000000,Ckd,203002,Ckd,AMARILLO,CRUDO,UND,True
7705946883566,Soporte Direcc Der Meteor Mp,1631000000,Ckd,203002,Ckd,AMARILLO,CRUDO,UND,True
7705946883573,Cargador USB Meteor Mp,1631000000,Ckd,203002,Ckd,AMARILLO,CRUDO,UND,True
7705946883597,Cuenca Farola Meteor Mp,1631000000,Ckd,203002,Ckd,AMARILLO,CRUDO,UND,True
7705946883603,Placa Int Farola Meteor Mp,1631000000,Ckd,203002,Ckd,AMARILLO,CRUDO,UND,True
7705946883610,Eje Galv M17x260x17 RE Mp,1631000009,Partes Pequeñas,203002,Ckd,AMARILLO,CRUDO,UND,True
7705946883634,Gato Lateral Meteor Mp,1631000000,Ckd,203002,Ckd,AMARILLO,CRUDO,UND,True
7705946883702,Bateria 8AH Meteor Mp,1631000000,Ckd,203002,Ckd,AMARILLO,CRUDO,UND,True
7705946883733,Sensor ABS Meteor Mp,1631000000,Ckd,203002,Ckd,AMARILLO,CRUDO,UND,True
7705946883740,Cable Acelerador Meteor Mp,1631000000,Ckd,203002,Ckd,AMARILLO,CRUDO,UND,True
7705946883764,Parrilla Der Negr Meteor RE Mp,1631000000,Ckd,203002,Ckd,AMARILLO,CRUDO,UND,True
7705946883771,Abrazadera Manubrio Meteor Mp,1631000009,Partes Pequeñas,203002,Ckd,AMARILLO,CRUDO,UND,True
7705946883801,Posapie Tras Izq Meteor Mp,1631000000,Ckd,203002,Ckd,AMARILLO,CRUDO,UND,True
7705946883825,Posapie Tras Der Meteor Mp,1631000000,Ckd,203002,Ckd,AMARILLO,CRUDO,UND,True
7705946883832,Media Luna Mofle RE Mp,1631000000,Ckd,203002,Ckd,AMARILLO,CRUDO,UND,True
7705946883887,Cuna Chasis Meteor Mp,1631000000,Ckd,203002,Ckd,AMARILLO,CRUDO,UND,True
7705946883924,Soporte ABS Meteor Mp,1631000000,Ckd,203002,Ckd,AMARILLO,CRUDO,UND,True
7705946888202,Flauta Tijera M18x49x23 RE Mp,1631000009,Partes Pequeñas,203002,Ckd,AMARILLO,CRUDO,UND,True
7705946888219,Guard Metal tijera M18x51x7 Mp,1631000009,Partes Pequeñas,203002,Ckd,AMARILLO,CRUDO,UND,True
7705946888226,Eje Galv M17x270x22 RE Mp,1631000009,Partes Pequeñas,203002,Ckd,AMARILLO,CRUDO,UND,True
7705946888233,Cuna Superior RE Mp,1631000009,Partes Pequeñas,203002,Ckd,AMARILLO,CRUDO,UND,True
7705946888240,Guardapolvo Inferior M25x46 Mp,1631000009,Partes Pequeñas,203002,Ckd,AMARILLO,CRUDO,UND,True
7705946888257,Tapon Cromado RE Mp,1631000009,Partes Pequeñas,203002,Ckd,AMARILLO,CRUDO,UND,True
7705946888264,Resorte Posapie Del RE Mp,1631000009,Partes Pequeñas,203002,Ckd,AMARILLO,CRUDO,UND,True
7705946888271,Eje Gato Central M16x158 RE Mp,1631000009,Partes Pequeñas,203002,Ckd,AMARILLO,CRUDO,UND,True
7705946888295,Buje Recto Galva M6.5x54x10 Mp,1631000009,Partes Pequeñas,203002,Ckd,AMARILLO,CRUDO,UND,True
7705946888301,Caucho Doble M8.5x18x9 Mp,1631000009,Partes Pequeñas,203002,Ckd,AMARILLO,CRUDO,UND,True
7705946888332,Pin Guia Cable ABS chasis Mp,1631000009,Partes Pequeñas,203002,Ckd,AMARILLO,CRUDO,UND,True
7705946888349,Clips RE Mp,1631000009,Partes Pequeñas,203002,Ckd,AMARILLO,CRUDO,UND,True
7705946888356,Reflectivo Guardabarro Tras Mp,1631000009,Partes Pequeñas,203002,Ckd,AMARILLO,CRUDO,UND,True
7705946888363,Tornillo Estrella Galv M3x7 Mp,1631000009,Partes Pequeñas,203002,Ckd,AMARILLO,CRUDO,UND,True
7705946888417,Buje Camp Galv M8x30x9 Mp,1631000009,Partes Pequeñas,203002,Ckd,AMARILLO,CRUDO,UND,True
7705946888431,Torn Hex Galv M6x10x10 RE Mp,1631000009,Partes Pequeñas,203002,Ckd,AMARILLO,CRUDO,UND,True
7705946888448,Tor Camp Gal loctit M6x16x8 Mp,1631000009,Partes Pequeñas,203002,Ckd,AMARILLO,CRUDO,UND,True
7705946888455,Arandel Pin Seguridad M8x10 Mp,1631000009,Partes Pequeñas,203002,Ckd,AMARILLO,CRUDO,UND,True
7705946888462,Tor Cam Gal loctite M6x70x8 Mp,1631000009,Partes Pequeñas,203002,Ckd,AMARILLO,CRUDO,UND,True
7705946888493,Balinera RE Mp,1631000009,Partes Pequeñas,203002,Ckd,AMARILLO,CRUDO,UND,True
7705946888509,Tornillo Soke Galv M8x25 RE Mp,1631000009,Partes Pequeñas,203002,Ckd,AMARILLO,CRUDO,UND,True
7705946888516,Correa Plastica Pequeña RE Mp,1631000009,Partes Pequeñas,203002,Ckd,AMARILLO,CRUDO,UND,True
7705946888523,Resort Gato Lateral Galv RE Mp,1631000009,Partes Pequeñas,203002,Ckd,AMARILLO,CRUDO,UND,True
7705946888530,Tor Cam Cuel Gal M10x156x14 MP,1631000009,Partes Pequeñas,203002,Ckd,AMARILLO,CRUDO,UND,True
7705946888547,Tor Cam Cuel Gal M10x220x14 Mp,1631000009,Partes Pequeñas,203002,Ckd,AMARILLO,CRUDO,UND,True
7705946888578,Torni Camp Galv M6x20x8.8 Mp,1631000009,Partes Pequeñas,203002,Ckd,AMARILLO,CRUDO,UND,True
7705946888608,Torni Camp Galv M8x26x12 RE Mp,1631000009,Partes Pequeñas,203002,Ckd,AMARILLO,CRUDO,UND,True
7705946888615,Tor Cam Gal loctit M8x35x12 Mp,1631000009,Partes Pequeñas,203002,Ckd,AMARILLO,CRUDO,UND,True
7705946888622,Torn Galv M8x200x12 RE Mp,1631000009,Partes Pequeñas,203002,Ckd,AMARILLO,CRUDO,UND,True
7705946888639,Tor Cam Cuel Galv M10x60x14 Mp,1631000009,Partes Pequeñas,203002,Ckd,AMARILLO,CRUDO,UND,True
7705946888653,Tornillo soke Gal M5x12 RE Mp,1631000009,Partes Pequeñas,203002,Ckd,AMARILLO,CRUDO,UND,True
7705946888660,Torn soke cuello Galv M6x52 Mp,1631000009,Partes Pequeñas,203002,Ckd,AMARILLO,CRUDO,UND,True
7705946888684,Torn Soke Cuello Galv M8x52 Mp,1631000009,Partes Pequeñas,203002,Ckd,AMARILLO,CRUDO,UND,True
7705946888707,Tor Hex Cab Galv  M10x42x17 Mp,1631000009,Partes Pequeñas,203002,Ckd,AMARILLO,CRUDO,UND,True
7705946888714,Tor Hex Cab Gal M10x52x17 Mp,1631000009,Partes Pequeñas,203002,Ckd,AMARILLO,CRUDO,UND,True
7705946888721,Tor Estrell Cuell Gal M5x52 Mp,1631000009,Partes Pequeñas,203002,Ckd,AMARILLO,CRUDO,UND,True
7705946888738,Tornillo Dome M10x62-8.8 Mp,1631000009,Partes Pequeñas,203002,Ckd,AMARILLO,CRUDO,UND,True
7705946888745,Tuerca hex galv M5x8x4 Mp,1631000009,Partes Pequeñas,203002,Ckd,AMARILLO,CRUDO,UND,True
7705946888752,Tor Cam Buje Galv M6x16x10 Mp,1631000009,Partes Pequeñas,203002,Ckd,AMARILLO,CRUDO,UND,True
7705946888769,Abrazadera Manguera Chasis Mp,1631000009,Partes Pequeñas,203002,Ckd,AMARILLO,CRUDO,UND,True
7705946888783,Plat Gui Cha Mang Fren tras Mp,1631000009,Partes Pequeñas,203002,Ckd,AMARILLO,CRUDO,UND,True
7705946888790,Plati Guia mangu ABS Canuto Mp,1631000009,Partes Pequeñas,203002,Ckd,AMARILLO,CRUDO,UND,True
7705946888813,Plati Guia manguera ABS Del Mp,1631000009,Partes Pequeñas,203002,Ckd,AMARILLO,CRUDO,UND,True
7705946888820,Correa Plastica Grande RE Mp,1631000009,Partes Pequeñas,203002,Ckd,AMARILLO,CRUDO,UND,True
7705946888837,Correa Caja Herramienta RE Mp,1631000009,Partes Pequeñas,203002,Ckd,AMARILLO,CRUDO,UND,True
7705946888844,Pin Guia Plastic Caja Regul Mp,1631000009,Partes Pequeñas,203002,Ckd,AMARILLO,CRUDO,UND,True
7705946888851,Correa Plastica Mediana RE Mp,1631000009,Partes Pequeñas,203002,Ckd,AMARILLO,CRUDO,UND,True
7705946888868,Caucho Pedal Freno RE Mp,1631000009,Partes Pequeñas,203002,Ckd,AMARILLO,CRUDO,UND,True
7705946888875,Caucho Recto M8x42x22 Mp,1631000009,Partes Pequeñas,203002,Ckd,AMARILLO,CRUDO,UND,True
7705946888882,Resorte Pedal Freno RE Mp,1631000009,Partes Pequeñas,203002,Ckd,AMARILLO,CRUDO,UND,True
7705946888899,Arand Plan Buj Galv M6x22x3 Mp,1631000009,Partes Pequeñas,203002,Ckd,AMARILLO,CRUDO,UND,True
7705946888905,Buje Recto Galv M10x15x14 Mp,1631000009,Partes Pequeñas,203002,Ckd,AMARILLO,CRUDO,UND,True
7705946888912,Buje Recto Galv M10x32x14.5 Mp,1631000009,Partes Pequeñas,203002,Ckd,AMARILLO,CRUDO,UND,True
7705946888929,Tapon Chasis Cuna Mp,1631000009,Partes Pequeñas,203002,Ckd,AMARILLO,CRUDO,UND,True
7705946888936,Tapon Chasis Inferior Mp,1631000009,Partes Pequeñas,203002,Ckd,AMARILLO,CRUDO,UND,True
7705946888943,Tapon Chasis Grande Mp,1631000009,Partes Pequeñas,203002,Ckd,AMARILLO,CRUDO,UND,True
7705946888950,Tapon Chasis Trasero Mp,1631000009,Partes Pequeñas,203002,Ckd,AMARILLO,CRUDO,UND,True
7705946888967,Guardapolvo Sup M25x57 CLSS MP,1631000009,Partes Pequeñas,203002,Ckd,AMARILLO,CRUDO,UND,True
7705946888974,Tuerca Castillo Negra RE Mp,1631000009,Partes Pequeñas,203002,Ckd,AMARILLO,CRUDO,UND,True
7705946888981,Arande Plana negra M20x40x2 Mp,1631000009,Partes Pequeñas,203002,Ckd,AMARILLO,CRUDO,UND,True
7705946888998,Tuerca Hex Negra M19x30x10 Mp,1631000009,Partes Pequeñas,203002,Ckd,AMARILLO,CRUDO,UND,True
7705946889032,Tornill Estrella Galv M3x10 Mp,1631000009,Partes Pequeñas,203002,Ckd,AMARILLO,CRUDO,UND,True
7705946889049,Platina Cuenca Farola RE Mp,1631000009,Partes Pequeñas,203002,Ckd,AMARILLO,CRUDO,UND,True
7705946889056,Guia farola RE Mp,1631000009,Partes Pequeñas,203002,Ckd,AMARILLO,CRUDO,UND,True
7705946889063,Guia Metalic Soporte Farola Mp,1631000009,Partes Pequeñas,203002,Ckd,AMARILLO,CRUDO,UND,True
7705946889070,Orring Soporte Farola Mp,1631000009,Partes Pequeñas,203002,Ckd,AMARILLO,CRUDO,UND,True
7705946889087,Resorte Farola RE Mp,1631000009,Partes Pequeñas,203002,Ckd,AMARILLO,CRUDO,UND,True
7705946889100,Caucho Guia Farola Cuenca Mp,1631000009,Partes Pequeñas,203002,Ckd,AMARILLO,CRUDO,UND,True
7705946889124,Caucho Guia Cables Direccio Mp,1631000009,Partes Pequeñas,203002,Ckd,AMARILLO,CRUDO,UND,True
7705946889131,Caucho Guia Cajas Direccion Mp,1631000009,Partes Pequeñas,203002,Ckd,AMARILLO,CRUDO,UND,True
7705946889148,Calcomania Tension Cadena Mp,1631000000,Ckd,203002,Ckd,AMARILLO,CRUDO,UND,True
7705946889155,Arande Plana Gal M10.5x21x2 Mp,1631000009,Partes Pequeñas,203002,Ckd,AMARILLO,CRUDO,UND,True
7705946889162,Buje Recto Galv M17x42x22 Mp,1631000009,Partes Pequeñas,203002,Ckd,AMARILLO,CRUDO,UND,True
7705946889179,Buje Recto Galvan M17x30x20 Mp,1631000009,Partes Pequeñas,203002,Ckd,AMARILLO,CRUDO,UND,True
7705946889193,Buje Camp Galv M7x20x13 Mp,1631000009,Partes Pequeñas,203002,Ckd,AMARILLO,CRUDO,UND,True
7705946889209,Buje Campana Gal M8x23x14 Mp,1631000009,Partes Pequeñas,203002,Ckd,AMARILLO,CRUDO,UND,True
7705946889216,Cauch Dobl Cub Tije M8x22x7 Mp,1631000009,Partes Pequeñas,203002,Ckd,AMARILLO,CRUDO,UND,True
7705946889223,Tor Camp Buje Galv M8x35x14 Mp,1631000009,Partes Pequeñas,203002,Ckd,AMARILLO,CRUDO,UND,True
7705946889230,Tor Campa Buje Neg M6x26x12 Mp,1631000009,Partes Pequeñas,203002,Ckd,AMARILLO,CRUDO,UND,True
7705946889247,Tuerca Hex Lujo M8x14x17 Mp,1631000009,Partes Pequeñas,203002,Ckd,AMARILLO,CRUDO,UND,True
7705946889278,Abraz Metali Galv M19x22x12 Mp,1631000009,Partes Pequeñas,203002,Ckd,AMARILLO,CRUDO,UND,True
7705946889292,Tor Butto Somb Buj  M6x13x5 Mp,1631000009,Partes Pequeñas,203002,Ckd,AMARILLO,CRUDO,UND,True
7705946889308,Caucho Dobl Ranur M12x21x15 Mp,1631000009,Partes Pequeñas,203002,Ckd,AMARILLO,CRUDO,UND,True
7705946889315,Buje Campana Galva M8x19x17 Mp,1631000009,Partes Pequeñas,203002,Ckd,AMARILLO,CRUDO,UND,True
7705946889322,Buje camp Galv Rosca M5x8x7 Mp,1631000009,Partes Pequeñas,203002,Ckd,AMARILLO,CRUDO,UND,True
7705946889339,Tornill Button Galv M5x8 RE Mp,1631000009,Partes Pequeñas,203002,Ckd,AMARILLO,CRUDO,UND,True
7705946889353,Abrazad Caja Bateria Meteor Mp,1631000000,Ckd,203002,Ckd,AMARILLO,CRUDO,UND,True
7705946956673,Horquilla Inf Meteor RE  Mp,1631000000,Ckd,203002,Ckd,AMARILLO,CRUDO,UND,True
7705946956680,Tor Camp-Buje M5x13x8 Galv Mp,1631000009,Partes Pequeñas,203002,Ckd,AMARILLO,CRUDO,UND,True
7705946956697,Manguera Desfogue Tanque RE Mp,1631000009,Partes Pequeñas,203002,Ckd,AMARILLO,CRUDO,UND,True
7705946956741,Caja Bateria Meteor RE Mp,1631000000,Ckd,203002,Ckd,AMARILLO,CRUDO,UND,True
7705946956765,Suspension Izq Meteor Mp,1631000000,Ckd,203002,Ckd,AMARILLO,CRUDO,UND,True
7705946956789,Tijera Meteor RE Mp,1631000000,Ckd,203002,Ckd,AMARILLO,CRUDO,UND,True
7705946956857,Posap Del Der Cto Meteor RE Mp,1631000000,Ckd,203002,Ckd,AMARILLO,CRUDO,UND,True
7705946956864,Parrilla Izq Negr Meteor RE Mp,1631000000,Ckd,203002,Ckd,AMARILLO,CRUDO,UND,True
7705946956871,Suspension Der Meteor Mp,1631000000,Ckd,203002,Ckd,AMARILLO,CRUDO,UND,True
7705946956918,Farola Cto Meteor RE Mp,1631000000,Ckd,203002,Ckd,AMARILLO,CRUDO,UND,True
7705946956949,Sprocket Meteor RE Mp,1631000000,Ckd,203002,Ckd,AMARILLO,CRUDO,UND,True
7705946956963,Amortiguador Meteor RE Mp,1631000000,Ckd,203002,Ckd,AMARILLO,CRUDO,UND,True
7705946956970,Cadena Meteor RE Mp,1631000000,Ckd,203002,Ckd,AMARILLO,CRUDO,UND,True
7705946956994,Ramal Direccionales Meteor Mp,1631000009,Partes Pequeñas,203002,Ckd,AMARILLO,CRUDO,UND,True
7705946957007,Pito K95 RE Mp,1631000000,Ckd,203002,Ckd,AMARILLO,CRUDO,UND,True
7705946957014,Pin Flasher Meteor Mp,1631000009,Partes Pequeñas,203002,Ckd,AMARILLO,CRUDO,UND,True
7705946957021,Caucho Cuadrado RE Mp,1631000009,Partes Pequeñas,203002,Ckd,AMARILLO,CRUDO,UND,True
7705946957045,Logo Tanque Negro Meteor RE Mp,1631000000,Ckd,203002,Ckd,AMARILLO,CRUDO,UND,True
7705946957052,Cinta Protec Tanq Meteor Mp,1631000000,Ckd,203002,Ckd,AMARILLO,CRUDO,UND,True
7705946957076,Soporte Reflect Tras Meteor Mp,1631000000,Ckd,203002,Ckd,AMARILLO,CRUDO,UND,True
7705946957083,Caucho Estriado M9.5x19x4 Mp,1631000009,Partes Pequeñas,203002,Ckd,AMARILLO,CRUDO,UND,True
7705946957090,Tuerca Clip M6 Meteor RE Mp,1631000009,Partes Pequeñas,203002,Ckd,AMARILLO,CRUDO,UND,True
7705946958752,Cola Guard Tras Meteor Mp,1631000000,Ckd,203002,Ckd,AMARILLO,CRUDO,UND,True
7705946958769,Sop Inf Guardaba Del Meteor Mp,1631000000,Ckd,203002,Ckd,AMARILLO,CRUDO,UND,True
7705946958776,Comple Tapa Lat Der Meteor Mp,1631000000,Ckd,203002,Ckd,AMARILLO,CRUDO,UND,True
7705946958783,Comple Tapa Lat Izq Meteor Mp,1631000000,Ckd,203002,Ckd,AMARILLO,CRUDO,UND,True
7705946958905,Subchasis Trasero RE Mp,1631000000,Ckd,203002,Ckd,AMARILLO,CRUDO,UND,True
7705946958912,Caucho Stop Meteor RE Mp,1631000009,Partes Pequeñas,203002,Ckd,AMARILLO,CRUDO,UND,True
7705946959032,Buje Campana Galv M6x7x19 Mp,1631000009,Partes Pequeñas,203002,Ckd,AMARILLO,CRUDO,UND,True
7705946959049,Tor Delt Arande Galv M4x14 Mp,1631000009,Partes Pequeñas,203002,Ckd,AMARILLO,CRUDO,UND,True
7705946959056,Bomba Gasolina Meteor  Mp,1631000000,Ckd,203002,Ckd,AMARILLO,CRUDO,UND,True
7705946959063,Arandela Plana Galv M9x13x1 Mp,1631000009,Partes Pequeñas,203002,Ckd,AMARILLO,CRUDO,UND,True
7705946976176,Cubierta Tijera Der Meteor Mp,1631000000,Ckd,203002,Ckd,AMARILLO,CRUDO,UND,True
7705946976183,Cubierta tijera Izq Meteor Mp,1631000000,Ckd,203002,Ckd,AMARILLO,CRUDO,UND,True
7700149010498,Cubierta Espaldar Stellar Mp,1631000000,Ckd,203002,Ckd,NEGRO MATE,CRUDO,UND,True
7700149141345,Abrazadera de mofle CLSS Mp,1631000009,Partes Pequeñas,203002,Ckd,NEGRO MATE,CRUDO,UND,True
7700149142175,Protect Mofle CL350New Mp,1631000000,Ckd,203002,Ckd,NEGRO MATE,CRUDO,UND,True
7700149393898,Manubrio Cromado Meteor V2 Mp,1631000000,Ckd,203002,Ckd,NEGRO MATE,CRUDO,UND,True
7700149393904,Mofle Cromado Meteor V2 Mp,1631000000,Ckd,203002,Ckd,NEGRO MATE,CRUDO,UND,True
7700149393928,Protect Curva Mofle Crom V2 Mp,1631000000,Ckd,203002,Ckd,NEGRO MATE,CRUDO,UND,True
7700149478199,Curva Mofle Crom Meteor V2 Mp,1631000000,Ckd,203002,Ckd,NEGRO MATE,CRUDO,UND,True
7700149537575,Sistema ABS Crom Stellar V2 Mp,1631000000,Ckd,203002,Ckd,NEGRO MATE,CRUDO,UND,True
7700149596367,Tijera Meteor V2 Mp,1631000000,Ckd,203002,Ckd,NEGRO MATE,CRUDO,UND,True
7705946883696,Cadena RE Mp,1631000000,Ckd,203002,Ckd,NEGRO MATE,CRUDO,UND,True
7705946888288,Caucho Campana M10.5x18x20 Mp,1631000009,Partes Pequeñas,203002,Ckd,NEGRO MATE,CRUDO,UND,True
7705946888691,Torni Button Galva M8x25 RE Mp,1631000009,Partes Pequeñas,203002,Ckd,NEGRO MATE,CRUDO,UND,True
7705946889001,Tapon Horquilla Superior RE Mp,1631000009,Partes Pequeñas,203002,Ckd,NEGRO MATE,CRUDO,UND,True
7705946889025,Cauchos Pivot Tanque Mp,1631000009,Partes Pequeñas,203002,Ckd,NEGRO MATE,CRUDO,UND,True
7705946956956,Velocimetro Cto Bas + Sopor Mp,1631000000,Ckd,203002,Ckd,NEGRO MATE,CRUDO,UND,True
7705946958929,Parrilla Der Stellar Mp,1631000000,Ckd,203002,Ckd,NEGRO MATE,CRUDO,UND,True
7705946958936,Parrilla Izq Stellar Mp,1631000000,Ckd,203002,Ckd,NEGRO MATE,CRUDO,UND,True
7705946958943,Espaldar Stellar Mp,1631000000,Ckd,203002,Ckd,NEGRO MATE,CRUDO,UND,True
7705946958998,Rueda Cto Del Negro Stellar Mp,1631000000,Ckd,203002,Ckd,NEGRO MATE,CRUDO,UND,True
7705946959018,Rueda Cto Tras Negr Stellar Mp,1631000000,Ckd,203002,Ckd,NEGRO MATE,CRUDO,UND,True
7705946959070,Comple Tapa Lat Der Crom RE Mp,1631000000,Ckd,203002,Ckd,NEGRO MATE,CRUDO,UND,True
7705946959087,Comple Tapa Lat Izq Crom RE Mp,1631000000,Ckd,203002,Ckd,NEGRO MATE,CRUDO,UND,True
7705946989442,Emblema Tanq Izq Meteor350 Mp,1631000000,Ckd,203002,Ckd,NEGRO MATE,CRUDO,UND,True
7705946989459,Emblema Tanq Der Meteor350 Mp,1631000000,Ckd,203002,Ckd,NEGRO MATE,CRUDO,UND,True
7700149036955,Extension GPS RE Mp,1631000000,Ckd,203002,Ckd,NEGRO MATE,CRUDO,UND,True
7700149122962,Calco Info moto CLASSIC Mp,1632000000,Integracion Nacional,203002,Integración Nacional,NEGRO MATE,CRUDO,UND,True
7700149140775,Ext Tra Ramal Electr Clss Mp,1631000000,Ckd,203002,Ckd,NEGRO MATE,CRUDO,UND,True
7700149140836,Correa Bateria CLSS Mp,1631000009,Partes Pequeñas,203002,Ckd,NEGRO MATE,CRUDO,UND,True
7700149140867,Cubierta Lat Izq CLSS Mp,1631000000,Ckd,203002,Ckd,NEGRO MATE,CRUDO,UND,True
7700149140874,Cubierta Lat Dere CLSS Mp,1631000000,Ckd,203002,Ckd,NEGRO MATE,CRUDO,UND,True
7700149140898,Empaque Velocimetro CLSS MP,1631000009,Partes Pequeñas,203002,Ckd,NEGRO MATE,CRUDO,UND,True
7700149140904,Caucho Bateria CLSS MP,1631000000,Ckd,203002,Ckd,NEGRO MATE,CRUDO,UND,True
7700149140911,Cubiertas Caja Bateria CLSS MP,1631000000,Ckd,203002,Ckd,NEGRO MATE,CRUDO,UND,True
7700149140928,Empaque Tapa Lateral CLSS MP,1631000009,Partes Pequeñas,203002,Ckd,NEGRO MATE,CRUDO,UND,True
7700149140997,Soport Posapie Del Der CLSS MP,1631000000,Ckd,203002,Ckd,NEGRO MATE,CRUDO,UND,True
7700149141031,Manual de Propieta CLSS Mp,1631000000,Ckd,203002,Ckd,NEGRO MATE,CRUDO,UND,True
7700149141055,Cubiert Inter Tapa Izq CLSS MP,1631000000,Ckd,203002,Ckd,NEGRO MATE,CRUDO,UND,True
7700149141093,Kit Switche Cl350New Mp,1631000009,Partes Pequeñas,203002,Ckd,NEGRO MATE,CRUDO,UND,True
7700149141116,Horquilla Inferio Cl350New Mp,1631000000,Ckd,203002,Ckd,NEGRO MATE,CRUDO,UND,True
7700149141147,Pin Guia Cable Clutch CLSS MP,1631000009,Partes Pequeñas,203002,Ckd,NEGRO MATE,CRUDO,UND,True
7700149141154,Manguera Gasolina Cl350New Mp,1631000009,Partes Pequeñas,203002,Ckd,NEGRO MATE,CRUDO,UND,True
7700149141215,Caja Bateria CLSS Mp,1631000000,Ckd,203002,Ckd,NEGRO MATE,CRUDO,UND,True
7700149141239,Cable Acelerador CL350New Mp,1631000000,Ckd,203002,Ckd,NEGRO MATE,CRUDO,UND,True
7700149141246,Correa plastica CLSS Mp,1631000009,Partes Pequeñas,203002,Ckd,NEGRO MATE,CRUDO,UND,True
7700149141253,Buje Camp Galv M6x19x9 CLSS MP,1631000009,Partes Pequeñas,203002,Ckd,NEGRO MATE,CRUDO,UND,True
7700149141284,Arand Plana Galv M8.5x13x1 MP,1631000009,Partes Pequeñas,203002,Ckd,NEGRO MATE,CRUDO,UND,True
7700149141352,Buje Campana Ng  M7.5x13x16 MP,1631000009,Partes Pequeñas,203002,Ckd,NEGRO MATE,CRUDO,UND,True
7700149141369,Caucho Horqui Sup CLSS Mp,1631000009,Partes Pequeñas,203002,Ckd,NEGRO MATE,CRUDO,UND,True
7700149141376,Cinta Protecc tanq CLSS Mp,1631000000,Ckd,203002,Ckd,NEGRO MATE,CRUDO,UND,True
7700149141383,Chapeta M5 Mp,1631000009,Partes Pequeñas,203002,Ckd,NEGRO MATE,CRUDO,UND,True
7700149141390,Pin Cubier Swich Encen CLSS MP,1631000009,Partes Pequeñas,203002,Ckd,NEGRO MATE,CRUDO,UND,True
7700149141413,Caucho Tapon CLSS Mp,1631000009,Partes Pequeñas,203002,Ckd,NEGRO MATE,CRUDO,UND,True
7700149141420,Caucho ranurado CLSS Mp,1631000009,Partes Pequeñas,203002,Ckd,NEGRO MATE,CRUDO,UND,True
7700149141437,Caucho Protector Barra CLSS MP,1631000009,Partes Pequeñas,203002,Ckd,NEGRO MATE,CRUDO,UND,True
7700149141444,Caucho protect espi 2 CLSS Mp,1631000009,Partes Pequeñas,203002,Ckd,NEGRO MATE,CRUDO,UND,True
7700149141451,Calco presion llantas CLSS Mp,1631000000,Ckd,203002,Ckd,NEGRO MATE,CRUDO,UND,True
7700149141468,Caucho pedal freno CLSS Mp,1631000009,Partes Pequeñas,203002,Ckd,NEGRO MATE,CRUDO,UND,True
7700149141499,Caucho Cubierta Stop CLSS MP,1631000009,Partes Pequeñas,203002,Ckd,NEGRO MATE,CRUDO,UND,True
7700149141512,Canister CLSS Mp,1631000000,Ckd,203002,Ckd,NEGRO MATE,CRUDO,UND,True
7700149141567,Caucho platina de placa Mp,1631000009,Partes Pequeñas,203002,Ckd,NEGRO MATE,CRUDO,UND,True
7700149141598,Tuerca ajus Horq CLSS Mp,1631000009,Partes Pequeñas,203002,Ckd,NEGRO MATE,CRUDO,UND,True
7700149141604,Tornillo Soke M5x0.8x9 ClSS Mp,1631000009,Partes Pequeñas,203002,Ckd,NEGRO MATE,CRUDO,UND,True
7700149141628,Torn Camp Galv M6x16x8 CLSS MP,1631000009,Partes Pequeñas,203002,Ckd,NEGRO MATE,CRUDO,UND,True
7700149141635,Torni Hex M8x25x8 Gal Mp,1631000009,Partes Pequeñas,203002,Ckd,NEGRO MATE,CRUDO,UND,True
7700149141642,Torni Cuello M8x20 CLSS Mp,1631000009,Partes Pequeñas,203002,Ckd,NEGRO MATE,CRUDO,UND,True
7700149141659,Tank Pad Izquierd Cl350New Mp,1631000000,Ckd,203002,Ckd,NEGRO MATE,CRUDO,UND,True
7700149141666,Torn Camp Gal M8x45x12 CLSS MP,1631000009,Partes Pequeñas,203002,Ckd,NEGRO MATE,CRUDO,UND,True
7700149141697,Torn Cam Cuel Gal M8x105x12 MP,1631000009,Partes Pequeñas,203002,Ckd,NEGRO MATE,CRUDO,UND,True
7700149141710,Torn Phillips M5x12 Mp,1631000009,Partes Pequeñas,203002,Ckd,NEGRO MATE,CRUDO,UND,True
7700149141727,Torn Camp buje M6x19x8 Galv Mp,1631000009,Partes Pequeñas,203002,Ckd,NEGRO MATE,CRUDO,UND,True
7700149141734,Tor Cam M8x1.25x12 Mp,1631000009,Partes Pequeñas,203002,Ckd,NEGRO MATE,CRUDO,UND,True
7700149141758,Tapon Sopor Guard Tras CLSS MP,1631000009,Partes Pequeñas,203002,Ckd,NEGRO MATE,CRUDO,UND,True
7700149141963,Tank Pad Derecho Cl350New Mp,1631000000,Ckd,203002,Ckd,NEGRO MATE,CRUDO,UND,True
7700149141987,Posapie Tras Der CLSS Mp,1631000000,Ckd,203002,Ckd,NEGRO MATE,CRUDO,UND,True
7700149141994,Rodamiento Sup CLSS Mp,1631000009,Partes Pequeñas,203002,Ckd,NEGRO MATE,CRUDO,UND,True
7700149142021,Resorte Pedal Freno CLSS Mp,1631000009,Partes Pequeñas,203002,Ckd,NEGRO MATE,CRUDO,UND,True
7700149142052,Buje Camp Galv M12x15.4x18 MP,1631000009,Partes Pequeñas,203002,Ckd,NEGRO MATE,CRUDO,UND,True
7700149142076,Posapie Tras Izq CLSS Mp,1631000000,Ckd,203002,Ckd,NEGRO MATE,CRUDO,UND,True
7700149142113,Platina mofle CLSS Mp,1631000000,Ckd,203002,Ckd,NEGRO MATE,CRUDO,UND,True
7700149142120,Platina Guia cable CLSS Mp,1631000009,Partes Pequeñas,203002,Ckd,NEGRO MATE,CRUDO,UND,True
7700149142144,Soporte Emblema CLSS MP,1631000000,Ckd,203002,Ckd,NEGRO MATE,CRUDO,UND,True
7700149142199,Cubierta Swiche Encend CLSS MP,1631000009,Partes Pequeñas,203002,Ckd,NEGRO MATE,CRUDO,UND,True
7700149142243,Soporte Velocimetro CLSS Mp,1631000000,Ckd,203002,Ckd,NEGRO MATE,CRUDO,UND,True
7700149142250,Cauch Estriad Peq M9x19x9.4 MP,1631000009,Partes Pequeñas,203002,Ckd,NEGRO MATE,CRUDO,UND,True
7700149142267,Soporte Relay CLSS Mp,1631000009,Partes Pequeñas,203002,Ckd,NEGRO MATE,CRUDO,UND,True
7700149142304,Soporte Kit Herramien CLSS Mp,1631000009,Partes Pequeñas,203002,Ckd,NEGRO MATE,CRUDO,UND,True
7700149142311,Soporte Fusilera CLSS Mp,1631000009,Partes Pequeñas,203002,Ckd,NEGRO MATE,CRUDO,UND,True
7700149142328,Soporte ABS CLSS Mp,1631000000,Ckd,203002,Ckd,NEGRO MATE,CRUDO,UND,True
7700149142335,Soporte Caja Ovalada CLSS MP,1631000000,Ckd,203002,Ckd,NEGRO MATE,CRUDO,UND,True
7700149142380,Soporte Placa CLSS Mp,1631000000,Ckd,203002,Ckd,NEGRO MATE,CRUDO,UND,True
7700149148207,Abrazad Caja Bateria CLSS Mp,1631000009,Partes Pequeñas,203002,Ckd,NEGRO MATE,CRUDO,UND,True
7700149165587,Bomba Combustible HNTR  Mp,1631000000,Ckd,203002,Ckd,NEGRO MATE,CRUDO,UND,True
7700149165709,Torn Gato Lateral HNTR 350 Mp,1631000009,Partes Pequeñas,203002,Ckd,NEGRO MATE,CRUDO,UND,True
7700149165822,Tapon Chasis Grande HNTR350 Mp,1631000000,Ckd,203002,Ckd,NEGRO MATE,CRUDO,UND,True
7700149165976,Torn Camp Galv M6x20x8.8 RE Mp,1631000009,Partes Pequeñas,203002,Ckd,NEGRO MATE,CRUDO,UND,True
7700149175005,Tornillo Hex M5 x 0.8 x 10 Mp,1631000000,Ckd,203002,Ckd,NEGRO MATE,CRUDO,UND,True
7700149246842,Torn Hexagonal M10x1.5 Mp,1631000009,Partes Pequeñas,203002,Ckd,NEGRO MATE,CRUDO,UND,True
7700149246859,Abraz Guia Cabl Acele CLSS Mp,1631000009,Partes Pequeñas,203002,Ckd,NEGRO MATE,CRUDO,UND,True
7700149246866,Buje Roscado CLSS350 Mp,1631000009,Partes Pequeñas,203002,Ckd,NEGRO MATE,CRUDO,UND,True
7700149246873,Buje Espaciador CLSS350 Mp,1631000009,Partes Pequeñas,203002,Ckd,NEGRO MATE,CRUDO,UND,True
7700149246880,Cubierta Canuto CLSS350 Mp,1631000009,Partes Pequeñas,203002,Ckd,NEGRO MATE,CRUDO,UND,True
7700149246897,Horquilla Superior CLSS350 Mp,1631000000,Ckd,203002,Ckd,NEGRO MATE,CRUDO,UND,True
7700149363495,Pin Pasador Gato Cent HY450 Mp,1631000009,Partes Pequeñas,203002,Ckd,NEGRO MATE,CRUDO,UND,True
7700149376389,Tornillo HHF M10x30-8.8 Mp,1631000009,Partes Pequeñas,203002,Ckd,NEGRO MATE,CRUDO,UND,True
7700149537704,Cable Clutch S10 HNTR Mp,1631000000,Ckd,203002,Ckd,NEGRO MATE,CRUDO,UND,True
7700149548649,Mang Conect Rect CLASSIC350 Mp,1631000000,Ckd,203002,Ckd,NEGRO MATE,CRUDO,UND,True
7700149548731,Pla Diag Caj Bat CLASSIC350 Mp,1631000000,Ckd,203002,Ckd,NEGRO MATE,CRUDO,UND,True
7700149612678,Suspension Del Der CLSS V2 Mp,1631000000,Ckd,203002,Ckd,NEGRO MATE,CRUDO,UND,True
7700149612708,Portadocumentos CLSS V2 Mp,1631000000,Ckd,203002,Ckd,NEGRO MATE,CRUDO,UND,True
7700149612715,Flasher LED CLSS V2 Mp,1631000000,Ckd,203002,Ckd,NEGRO MATE,CRUDO,UND,True
7700149612722,Posapie Del Izq CLSS V2 Mp,1631000000,Ckd,203002,Ckd,NEGRO MATE,CRUDO,UND,True
7700149612746,Suspension Del Izq CLSS V2 Mp,1631000000,Ckd,203002,Ckd,NEGRO MATE,CRUDO,UND,True
7700149612777,Motor CLSS 350 V2 VIN Mp,1631000002,Materia Prima Motor,203002,Ckd,NEGRO MATE,CRUDO,UND,True
7700149612784,Palanca Cambios CLSS V2 Mp,1631000000,Ckd,203002,Ckd,NEGRO MATE,CRUDO,UND,True
7700149612791,Cbta Mofle Ng CLSS V2 Mp,1631000000,Ckd,203002,Ckd,NEGRO MATE,CRUDO,UND,True
7700149612807,Manubrio CLSS V2 Mp,1631000000,Ckd,203002,Ckd,NEGRO MATE,CRUDO,UND,True
7700149612821,Posapie Del Der CLSS V2 Mp,1631000000,Ckd,203002,Ckd,NEGRO MATE,CRUDO,UND,True
7700149612838,Portaequipaje Der Ng CLSS Mp,1631000000,Ckd,203002,Ckd,NEGRO MATE,CRUDO,UND,True
7700149612852,Sistema ABS CLSS V2 Mp,1631000000,Ckd,203002,Ckd,NEGRO MATE,CRUDO,UND,True
7700149612869,Rueda Del Aleacion CLSS Mp,1631000000,Ckd,203002,Ckd,NEGRO MATE,CRUDO,UND,True
7700149612876,Rueda Tras Aleacion CLSS Mp,1631000000,Ckd,203002,Ckd,NEGRO MATE,CRUDO,UND,True
7700149612883,Spte Dispositivo Naveg CLSS Mp,1631000000,Ckd,203002,Ckd,NEGRO MATE,CRUDO,UND,True
7700149612906,Portaequipaje Izq Ng CLSS Mp,1631000000,Ckd,203002,Ckd,NEGRO MATE,CRUDO,UND,True
7700149612913,Farola Ng Br CLSS V2 Mp,1631000000,Ckd,203002,Ckd,NEGRO MATE,CRUDO,UND,True
7700149612920,Abrazadera Manubrio CLSS V2 Mp,1631000009,Partes Pequeñas,203002,Ckd,NEGRO MATE,CRUDO,UND,True
7700149612937,Cable Clutch CLSS V2 Mp,1631000000,Ckd,203002,Ckd,NEGRO MATE,CRUDO,UND,True
7700149612944,Cuna Ng Mat CLSS V2 Mp,1631000000,Ckd,203002,Ckd,NEGRO MATE,CRUDO,UND,True
7700149612951,Calco Emblema Tanq IzqNegro Mp,1631000000,Ckd,203002,Ckd,NEGRO MATE,CRUDO,UND,True
7700149612982,Palanca Freno CLSS Mp,1631000000,Ckd,203002,Ckd,NEGRO MATE,CRUDO,UND,True
7700149612999,Gato Latetal Ng Mat CLSS V2 Mp,1631000000,Ckd,203002,Ckd,NEGRO MATE,CRUDO,UND,True
7700149613002,Sistema Electrico CLSS V2 Mp,1631000000,Ckd,203002,Ckd,NEGRO MATE,CRUDO,UND,True
7700149613019,Sillin Tras Ng Mate CLSS V2 Mp,1631000000,Ckd,203002,Ckd,NEGRO MATE,CRUDO,UND,True
7700149613026,Amortiguador Tras CLSS V2 Mp,1631000000,Ckd,203002,Ckd,NEGRO MATE,CRUDO,UND,True
7700149613033,Cbta Lat Tijera Ng CLSS Mp,1631000000,Ckd,203002,Ckd,NEGRO MATE,CRUDO,UND,True
7700149613040,Cbta Izq Ng Mat CLSS Mp,1631000000,Ckd,203002,Ckd,NEGRO MATE,CRUDO,UND,True
7700149613064,Agarradera Lat Izq Ng CLSS Mp,1631000000,Ckd,203002,Ckd,NEGRO MATE,CRUDO,UND,True
7700149613088,Mofle Ng CLSS V2 Mp,1631000000,Ckd,203002,Ckd,NEGRO MATE,CRUDO,UND,True
7700149613095,Sprocket Comp Ng Mat CLSS Mp,1631000000,Ckd,203002,Ckd,NEGRO MATE,CRUDO,UND,True
7700149613101,Spte Guardab Del Ng CLSS Mp,1631000000,Ckd,203002,Ckd,NEGRO MATE,CRUDO,UND,True
7700149613125,Tijera CLSS V2 Mp,1631000000,Ckd,203002,Ckd,NEGRO MATE,CRUDO,UND,True
7700149613132,Stop CLSS V2 Mp,1631000000,Ckd,203002,Ckd,NEGRO MATE,CRUDO,UND,True
7700149613149,Cbta Der Ng Mat CLSS Mp,1631000000,Ckd,203002,Ckd,NEGRO MATE,CRUDO,UND,True
7700149613156,Direccional Del Der CLSS V2 Mp,1631000000,Ckd,203002,Ckd,NEGRO MATE,CRUDO,UND,True
7700149613163,Mang Tanq Conector CLSS Mp,1631000000,Ckd,203002,Ckd,NEGRO MATE,CRUDO,UND,True
7700149613170,Velocimetro CLSS V2 Mp,1631000000,Ckd,203002,Ckd,NEGRO MATE,CRUDO,UND,True
7700149613187,Gato Central Ng Mat CLSS V2 Mp,1631000000,Ckd,203002,Ckd,NEGRO MATE,CRUDO,UND,True
7700149613194,Sillin Del Ng Mate CLSS Mp,1631000000,Ckd,203002,Ckd,NEGRO MATE,CRUDO,UND,True
7700149613224,Direccional Del Izq CLSS V2 Mp,1631000000,Ckd,203002,Ckd,NEGRO MATE,CRUDO,UND,True
7700149613231,Cargador USB-C CLSS Mp,1631000000,Ckd,203002,Ckd,NEGRO MATE,CRUDO,UND,True
7700149613248,Direccional Tra Izq CLSS V2 Mp,1631000000,Ckd,203002,Ckd,NEGRO MATE,CRUDO,UND,True
7700149613255,Direccional Tra Der CLSS V2 Mp,1631000000,Ckd,203002,Ckd,NEGRO MATE,CRUDO,UND,True
7700149613279,Dispositivo Naveg CLSS Mp,1631000000,Ckd,203002,Ckd,NEGRO MATE,CRUDO,UND,True
7700149613309,Luz Piloto Ng Br CLSS V2 Mp,1631000000,Ckd,203002,Ckd,NEGRO MATE,CRUDO,UND,True
7705946663571,Caucho Relay HY Mp,1631000009,Partes Pequeñas,203002,Ckd,NEGRO MATE,CRUDO,UND,True
7705946663779,Tornillo Torx M4x10 CLSS MP,1631000009,Partes Pequeñas,203002,Ckd,NEGRO MATE,CRUDO,UND,True
7705946664578,Torni Butt Somb Gal M6x12x4 Mp,1631000009,Partes Pequeñas,203002,Ckd,NEGRO MATE,CRUDO,UND,True
7705946664691,Tornillo M8x25 RE INT Mp,1631000000,Ckd,203002,Ckd,NEGRO MATE,CRUDO,UND,True
7705946666756,Tuerca Hexa Galv M6x10x5 HY Mp,1631000000,Ckd,203002,Ckd,NEGRO MATE,CRUDO,UND,True
7705946883320,Guardacadena Meteor Mp,1631000000,Ckd,203002,Ckd,NEGRO MATE,CRUDO,UND,True
7705946976381,Arandela Plana M4.5x12x1 RE Mp,1631000009,Partes Pequeñas,203002,Ckd,NEGRO MATE,CRUDO,UND,True
7700149140799,Buje Camp Gal M8x26x16 CLSS MP,1631000009,Partes Pequeñas,203002,Ckd,GRIS MATE NEGRO MATE COBRE MAT,CRUDO,UND,True
7700149142151,Piñon de salida CLSS Mp,1631000000,Ckd,203002,Ckd,GRIS MATE NEGRO MATE COBRE MAT,CRUDO,UND,True
7700149142229,Stop CLSS Mp,1631000000,Ckd,203002,Ckd,GRIS MATE NEGRO MATE COBRE MAT,CRUDO,UND,True
7700149270083,Calco EmblemTanqNeg DerGunGrMp,1631000000,Ckd,203002,Ckd,GRIS MATE NEGRO MATE COBRE MAT,CRUDO,UND,True
7700149612685,Farola CLSS V2 Mp,1631000000,Ckd,203002,Ckd,GRIS MATE NEGRO MATE COBRE MAT,CRUDO,UND,True
7700149612760,Rueda Del Ng/Cobre CLSS Mp,1631000000,Ckd,203002,Ckd,GRIS MATE NEGRO MATE COBRE MAT,CRUDO,UND,True
7700149613057,Rueda Tras Ng/Cobre CLSS Mp,1631000000,Ckd,203002,Ckd,GRIS MATE NEGRO MATE COBRE MAT,CRUDO,UND,True
7700149613200,Luz Piloto Ng Mat CLSS V2 Mp,1631000000,Ckd,203002,Ckd,GRIS MATE NEGRO MATE COBRE MAT,CRUDO,UND,True
7700149613217,Sillin Del Ng CLSS V2 Mp,1631000000,Ckd,203002,Ckd,GRIS MATE NEGRO MATE COBRE MAT,CRUDO,UND,True
7700149613286,Sillin Tras Ng CLSS V2 Mp,1631000000,Ckd,203002,Ckd,GRIS MATE NEGRO MATE COBRE MAT,CRUDO,UND,True
7700149715997,Sistema ABS CLSS V3 Mp,1631000000,Ckd,203002,Ckd,GRIS MATE NEGRO MATE COBRE MAT,CRUDO,UND,True
7700149716000,Palanca Freno CLSS V2 Mp,1631000000,Ckd,203002,Ckd,GRIS MATE NEGRO MATE COBRE MAT,CRUDO,UND,True
7700149716017,Sop Posapie Del Der CLSS V2 Mp,1631000000,Ckd,203002,Ckd,GRIS MATE NEGRO MATE COBRE MAT,CRUDO,UND,True
7700149716024,Cable Clutch CLSS V3 Mp,1631000000,Ckd,203002,Ckd,GRIS MATE NEGRO MATE COBRE MAT,CRUDO,UND,True
7700149716031,Buje Pivote Mp,1631000009,Partes Pequeñas,203002,Ckd,GRIS MATE NEGRO MATE COBRE MAT,CRUDO,UND,True
7705946888646,Torn Camp Galv M10x30x14 RE Mp,1631000009,Partes Pequeñas,203002,Ckd,GRIS MATE NEGRO MATE COBRE MAT,CRUDO,UND,True
7705946988797,Torni Camp Buje Ng M6x26x12 MP,1631000009,Partes Pequeñas,203002,Ckd,GRIS MATE NEGRO MATE COBRE MAT,CRUDO,UND,True
7700149141574,Torn Camp Cuel Gal M8x38x12 MP,1631000009,Partes Pequeñas,203002,Ckd,GRIS NEGRO,CRUDO,UND,True
7700149142755,Platina Electro Valvula Mp,1631000009,Partes Pequeñas,203002,Ckd,GRIS NEGRO,CRUDO,UND,True
7700149165372,Ajuste Soporte Farola HNTR Mp,1631000009,Partes Pequeñas,203002,Ckd,GRIS NEGRO,CRUDO,UND,True
7700149165389,Tornillo Hex M6X1X20 Mp,1631000009,Partes Pequeñas,203002,Ckd,GRIS NEGRO,CRUDO,UND,True
7700149165396,Goma Guardabarro Del HNTR Mp,1631000009,Partes Pequeñas,203002,Ckd,GRIS NEGRO,CRUDO,UND,True
7700149165402,Tornillo Allen M8X45 Mp,1631000009,Partes Pequeñas,203002,Ckd,GRIS NEGRO,CRUDO,UND,True
7700149165419,Tornillo Plano M5X12 Mp,1631000009,Partes Pequeñas,203002,Ckd,GRIS NEGRO,CRUDO,UND,True
7700149165433,Soporte Caja Batería HNTR Mp,1631000000,Ckd,203002,Ckd,GRIS NEGRO,CRUDO,UND,True
7700149165464,Goma Guardabarro Tras HNTR Mp,1631000009,Partes Pequeñas,203002,Ckd,GRIS NEGRO,CRUDO,UND,True
7700149165488,Pasacable Clutch HNTR Mp,1631000009,Partes Pequeñas,203002,Ckd,GRIS NEGRO,CRUDO,UND,True
7700149165495,Tornillo M6X45X10.9 Mp,1631000009,Partes Pequeñas,203002,Ckd,GRIS NEGRO,CRUDO,UND,True
7700149165570,Correa Kit Herramientas Mp,1631000009,Partes Pequeñas,203002,Ckd,GRIS NEGRO,CRUDO,UND,True
7700149165600,Resorte Retorno Pedal HNTR Mp,1631000009,Partes Pequeñas,203002,Ckd,GRIS NEGRO,CRUDO,UND,True
7700149165617,Tapa Soporte Motor HNTR 350 Mp,1631000009,Partes Pequeñas,203002,Ckd,GRIS NEGRO,CRUDO,UND,True
7700149165631,Tornillo M6X14 RE Mp,1631000009,Partes Pequeñas,203002,Ckd,GRIS NEGRO,CRUDO,UND,True
7700149165655,Sticker Chasis HNTR 350 RE Mp,1631000000,Ckd,203002,Ckd,GRIS NEGRO,CRUDO,UND,True
7700149165693,Motor HNTR 350 RE VIN Mp,1631000002,Materia Prima Motor,203002,Ckd,GRIS NEGRO,CRUDO,UND,True
7700149165723,Sprocket HNTR 350 RE Mp,1631000000,Ckd,203002,Ckd,GRIS NEGRO,CRUDO,UND,True
7700149165792,Kit Switch Encend HNTR350 Mp,1631000009,Partes Pequeñas,203002,Ckd,GRIS NEGRO,CRUDO,UND,True
7700149165839,Tuerca Hexagonal M4 RE Mp,1631000009,Partes Pequeñas,203002,Ckd,GRIS NEGRO,CRUDO,UND,True
7700149165860,Buje Camp M7 Guardab Tras Mp,1631000009,Partes Pequeñas,203002,Ckd,GRIS NEGRO,CRUDO,UND,True
7700149165877,Abrazadera Manguera Tijera Mp,1631000009,Partes Pequeñas,203002,Ckd,GRIS NEGRO,CRUDO,UND,True
7700149165891,Manguera Drenaje Tanque RE Mp,1631000009,Partes Pequeñas,203002,Ckd,GRIS NEGRO,CRUDO,UND,True
7700149165983,Protector Metal Guarda Del Mp,1631000009,Partes Pequeñas,203002,Ckd,GRIS NEGRO,CRUDO,UND,True
7700149165990,Tornillo Cab Plan M4X0.7X20 Mp,1631000009,Partes Pequeñas,203002,Ckd,GRIS NEGRO,CRUDO,UND,True
7700149166003,Cubierta Direc Del Izq Mp,1631000000,Ckd,203002,Ckd,GRIS NEGRO,CRUDO,UND,True
7700149166010,Cubierta Direc Del Der Mp,1631000000,Ckd,203002,Ckd,GRIS NEGRO,CRUDO,UND,True
7700149166034,Bola Retenedor Posapie HNTR Mp,1631000009,Partes Pequeñas,203002,Ckd,GRIS NEGRO,CRUDO,UND,True
7700149166041,Calco Info Llantas HNTR Mp,1631000000,Ckd,203002,Ckd,GRIS NEGRO,CRUDO,UND,True
7700149166058,Bloqueo del Asiento HNTR RE Mp,1631000009,Partes Pequeñas,203002,Ckd,GRIS NEGRO,CRUDO,UND,True
7700149166065,Spte Platina Cierre Asiento Mp,1631000009,Partes Pequeñas,203002,Ckd,GRIS NEGRO,CRUDO,UND,True
7700149166133,Tornillo Estrella M6X13 Mp,1631000009,Partes Pequeñas,203002,Ckd,GRIS NEGRO,CRUDO,UND,True
7700149166140,Brida Mofle HNTR 350 RE Mp,1631000009,Partes Pequeñas,203002,Ckd,GRIS NEGRO,CRUDO,UND,True
7700149166195,Caja Batería HNTR 350 RE Mp,1631000000,Ckd,203002,Ckd,GRIS NEGRO,CRUDO,UND,True
7700149166232,Arandela Seguridad HNTR RE Mp,1631000009,Partes Pequeñas,203002,Ckd,GRIS NEGRO,CRUDO,UND,True
7700149166249,Abrazadera Susp Delant RE Mp,1631000009,Partes Pequeñas,203002,Ckd,GRIS NEGRO,CRUDO,UND,True
7700149166263,Cable Acelerador HNTR 350 Mp,1631000000,Ckd,203002,Ckd,GRIS NEGRO,CRUDO,UND,True
7700149166331,Ramal Electr Luz Trasera RE Mp,1631000000,Ckd,203002,Ckd,GRIS NEGRO,CRUDO,UND,True
7700149166393,Spte Mano Pasajero Der HNTR Mp,1631000000,Ckd,203002,Ckd,GRIS NEGRO,CRUDO,UND,True
7700149166409,Caja Filtro Aire HNTR Mp,1631000000,Ckd,203002,Ckd,GRIS NEGRO,CRUDO,UND,True
7700149166423,Bobina Encen Completa HNTR Mp,1631000000,Ckd,203002,Ckd,GRIS NEGRO,CRUDO,UND,True
7700149166454,Farola Completa HNTR Mp,1631000000,Ckd,203002,Ckd,GRIS NEGRO,CRUDO,UND,True
7700149166478,Caucho Comp Interno HNTR Mp,1631000009,Partes Pequeñas,203002,Ckd,GRIS NEGRO,CRUDO,UND,True
7700149166515,Spte Mano Pasajero Izq HNTR Mp,1631000000,Ckd,203002,Ckd,GRIS NEGRO,CRUDO,UND,True
7700149166539,Cauchos Horquilla Del HNTR Mp,1631000000,Ckd,203002,Ckd,GRIS NEGRO,CRUDO,UND,True
7700149166577,Spte Modulador ABS HNTR Mp,1631000000,Ckd,203002,Ckd,GRIS NEGRO,CRUDO,UND,True
7700149166584,Abraz y Cauch Guardab HNTR Mp,1631000000,Ckd,203002,Ckd,GRIS NEGRO,CRUDO,UND,True
7700149166621,Direc Tras-Izq Del-Der HNTR Mp,1631000000,Ckd,203002,Ckd,GRIS NEGRO,CRUDO,UND,True
7700149166638,Direc Tras-Der Del-Izq HNTR Mp,1631000000,Ckd,203002,Ckd,GRIS NEGRO,CRUDO,UND,True
7700149166645,Stop-Luz Freno HNTR Mp,1631000000,Ckd,203002,Ckd,GRIS NEGRO,CRUDO,UND,True
7700149166683,Mofle y Protector HNTR Mp,1631000000,Ckd,203002,Ckd,GRIS NEGRO,CRUDO,UND,True
7700149166720,Amortiguador HNTR Mp,1631000000,Ckd,203002,Ckd,GRIS NEGRO,CRUDO,UND,True
7700149166751,Guardabarro Tras Negro HNTR Mp,1631000000,Ckd,203002,Ckd,GRIS NEGRO,CRUDO,UND,True
7700149166768,Guardabarro Tras HNTR Mp,1631000000,Ckd,203002,Ckd,GRIS NEGRO,CRUDO,UND,True
7700149168816,Barra Susp Izq HNTR Mp,1631000000,Ckd,203002,Ckd,GRIS NEGRO,CRUDO,UND,True
7700149168823,Barra Susp Der HNTR Mp,1631000000,Ckd,203002,Ckd,GRIS NEGRO,CRUDO,UND,True
7700149168847,Pedal de Freno HNTR Mp,1631000000,Ckd,203002,Ckd,GRIS NEGRO,CRUDO,UND,True
7700149168861,Spte Posapie Del Der HNTR Mp,1631000000,Ckd,203002,Ckd,GRIS NEGRO,CRUDO,UND,True
7700149168885,Canister HNTR Mp,1631000000,Ckd,203002,Ckd,GRIS NEGRO,CRUDO,UND,True
7700149168922,Cubta Guardabarro HNTR 350 Mp,1631000000,Ckd,203002,Ckd,GRIS NEGRO,CRUDO,UND,True
7700149168953,Regulador rectificad HNTR Mp,1631000000,Ckd,203002,Ckd,GRIS NEGRO,CRUDO,UND,True
7700149174244,Manual Propietario HNTR V2 Mp,1631000000,Ckd,203002,Ckd,GRIS NEGRO,CRUDO,UND,True
7700149181952,Calco Info moto HNTR Mp,1632000000,Integracion Nacional,203002,Integración Nacional,GRIS NEGRO,CRUDO,UND,True
7700149255783,Calco Rueda Der HNTR Gris Mp,1631000000,Ckd,203002,Ckd,GRIS NEGRO,CRUDO,UND,True
7700149255790,Calco Rueda Izq HNTR Gris Mp,1631000000,Ckd,203002,Ckd,GRIS NEGRO,CRUDO,UND,True
7700149321815,Gato Lateral Nal HNTR Mp,1632000000,Integracion Nacional,203002,Integración Nacional,GRIS NEGRO,CRUDO,UND,True
7700149321822,Soporte Farola Izq Nal HNTR Mp,1632000000,Integracion Nacional,203002,Integración Nacional,GRIS NEGRO,CRUDO,UND,True
7700149321839,Soporte Farola Der Nal HNTR Mp,1632000000,Integracion Nacional,203002,Integración Nacional,GRIS NEGRO,CRUDO,UND,True
7700149321846,Gato Central Nal HNTR Mp,1632000000,Integracion Nacional,203002,Integración Nacional,GRIS NEGRO,CRUDO,UND,True
7700149321853,Protector Talon Mofle HNTR Mp,1632000000,Integracion Nacional,203002,Integración Nacional,GRIS NEGRO,CRUDO,UND,True
7700149321860,Pedal Cambios Nal HNTR Mp,1632000000,Integracion Nacional,203002,Integración Nacional,GRIS NEGRO,CRUDO,UND,True
7700149395458,Sillin HNTR MP,1632000000,Integracion Nacional,203002,Integración Nacional,GRIS NEGRO,CRUDO,UND,True
7700149458238,Manubrio Negro HNTR V2 Mp,1631000000,Ckd,203002,Ckd,GRIS NEGRO,CRUDO,UND,True
7700149458245,Manguera Inyector HNTR Mp,1631000000,Ckd,203002,Ckd,GRIS NEGRO,CRUDO,UND,True
7700149458252,Horquilla Direccion HNTR V2 Mp,1631000000,Ckd,203002,Ckd,GRIS NEGRO,CRUDO,UND,True
7700149458290,Platina Farola HNTR Mp,1631000000,Ckd,203002,Ckd,GRIS NEGRO,CRUDO,UND,True
7700149458313,Cubta Cuerp Aceler Ng Der Mp,1631000000,Ckd,203002,Ckd,GRIS NEGRO,CRUDO,UND,True
7700149458337,Cuenca Farola HNTR Mp,1631000000,Ckd,203002,Ckd,GRIS NEGRO,CRUDO,UND,True
7700149458375,Comple Tapa Lat Der HNTR Mp,1631000000,Ckd,203002,Ckd,GRIS NEGRO,CRUDO,UND,True
7700149458382,Cubta Cuerp Aceler Ng Izq Mp,1631000000,Ckd,203002,Ckd,GRIS NEGRO,CRUDO,UND,True
7700149458399,Velocimetro HNTR V2 Mp,1631000000,Ckd,203002,Ckd,GRIS NEGRO,CRUDO,UND,True
7700149458450,Comple Tapa Lat Izq HNTR Mp,1631000000,Ckd,203002,Ckd,GRIS NEGRO,CRUDO,UND,True
7700149470537,Cubierta Bateria HNTR Mp,1632000000,Integracion Nacional,203002,Integración Nacional,GRIS NEGRO,CRUDO,UND,True
7700149474924,Actuador Pedal Cambios HNTR Mp,1631000009,Partes Pequeñas,203002,Ckd,GRIS NEGRO,CRUDO,UND,True
7700149474931,Plati Posapie Del Izq HNTR Mp,1631000000,Ckd,203002,Ckd,GRIS NEGRO,CRUDO,UND,True
7700149491457,Subchasis Tras Nal HNTR 350 Mp,1632000000,Integracion Nacional,203002,Integración Nacional,GRIS NEGRO,CRUDO,UND,True
7700149530750,Arandela Tubo Escape Mp,1631000009,Partes Pequeñas,203002,Ckd,GRIS NEGRO,CRUDO,UND,True
7700149530767,Buje Tubo Escape Mp,1631000009,Partes Pequeñas,203002,Ckd,GRIS NEGRO,CRUDO,UND,True
7700149530774,Caucho Tubo Escape Mp,1631000009,Partes Pequeñas,203002,Ckd,GRIS NEGRO,CRUDO,UND,True
7700149530781,Curva Mofle HNTR V2 Mp,1631000000,Ckd,203002,Ckd,GRIS NEGRO,CRUDO,UND,True
7700149530798,Rueda Trasera HNTR V3 Mp,1631000000,Ckd,203002,Ckd,GRIS NEGRO,CRUDO,UND,True
7700149530804,Rueda Del HNTR V3 Mp,1631000000,Ckd,203002,Ckd,GRIS NEGRO,CRUDO,UND,True
7700149533294,Guarda Cadena Nal HNTR Mp,1632000000,Integracion Nacional,203002,Integración Nacional,GRIS NEGRO,CRUDO,UND,True
7700149560054,Tornillo M6X10 SM650 Mp,1631000009,Partes Pequeñas,203002,Ckd,GRIS NEGRO,CRUDO,UND,True
7700149562829,Torn HHF M6x16x8.8 Mp,1631000009,Partes Pequeñas,203002,Ckd,GRIS NEGRO,CRUDO,UND,True
7700149562836,Cbta Mofle HNTR V2 Mp,1631000000,Ckd,203002,Ckd,GRIS NEGRO,CRUDO,UND,True
7700149567121,Tijera HNTR V2 Mp,1631000000,Ckd,203002,Ckd,GRIS NEGRO,CRUDO,UND,True
7700149611978,Sistema ABS HNTR V3 Mp,1631000000,Ckd,203002,Ckd,GRIS NEGRO,CRUDO,UND,True
7700149688086,Cable Clutch HNTR V4 Mp,1631000000,Ckd,203002,Ckd,GRIS NEGRO,CRUDO,UND,True
7705946664714,Pin Pasador Galvan M6x20 HY Mp,1631000009,Partes Pequeñas,203002,Ckd,GRIS NEGRO,CRUDO,UND,True
7705946664721,Torni Hex Coni Galv M6x20x4 Mp,1631000009,Partes Pequeñas,203002,Ckd,GRIS NEGRO,CRUDO,UND,True
7700149165457,Subchasis Trasero HNTR 350 Mp,1631000000,Ckd,203002,Ckd,NEGRO GRIS,CRUDO,UND,True
7700149165471,Sistema ABS HNTR 350 RE Mp,1631000000,Ckd,203002,Ckd,NEGRO GRIS,CRUDO,UND,True
7700149165501,Kit Posapie Der HNTR 350 RE Mp,1631000000,Ckd,203002,Ckd,NEGRO GRIS,CRUDO,UND,True
7700149165518,Tijera Cta HNTR 350 RE Mp,1631000000,Ckd,203002,Ckd,NEGRO GRIS,CRUDO,UND,True
7700149165945,Spte Posapie Tra Izq HNTR Mp,1631000000,Ckd,203002,Ckd,NEGRO GRIS,CRUDO,UND,True
7700149166096,Horquilla Direccion HNTR350 Mp,1631000000,Ckd,203002,Ckd,NEGRO GRIS,CRUDO,UND,True
7700149166461,Cubierta Mofle Negra HNTR Mp,1631000000,Ckd,203002,Ckd,NEGRO GRIS,CRUDO,UND,True
7700149166690,Velocímetro HNTR 350 Mp,1631000000,Ckd,203002,Ckd,NEGRO GRIS,CRUDO,UND,True
7700149168786,Guarda Cadena HNTR Mp,1631000000,Ckd,203002,Ckd,NEGRO GRIS,CRUDO,UND,True
7700149168793,Manubrio Completo HNTR Mp,1631000000,Ckd,203002,Ckd,NEGRO GRIS,CRUDO,UND,True
7700149168878,Spte Posapie Del Izq HNTR Mp,1631000000,Ckd,203002,Ckd,NEGRO GRIS,CRUDO,UND,True
7700149178105,Rueda Del HNTR Gris Ash Mp,1631000000,Ckd,203002,Ckd,NEGRO GRIS,CRUDO,UND,True
7700149178112,Rueda Tras HNTR Gris Ash Mp,1631000000,Ckd,203002,Ckd,NEGRO GRIS,CRUDO,UND,True
7700149209540,Tubo Escape HNTR 350 RE V2 Mp,1631000000,Ckd,203002,Ckd,NEGRO GRIS,CRUDO,UND,True
7700149255745,Calco Rueda Der HNTR Negra Mp,1631000000,Ckd,203002,Ckd,NEGRO GRIS,CRUDO,UND,True
7700149255875,Calco Rueda Izq HNTR Negra Mp,1631000000,Ckd,203002,Ckd,NEGRO GRIS,CRUDO,UND,True
7700149537711,Cable Clutch HNTR V3 Mp,1631000000,Ckd,203002,Ckd,NEGRO GRIS,CRUDO,UND,True
7705946889186,Buje Recto Galvan M17x38x25 Mp,1631000009,Partes Pequeñas,203002,Ckd,NEGRO GRIS,CRUDO,UND,True
7705946957137,Tapa Piñon Salida Negro Mp,1631000000,Ckd,203002,Ckd,NEGRO GRIS,CRUDO,UND,True
7700149586245,Calco Rin White BEAR650 Mp,1631000000,Ckd,203002,Ckd,BLANCO,CRUDO,UND,True
7700149720045,Sticker Cert Calidad RE Mp,1631000000,Ckd,203002,Ckd,BLANCO,CRUDO,UND,True
7700149037884,Tor Button Sombr Gal M5x8x3 Mp,1631000009,Partes Pequeñas,203002,Ckd,GRIS AZUL,CRUDO,UND,True
7700149037891,Buje Rosacado M5 RE Mp,1631000009,Partes Pequeñas,203002,Ckd,GRIS AZUL,CRUDO,UND,True
7700149166843,Arande Plan Parri M8X14 RE Mp,1631000009,Partes Pequeñas,203002,Ckd,GRIS AZUL,CRUDO,UND,True
7700149296526,Arandela M6.2 HY Mp,1631000009,Partes Pequeñas,203002,Ckd,GRIS AZUL,CRUDO,UND,True
7700149296601,Tornillo WHT M6 X23X10.9 Mp,1631000009,Partes Pequeñas,203002,Ckd,GRIS AZUL,CRUDO,UND,True
7700149335768,Calco Info moto 452HY Mp,1632000000,Integracion Nacional,203002,Integración Nacional,GRIS AZUL,CRUDO,UND,True
7700149362887,Tapa Tanque HY450 Mp,1631000000,Ckd,203002,Ckd,GRIS AZUL,CRUDO,UND,True
7700149362894,Parrilla Reforzada HY450 Mp,1631000000,Ckd,203002,Ckd,GRIS AZUL,CRUDO,UND,True
7700149362924,Sprocket HY450 Mp,1631000000,Ckd,203002,Ckd,GRIS AZUL,CRUDO,UND,True
7700149362931,Cadena 520x116 HY450 Mp,1631000000,Ckd,203002,Ckd,GRIS AZUL,CRUDO,UND,True
7700149362962,Posapie Del Der HY450 Mp,1631000000,Ckd,203002,Ckd,GRIS AZUL,CRUDO,UND,True
7700149362979,Posapie Del Izq HY450 Mp,1631000000,Ckd,203002,Ckd,GRIS AZUL,CRUDO,UND,True
7700149362993,Pedal Freno HY450 Mp,1631000000,Ckd,203002,Ckd,GRIS AZUL,CRUDO,UND,True
7700149363006,Bobina Encendido HY450 Mp,1631000000,Ckd,203002,Ckd,GRIS AZUL,CRUDO,UND,True
7700149363013,Protector Sprocket HY450 Mp,1631000000,Ckd,203002,Ckd,GRIS AZUL,CRUDO,UND,True
7700149363020,Pito HY450 Mp,1631000000,Ckd,203002,Ckd,GRIS AZUL,CRUDO,UND,True
7700149363037,Guardacadena Sup HY450Mp,1631000000,Ckd,203002,Ckd,GRIS AZUL,CRUDO,UND,True
7700149363044,Caja Filtro HY450 Mp,1631000000,Ckd,203002,Ckd,GRIS AZUL,CRUDO,UND,True
7700149363051,Control Motor ECU HY450 Mp,1631000000,Ckd,203002,Ckd,GRIS AZUL,CRUDO,UND,True
7700149363068,Juego Llaves HY450 Mp,1631000000,Ckd,203002,Ckd,GRIS AZUL,CRUDO,UND,True
7700149363075,Direccional Tras 450HY Mp,1631000000,Ckd,203002,Ckd,GRIS AZUL,CRUDO,UND,True
7700149363082,Direccional Del HY450 Mp,1631000000,Ckd,203002,Ckd,GRIS AZUL,CRUDO,UND,True
7700149363099,Sensor Gasolina HY450 Mp,1631000000,Ckd,203002,Ckd,GRIS AZUL,CRUDO,UND,True
7700149363105,Bomba Gasolina HY450 Mp,1631000000,Ckd,203002,Ckd,GRIS AZUL,CRUDO,UND,True
7700149363112,Subchasis Tras HY450 Mp,1631000000,Ckd,203002,Ckd,GRIS AZUL,CRUDO,UND,True
7700149363143,Protector Tanq Izq HY450 Mp,1631000000,Ckd,203002,Ckd,GRIS AZUL,CRUDO,UND,True
7700149363150,Mofle HY450 Mp,1631000000,Ckd,203002,Ckd,GRIS AZUL,CRUDO,UND,True
7700149363167,Regulador Rectificado HY450 Mp,1631000000,Ckd,203002,Ckd,GRIS AZUL,CRUDO,UND,True
7700149363181,Horquilla Sup HY450 Mp,1631000000,Ckd,203002,Ckd,GRIS AZUL,CRUDO,UND,True
7700149363198,Farola LED HY450 Mp,1631000000,Ckd,203002,Ckd,GRIS AZUL,CRUDO,UND,True
7700149363204,Radiador HY450 Mp,1631000000,Ckd,203002,Ckd,GRIS AZUL,CRUDO,UND,True
7700149363211,Protector Radiador HY450 Mp,1631000000,Ckd,203002,Ckd,GRIS AZUL,CRUDO,UND,True
7700149363228,Suspension Izq HY450 Mp,1631000000,Ckd,203002,Ckd,GRIS AZUL,CRUDO,UND,True
7700149363235,Suspension Der HY450 Mp,1631000000,Ckd,203002,Ckd,GRIS AZUL,CRUDO,UND,True
7700149363242,Tapa Lateral Int Der HY450 Mp,1631000000,Ckd,203002,Ckd,GRIS AZUL,CRUDO,UND,True
7700149363259,Tapa Lateral Int Izq HY450 Mp,1631000000,Ckd,203002,Ckd,GRIS AZUL,CRUDO,UND,True
7700149363266,Abrazadera Place HY450 Mp,1631000000,Ckd,203002,Ckd,GRIS AZUL,CRUDO,UND,True
7700149363280,Bastidor Auxiliar HY450 Mp,1631000000,Ckd,203002,Ckd,GRIS AZUL,CRUDO,UND,True
7700149363297,Guardabarro Tras Int HY450 Mp,1631000000,Ckd,203002,Ckd,GRIS AZUL,CRUDO,UND,True
7700149363303,Platina Canister HY450 Mp,1631000000,Ckd,203002,Ckd,GRIS AZUL,CRUDO,UND,True
7700149363334,Guardabarro Tras Inf HY Mp,1631000000,Ckd,203002,Ckd,GRIS AZUL,CRUDO,UND,True
7700149363341,Extension Guardabarro HY Mp,1631000000,Ckd,203002,Ckd,GRIS AZUL,CRUDO,UND,True
7700149363358,Soporte Matricula HY450 Mp,1631000000,Ckd,203002,Ckd,GRIS AZUL,CRUDO,UND,True
7700149363365,Protector Tijera Izq HY450 Mp,1631000000,Ckd,203002,Ckd,GRIS AZUL,CRUDO,UND,True
7700149363372,Protector Tijera Der HY450 Mp,1631000000,Ckd,203002,Ckd,GRIS AZUL,CRUDO,UND,True
7700149363389,Velocimetro TFT HY450 Mp,1631000000,Ckd,203002,Ckd,GRIS AZUL,CRUDO,UND,True
7700149363419,Tijera HY450 Mp,1631000000,Ckd,203002,Ckd,GRIS AZUL,CRUDO,UND,True
7700149363426,Caja Bateria HY450 Mp,1631000000,Ckd,203002,Ckd,GRIS AZUL,CRUDO,UND,True
7700149363440,Protector Motor HY450 Mp,1631000000,Ckd,203002,Ckd,GRIS AZUL,CRUDO,UND,True
7700149363457,Gato Central HY450 Mp,1631000000,Ckd,203002,Ckd,GRIS AZUL,CRUDO,UND,True
7700149363488,Cubierta Interna Izq HY450 Mp,1631000000,Ckd,203002,Ckd,GRIS AZUL,CRUDO,UND,True
7700149363501,Soporte Motor Del HY450 Mp,1631000009,Partes Pequeñas,203002,Ckd,GRIS AZUL,CRUDO,UND,True
7700149363518,Caucho Gato Central HY Mp,1631000009,Partes Pequeñas,203002,Ckd,GRIS AZUL,CRUDO,UND,True
7700149363525,TuerCamSegurGalv M12x1.25 Mp,1631000009,Partes Pequeñas,203002,Ckd,GRIS AZUL,CRUDO,UND,True
7700149363532,TuerCamSegurGalv M10x1.25 Mp,1631000009,Partes Pequeñas,203002,Ckd,GRIS AZUL,CRUDO,UND,True
7700149363549,Soporte Guardab Del HY450 Mp,1631000009,Partes Pequeñas,203002,Ckd,GRIS AZUL,CRUDO,UND,True
7700149363556,Cargador USB HY450 Mp,1631000009,Partes Pequeñas,203002,Ckd,GRIS AZUL,CRUDO,UND,True
7700149363563,Buje Campana GatoLat HY450 Mp,1631000009,Partes Pequeñas,203002,Ckd,GRIS AZUL,CRUDO,UND,True
7700149363587,Caucho Sprocket HY450 Mp,1631000009,Partes Pequeñas,203002,Ckd,GRIS AZUL,CRUDO,UND,True
7700149363594,Guardacadena Inf HY450 Mp,1631000009,Partes Pequeñas,203002,Ckd,GRIS AZUL,CRUDO,UND,True
7700149363600,Kit Herramientas HY450 Mp,1631000000,Ckd,203002,Ckd,GRIS AZUL,CRUDO,UND,True
7700149363617,Sistema ABS HY450 Mp,1631000000,Ckd,203002,Ckd,GRIS AZUL,CRUDO,UND,True
7700149363716,Calco Info Llanta HY450 Mp,1631000000,Ckd,203002,Ckd,GRIS AZUL,CRUDO,UND,True
7700149363723,Reflector Guardab Del HY450 Mp,1631000009,Partes Pequeñas,203002,Ckd,GRIS AZUL,CRUDO,UND,True
7700149363730,Parabrisa HY450 Mp,1631000000,Ckd,203002,Ckd,GRIS AZUL,CRUDO,UND,True
7700149363747,Eje Tijera HY450 Mp,1631000009,Partes Pequeñas,203002,Ckd,GRIS AZUL,CRUDO,UND,True
7700149363754,Retenedor Valvula HY450 Mp,1631000009,Partes Pequeñas,203002,Ckd,GRIS AZUL,CRUDO,UND,True
7700149363778,Motor HY450 VIN Mp,1631000002,Materia Prima Motor,203002,Ckd,GRIS AZUL,CRUDO,UND,True
7700149363785,Tapon Tijera HY450 Mp,1631000009,Partes Pequeñas,203002,Ckd,GRIS AZUL,CRUDO,UND,True
7700149363792,Tapa Radiador HY450 Mp,1631000009,Partes Pequeñas,203002,Ckd,GRIS AZUL,CRUDO,UND,True
7700149363808,Tuerca platina HY450 Mp,1631000009,Partes Pequeñas,203002,Ckd,GRIS AZUL,CRUDO,UND,True
7700149363815,Carenaje Int De HY450 Mp,1631000000,Ckd,203002,Ckd,GRIS AZUL,CRUDO,UND,True
7700149363839,AbrazaderaManguera21 HY450 Mp,1631000009,Partes Pequeñas,203002,Ckd,GRIS AZUL,CRUDO,UND,True
7700149363846,AbrazaderaManguera HY Mp,1631000009,Partes Pequeñas,203002,Ckd,GRIS AZUL,CRUDO,UND,True
7700149363860,AbrazadMangueraAclrador D63 Mp,1631000009,Partes Pequeñas,203002,Ckd,GRIS AZUL,CRUDO,UND,True
7700149363877,Abrazadera Caja Filtro Mp,1631000009,Partes Pequeñas,203002,Ckd,GRIS AZUL,CRUDO,UND,True
7700149363884,Caren Frontal Der HY450 Mp,1631000000,Ckd,203002,Ckd,GRIS AZUL,CRUDO,UND,True
7700149363891,Tanque Refrigerante HY450 Mp,1631000000,Ckd,203002,Ckd,GRIS AZUL,CRUDO,UND,True
7700149363914,AbrazaderaManguera 27 HY450 Mp,1631000009,Partes Pequeñas,203002,Ckd,GRIS AZUL,CRUDO,UND,True
7700149363938,Soporte Reflector Tras HY Mp,1631000009,Partes Pequeñas,203002,Ckd,GRIS AZUL,CRUDO,UND,True
7700149363945,Resorte Gato Central HY450 Mp,1631000009,Partes Pequeñas,203002,Ckd,GRIS AZUL,CRUDO,UND,True
7700149363952,Resorte Gato Lateral HY450 Mp,1631000009,Partes Pequeñas,203002,Ckd,GRIS AZUL,CRUDO,UND,True
7700149363969,Arandela Seguridad Gato Lat Mp,1631000009,Partes Pequeñas,203002,Ckd,GRIS AZUL,CRUDO,UND,True
7700149363976,Arandela Plana M6 HY450 Mp,1631000009,Partes Pequeñas,203002,Ckd,GRIS AZUL,CRUDO,UND,True
7700149363983,AbrazaderaManguera25 HY450 Mp,1631000009,Partes Pequeñas,203002,Ckd,GRIS AZUL,CRUDO,UND,True
7700149363990,Arandela Manguera D24 Mp,1631000009,Partes Pequeñas,203002,Ckd,GRIS AZUL,CRUDO,UND,True
7700149364003,TornilloHex M12x183 HY450 Mp,1631000009,Partes Pequeñas,203002,Ckd,GRIS AZUL,CRUDO,UND,True
7700149364010,Boquilla Llenado Radiador Mp,1631000009,Partes Pequeñas,203002,Ckd,GRIS AZUL,CRUDO,UND,True
7700149364027,Mang Gasolina HY450 Mp,1631000009,Partes Pequeñas,203002,Ckd,GRIS AZUL,CRUDO,UND,True
7700149364034,Caucho Tanque Del HY450 Mp,1631000009,Partes Pequeñas,203002,Ckd,GRIS AZUL,CRUDO,UND,True
7700149366595,Cal Inf Gbro Iz Gris Hy 450 Mp,1631000000,Ckd,203002,Ckd,GRIS AZUL,CRUDO,UND,True
7700149366601,Cal Inf Gbro De Gris Hy 450 Mp,1631000000,Ckd,203002,Ckd,GRIS AZUL,CRUDO,UND,True
7700149366717,Emblem Azul Der Hmalyan 450 Mp,1631000000,Ckd,203002,Ckd,GRIS AZUL,CRUDO,UND,True
7700149366823,Calca Rin Del Azul Hy 450 Mp,1631000000,Ckd,203002,Ckd,GRIS AZUL,CRUDO,UND,True
7700149366885,Calca Rin Tras Azul Hy 450 Mp,1631000000,Ckd,203002,Ckd,GRIS AZUL,CRUDO,UND,True
7700149367899,Catalizador HY450 Mp,1631000000,Ckd,203002,Ckd,GRIS AZUL,CRUDO,UND,True
7700149367967,Curva Mofle HY450 Mp,1631000000,Ckd,203002,Ckd,GRIS AZUL,CRUDO,UND,True
7700149367974,Manguera Valvula HY450 Mp,1631000009,Partes Pequeñas,203002,Ckd,GRIS AZUL,CRUDO,UND,True
7700149367981,Horquilla HY450Mp,1631000000,Ckd,203002,Ckd,GRIS AZUL,CRUDO,UND,True
7700149367998,Switch Gato Lateral HY450 Mp,1631000009,Partes Pequeñas,203002,Ckd,GRIS AZUL,CRUDO,UND,True
7700149368001,Manguera Gasolina HY450 Mp,1631000009,Partes Pequeñas,203002,Ckd,GRIS AZUL,CRUDO,UND,True
7700149368018,Ramal Stop HY450 Mp,1631000009,Partes Pequeñas,203002,Ckd,GRIS AZUL,CRUDO,UND,True
7700149368025,Buje Llanta 17 13.5 Mp,1631000009,Partes Pequeñas,203002,Ckd,GRIS AZUL,CRUDO,UND,True
7700149368032,O-RING 5.6 x 2.4 Mp,1631000009,Partes Pequeñas,203002,Ckd,GRIS AZUL,CRUDO,UND,True
7700149376099,Tornillo HHF M12x105-12.9 Mp,1631000009,Partes Pequeñas,203002,Ckd,GRIS AZUL,CRUDO,UND,True
7700149376112,Torn HHF M10x90.8.8 Blanco Mp,1631000009,Partes Pequeñas,203002,Ckd,GRIS AZUL,CRUDO,UND,True
7700149376129,Torn HHF M5x10.8.8 Blanco Mp,1631000009,Partes Pequeñas,203002,Ckd,GRIS AZUL,CRUDO,UND,True
7700149376136,Torn HHF M16x12.8.8 Blanco Mp,1631000009,Partes Pequeñas,203002,Ckd,GRIS AZUL,CRUDO,UND,True
7700149376174,Tornillo HHF M8x70-8.8 Mp,1631000009,Partes Pequeñas,203002,Ckd,GRIS AZUL,CRUDO,UND,True
7700149376198,Tornillo HHF M6x70-10.9 Mp,1631000009,Partes Pequeñas,203002,Ckd,GRIS AZUL,CRUDO,UND,True
7700149376204,Tornillo HHF M8x50-8.8 Mp,1631000009,Partes Pequeñas,203002,Ckd,GRIS AZUL,CRUDO,UND,True
7700149376235,Tensor Cadena HY450 Mp,1631000009,Partes Pequeñas,203002,Ckd,GRIS AZUL,CRUDO,UND,True
7700149376242,Guia Abrazadera HY450 Mp,1631000009,Partes Pequeñas,203002,Ckd,GRIS AZUL,CRUDO,UND,True
7700149376266,Tornillo WHT M10 X65X12.9 Mp,1631000009,Partes Pequeñas,203002,Ckd,GRIS AZUL,CRUDO,UND,True
7700149376273,Tornillo WHT M6 X30X8.8 Mp,1631000009,Partes Pequeñas,203002,Ckd,GRIS AZUL,CRUDO,UND,True
7700149376280,Tornillo HHF M10x75-12.9 Mp,1631000009,Partes Pequeñas,203002,Ckd,GRIS AZUL,CRUDO,UND,True
7700149376297,Tornillo HHF M12x75-12.9 Mp,1631000009,Partes Pequeñas,203002,Ckd,GRIS AZUL,CRUDO,UND,True
7700149376303,Tornillo Tap M8 x 75 x 8.8 Mp,1631000009,Partes Pequeñas,203002,Ckd,GRIS AZUL,CRUDO,UND,True
7700149376310,Platin Filtr Canister HY450 Mp,1631000009,Partes Pequeñas,203002,Ckd,GRIS AZUL,CRUDO,UND,True
7700149376327,Torn Butt SHLD M6x13.5x8.8 Mp,1631000009,Partes Pequeñas,203002,Ckd,GRIS AZUL,CRUDO,UND,True
7700149376341,Tornillo Tap M4 x 16 x 8.8 Mp,1631000009,Partes Pequeñas,203002,Ckd,GRIS AZUL,CRUDO,UND,True
7700149376358,Tornillo Tap M5 x 20 x 8.8 Mp,1631000009,Partes Pequeñas,203002,Ckd,GRIS AZUL,CRUDO,UND,True
7700149376365,Abrazadera Manguera HY450 Mp,1631000009,Partes Pequeñas,203002,Ckd,GRIS AZUL,CRUDO,UND,True
7700149376372,Canister HY450 Mp,1631000009,Partes Pequeñas,203002,Ckd,GRIS AZUL,CRUDO,UND,True
7700149376396,Puerto USB HY450 Mp,1631000009,Partes Pequeñas,203002,Ckd,GRIS AZUL,CRUDO,UND,True
7700149376402,Cauche Recto HY450 Mp,1631000009,Partes Pequeñas,203002,Ckd,GRIS AZUL,CRUDO,UND,True
7700149376419,Buje Campana Damper HY450 Mp,1631000009,Partes Pequeñas,203002,Ckd,GRIS AZUL,CRUDO,UND,True
7700149376426,Caren Frontal Izq HY450 Mp,1631000000,Ckd,203002,Ckd,GRIS AZUL,CRUDO,UND,True
7700149376433,Soporte Modulador HY450 Mp,1631000009,Partes Pequeñas,203002,Ckd,GRIS AZUL,CRUDO,UND,True
7700149376457,Soporte Regulador HY450 Mp,1631000009,Partes Pequeñas,203002,Ckd,GRIS AZUL,CRUDO,UND,True
7700149376464,Tensor Cadena Der HY450 Mp,1631000009,Partes Pequeñas,203002,Ckd,GRIS AZUL,CRUDO,UND,True
7700149376471,Tensor Cadena Izq HY450 Mp,1631000009,Partes Pequeñas,203002,Ckd,GRIS AZUL,CRUDO,UND,True
7700149376488,Cable Clutch HY450 Mp,1631000009,Partes Pequeñas,203002,Ckd,GRIS AZUL,CRUDO,UND,True
7700149376495,Manubrio HY450 Mp,1631000000,Ckd,203002,Ckd,GRIS AZUL,CRUDO,UND,True
7700149376501,Tornillo M5 15x8.8 Mp,1631000009,Partes Pequeñas,203002,Ckd,GRIS AZUL,CRUDO,UND,True
7700149376518,Manguera HY450 Mp,1631000009,Partes Pequeñas,203002,Ckd,GRIS AZUL,CRUDO,UND,True
7700149376525,Torn HHF M10x52.8.8 Blanco Mp,1631000009,Partes Pequeñas,203002,Ckd,GRIS AZUL,CRUDO,UND,True
7700149376549,Tornillo Tap M8 x 30 x 8.8 Mp,1631000009,Partes Pequeñas,203002,Ckd,GRIS AZUL,CRUDO,UND,True
7700149376556,Tuer Seg CaMp Estri M5x8x6 Mp,1631000009,Partes Pequeñas,203002,Ckd,GRIS AZUL,CRUDO,UND,True
7700149376563,Platina Soporte Tanq HY450 Mp,1631000009,Partes Pequeñas,203002,Ckd,GRIS AZUL,CRUDO,UND,True
7700149376570,Tornillo HHF M8x60 Mp,1631000009,Partes Pequeñas,203002,Ckd,GRIS AZUL,CRUDO,UND,True
7700149376594,Unidad Flasher HY450 Mp,1631000009,Partes Pequeñas,203002,Ckd,GRIS AZUL,CRUDO,UND,True
7700149376600,Soporte Conector Der HY450 Mp,1631000009,Partes Pequeñas,203002,Ckd,GRIS AZUL,CRUDO,UND,True
7700149376617,Soporte Conector Izq HY450 Mp,1631000009,Partes Pequeñas,203002,Ckd,GRIS AZUL,CRUDO,UND,True
7700149376624,Soporte Evap Canister HY450 Mp,1631000009,Partes Pequeñas,203002,Ckd,GRIS AZUL,CRUDO,UND,True
7700149376631,Correa Evap Canister HY450 Mp,1631000009,Partes Pequeñas,203002,Ckd,GRIS AZUL,CRUDO,UND,True
7700149376648,Abrazadera Superior HY450 Mp,1631000009,Partes Pequeñas,203002,Ckd,GRIS AZUL,CRUDO,UND,True
7700149376655,Luz Placa HY450 Mp,1631000009,Partes Pequeñas,203002,Ckd,GRIS AZUL,CRUDO,UND,True
7700149376662,Tornillo Tap M6 x 20 x 10.9 Mp,1631000009,Partes Pequeñas,203002,Ckd,GRIS AZUL,CRUDO,UND,True
7700149376686,Torn CaMp Estri M6x1x20 Mp,1631000009,Partes Pequeñas,203002,Ckd,GRIS AZUL,CRUDO,UND,True
7700149376693,Soport Guia Cable M10 HY450 Mp,1631000009,Partes Pequeñas,203002,Ckd,GRIS AZUL,CRUDO,UND,True
7700149376716,Resorte Posapie Del HY450 Mp,1631000009,Partes Pequeñas,203002,Ckd,GRIS AZUL,CRUDO,UND,True
7700149376723,Guia Mang Chasis HY450 Mp,1631000009,Partes Pequeñas,203002,Ckd,GRIS AZUL,CRUDO,UND,True
7700149376730,Sello Horquilla HY450 Mp,1631000009,Partes Pequeñas,203002,Ckd,GRIS AZUL,CRUDO,UND,True
7700149376747,Damper Tanque HY450 Mp,1631000009,Partes Pequeñas,203002,Ckd,GRIS AZUL,CRUDO,UND,True
7700149376754,Buje Rueda Acero HY450 Mp,1631000009,Partes Pequeñas,203002,Ckd,GRIS AZUL,CRUDO,UND,True
7700149376761,Buje Caucho Manubrio Mp,1631000009,Partes Pequeñas,203002,Ckd,GRIS AZUL,CRUDO,UND,True
7700149376778,Tuerc Seguridad M30 Mp,1631000009,Partes Pequeñas,203002,Ckd,GRIS AZUL,CRUDO,UND,True
7700149376785,Arandela Tabular HY450 Mp,1631000009,Partes Pequeñas,203002,Ckd,GRIS AZUL,CRUDO,UND,True
7700149376792,Buje Cabezal Interno HY450 Mp,1631000009,Partes Pequeñas,203002,Ckd,GRIS AZUL,CRUDO,UND,True
7700149376808,Guia Manguera HY450 Mp,1631000009,Partes Pequeñas,203002,Ckd,GRIS AZUL,CRUDO,UND,True
7700149376815,Soporte Guia Cable 4.8x5.2Mp,1631000009,Partes Pequeñas,203002,Ckd,GRIS AZUL,CRUDO,UND,True
7700149376822,Spte Culata Tras Der HY450 Mp,1631000009,Partes Pequeñas,203002,Ckd,GRIS AZUL,CRUDO,UND,True
7700149376839,Adaptador USB Tipo C HY450 Mp,1631000009,Partes Pequeñas,203002,Ckd,GRIS AZUL,CRUDO,UND,True
7700149376846,Soporte Guia Cadena HY450 Mp,1631000009,Partes Pequeñas,203002,Ckd,GRIS AZUL,CRUDO,UND,True
7700149376853,Tuerca Compresion M5 HY450 Mp,1631000009,Partes Pequeñas,203002,Ckd,GRIS AZUL,CRUDO,UND,True
7700149376860,Soport Retenedr Cable HY450 Mp,1631000009,Partes Pequeñas,203002,Ckd,GRIS AZUL,CRUDO,UND,True
7700149376884,Buje Campa Gato Centr HY450 Mp,1631000009,Partes Pequeñas,203002,Ckd,GRIS AZUL,CRUDO,UND,True
7700149376891,Torn Seguridad Horquilla Mp,1631000009,Partes Pequeñas,203002,Ckd,GRIS AZUL,CRUDO,UND,True
7700149376907,Soprt Culata Tras Izq HY450 Mp,1631000009,Partes Pequeñas,203002,Ckd,GRIS AZUL,CRUDO,UND,True
7700149376914,Sensor Nivel Gasolina HY450 Mp,1631000009,Partes Pequeñas,203002,Ckd,GRIS AZUL,CRUDO,UND,True
7700149376945,Torn Butt SHLD M5x9x8.8 Mp,1631000009,Partes Pequeñas,203002,Ckd,GRIS AZUL,CRUDO,UND,True
7700149376952,Clip Fijacion HY450 Mp,1631000009,Partes Pequeñas,203002,Ckd,GRIS AZUL,CRUDO,UND,True
7700149376969,Protector Mofle Peq HY450 Mp,1631000000,Ckd,203002,Ckd,GRIS AZUL,CRUDO,UND,True
7700149376983,Caucho 21x9.8x9.5 Mp,1631000009,Partes Pequeñas,203002,Ckd,GRIS AZUL,CRUDO,UND,True
7700149376990,Arandela Curt 12x28x3 Mp,1631000009,Partes Pequeñas,203002,Ckd,GRIS AZUL,CRUDO,UND,True
7700149377003,Torn Butt SHLD M6x15.5x8.8 Mp,1631000009,Partes Pequeñas,203002,Ckd,GRIS AZUL,CRUDO,UND,True
7700149377010,Tornillo HHF M10x95-8.8 Mp,1631000009,Partes Pequeñas,203002,Ckd,GRIS AZUL,CRUDO,UND,True
7700149377027,Tornillo Tap M6 x 30 x 10.9 Mp,1631000009,Partes Pequeñas,203002,Ckd,GRIS AZUL,CRUDO,UND,True
7700149377034,Tornillo Tap M6 x 20 x 8.8 Mp,1631000009,Partes Pequeñas,203002,Ckd,GRIS AZUL,CRUDO,UND,True
7700149377041,Torn Butt Larg M6x15x8.8 Mp,1631000009,Partes Pequeñas,203002,Ckd,GRIS AZUL,CRUDO,UND,True
7700149377058,Torn Butt SHLD M5x12.5x8.8 Mp,1631000009,Partes Pequeñas,203002,Ckd,GRIS AZUL,CRUDO,UND,True
7700149377065,Tornillo HHF M6x16.5-8.8 Mp,1631000009,Partes Pequeñas,203002,Ckd,GRIS AZUL,CRUDO,UND,True
7700149377072,Tornillo HHF M6x23.25-8.8 Mp,1631000009,Partes Pequeñas,203002,Ckd,GRIS AZUL,CRUDO,UND,True
7700149377089,Sensor Velocidad Rueda ABS Mp,1631000009,Partes Pequeñas,203002,Ckd,GRIS AZUL,CRUDO,UND,True
7700149377096,Tornillo HHF M6x13.25-8.8 Mp,1631000009,Partes Pequeñas,203002,Ckd,GRIS AZUL,CRUDO,UND,True
7700149377102,Tornillo Delta ST 40x12-TX Mp,1631000009,Partes Pequeñas,203002,Ckd,GRIS AZUL,CRUDO,UND,True
7700149377119,Tornillo Delta ST 40x25-TX Mp,1631000009,Partes Pequeñas,203002,Ckd,GRIS AZUL,CRUDO,UND,True
7700149377126,Buje Campana Posapie Del Mp,1631000009,Partes Pequeñas,203002,Ckd,GRIS AZUL,CRUDO,UND,True
7700149377133,Arandela 40x30x1.0 Mp,1631000009,Partes Pequeñas,203002,Ckd,GRIS AZUL,CRUDO,UND,True
7700149377157,Correa Bateria HY450 Mp,1631000009,Partes Pequeñas,203002,Ckd,GRIS AZUL,CRUDO,UND,True
7700149377171,Buje Caucho Posapie HY450 Mp,1631000009,Partes Pequeñas,203002,Ckd,GRIS AZUL,CRUDO,UND,True
7700149377188,Caucho 15x8x9 Mp,1631000009,Partes Pequeñas,203002,Ckd,GRIS AZUL,CRUDO,UND,True
7700149377195,Antivibrant Cubierta Tanque Mp,1631000009,Partes Pequeñas,203002,Ckd,GRIS AZUL,CRUDO,UND,True
7700149377218,Tornillo Freno HY450 Mp,1631000009,Partes Pequeñas,203002,Ckd,GRIS AZUL,CRUDO,UND,True
7700149377225,Resorte Freno HY450 Mp,1631000009,Partes Pequeñas,203002,Ckd,GRIS AZUL,CRUDO,UND,True
7700149377232,Arandela M5x21x2 Mp,1631000009,Partes Pequeñas,203002,Ckd,GRIS AZUL,CRUDO,UND,True
7700149377249,Buje Caucho HY450 Mp,1631000009,Partes Pequeñas,203002,Ckd,GRIS AZUL,CRUDO,UND,True
7700149377256,Arandela M5x17x1 Mp,1631000009,Partes Pequeñas,203002,Ckd,GRIS AZUL,CRUDO,UND,True
7700149377263,Buje Susp Front HY450 Mp,1631000009,Partes Pequeñas,203002,Ckd,GRIS AZUL,CRUDO,UND,True
7700149377270,Protector Cadena HY450 Mp,1631000009,Partes Pequeñas,203002,Ckd,GRIS AZUL,CRUDO,UND,True
7700149377287,Tuer HHF M8X1.25-8.8 Mp,1631000009,Partes Pequeñas,203002,Ckd,GRIS AZUL,CRUDO,UND,True
7700149384353,Soporte Tanque Del HY450 Mp,1631000009,Partes Pequeñas,203002,Ckd,GRIS AZUL,CRUDO,UND,True
7700149384360,Pin Resorte HY450 Mp,1631000009,Partes Pequeñas,203002,Ckd,GRIS AZUL,CRUDO,UND,True
7700149384384,BujeCamp SprteModuladorABS Mp,1631000009,Partes Pequeñas,203002,Ckd,GRIS AZUL,CRUDO,UND,True
7700149384391,Caucho Protector HY450 Mp,1631000009,Partes Pequeñas,203002,Ckd,GRIS AZUL,CRUDO,UND,True
7700149384407,Clipe Linea Freno HY450 Mp,1631000009,Partes Pequeñas,203002,Ckd,GRIS AZUL,CRUDO,UND,True
7700149384414,Caucho Chasis HY450 Mp,1631000009,Partes Pequeñas,203002,Ckd,GRIS AZUL,CRUDO,UND,True
7700149384438,Protector Bomba Der HY450 Mp,1631000009,Partes Pequeñas,203002,Ckd,GRIS AZUL,CRUDO,UND,True
7700149384445,Soporte Bateria HY450 Mp,1631000000,Ckd,203002,Ckd,GRIS AZUL,CRUDO,UND,True
7700149384452,Platina Silla HY450 Mp,1631000009,Partes Pequeñas,203002,Ckd,GRIS AZUL,CRUDO,UND,True
7700149384469,Clip Ramal HY450 Mp,1631000009,Partes Pequeñas,203002,Ckd,GRIS AZUL,CRUDO,UND,True
7700149384476,Plat Sopor Motor Tras HY450 Mp,1631000009,Partes Pequeñas,203002,Ckd,GRIS AZUL,CRUDO,UND,True
7700149384483,Manguera Retorno HY450 Mp,1631000009,Partes Pequeñas,203002,Ckd,GRIS AZUL,CRUDO,UND,True
7700149384490,Manguera Flujo HY450 Mp,1631000009,Partes Pequeñas,203002,Ckd,GRIS AZUL,CRUDO,UND,True
7700149384506,Empaq Mofle Culata HY450 Mp,1631000009,Partes Pequeñas,203002,Ckd,GRIS AZUL,CRUDO,UND,True
7700149384537,Platina Derecha HY450 Mp,1631000000,Ckd,203002,Ckd,GRIS AZUL,CRUDO,UND,True
7700149384544,Platina Izquierda HY450 Mp,1631000000,Ckd,203002,Ckd,GRIS AZUL,CRUDO,UND,True
7700149384551,Balanceador HY450 Mp,1631000000,Ckd,203002,Ckd,GRIS AZUL,CRUDO,UND,True
7700149384568,Clamps HY450 Mp,1631000009,Partes Pequeñas,203002,Ckd,GRIS AZUL,CRUDO,UND,True
7700149384575,SprteBaseDireccioTras HY450 Mp,1631000009,Partes Pequeñas,203002,Ckd,GRIS AZUL,CRUDO,UND,True
7700149384582,Buje Recto Susp Tras Mp,1631000009,Partes Pequeñas,203002,Ckd,GRIS AZUL,CRUDO,UND,True
7700149384599,Buje Conico M17x25x37 HY450 Mp,1631000009,Partes Pequeñas,203002,Ckd,GRIS AZUL,CRUDO,UND,True
7700149384605,Buje Amortiguador HY450 Mp,1631000009,Partes Pequeñas,203002,Ckd,GRIS AZUL,CRUDO,UND,True
7700149384612,Buje Recto Susp Tras HY450 Mp,1631000009,Partes Pequeñas,203002,Ckd,GRIS AZUL,CRUDO,UND,True
7700149384629,Sello Espaciador Susp Tras Mp,1631000009,Partes Pequeñas,203002,Ckd,GRIS AZUL,CRUDO,UND,True
7700149384643,Chapeta Guardaba Tras HY450 Mp,1631000009,Partes Pequeñas,203002,Ckd,GRIS AZUL,CRUDO,UND,True
7700149384650,Antivibrante Carenjae Lat Mp,1631000009,Partes Pequeñas,203002,Ckd,GRIS AZUL,CRUDO,UND,True
7700149384667,Plati Resor Gato CentrHY450 Mp,1631000009,Partes Pequeñas,203002,Ckd,GRIS AZUL,CRUDO,UND,True
7700149384674,Buje Susp Tras HY450 Mp,1631000009,Partes Pequeñas,203002,Ckd,GRIS AZUL,CRUDO,UND,True
7700149384681,Caucho Gato Lateral HY450 Mp,1631000009,Partes Pequeñas,203002,Ckd,GRIS AZUL,CRUDO,UND,True
7700149384698,Tuerca Platina Izq HY450 Mp,1631000009,Partes Pequeñas,203002,Ckd,GRIS AZUL,CRUDO,UND,True
7700149384704,TornAprieteLlantFront HY450 Mp,1631000009,Partes Pequeñas,203002,Ckd,GRIS AZUL,CRUDO,UND,True
7700149384711,Buje Campana Manubrio HY450 Mp,1631000009,Partes Pequeñas,203002,Ckd,GRIS AZUL,CRUDO,UND,True
7700149384728,Espaciadr Suspens Tras 450 Mp,1631000009,Partes Pequeñas,203002,Ckd,GRIS AZUL,CRUDO,UND,True
7700149384735,Buje Camp Protect Cadena M6 Mp,1631000009,Partes Pequeñas,203002,Ckd,GRIS AZUL,CRUDO,UND,True
7700149384742,Tapa Roscada M8 HY450 Mp,1631000009,Partes Pequeñas,203002,Ckd,GRIS AZUL,CRUDO,UND,True
7700149384759,Buje Camp M8x26x16 Mp,1631000009,Partes Pequeñas,203002,Ckd,GRIS AZUL,CRUDO,UND,True
7700149384773,Buje Campana Cupula HY450 Mp,1631000009,Partes Pequeñas,203002,Ckd,GRIS AZUL,CRUDO,UND,True
7700149384780,Protector Curva Mofle HY450 Mp,1631000000,Ckd,203002,Ckd,GRIS AZUL,CRUDO,UND,True
7700149424943,Sticker Protec Chasis HY450 Mp,1631000000,Ckd,203002,Ckd,GRIS AZUL,CRUDO,UND,True
7700149424950,Rueda Tras Negro HY450 Mp,1631000000,Ckd,203002,Ckd,GRIS AZUL,CRUDO,UND,True
7700149424967,Ramal Conduct HY450 Mp,1631000000,Ckd,203002,Ckd,GRIS AZUL,CRUDO,UND,True
7700149424974,Balancin HY450 V2 Mp,1631000000,Ckd,203002,Ckd,GRIS AZUL,CRUDO,UND,True
7700149424981,Gato Late con Platina HY450 Mp,1631000000,Ckd,203002,Ckd,GRIS AZUL,CRUDO,UND,True
7700149424998,Inserto Band Bateria HY450 Mp,1631000009,Partes Pequeñas,203002,Ckd,GRIS AZUL,CRUDO,UND,True
7700149425001,Rueda Del Negro HY450 Mp,1631000000,Ckd,203002,Ckd,GRIS AZUL,CRUDO,UND,True
7700149425018,Tornillo Botton M6 x 18.5 Mp,1631000009,Partes Pequeñas,203002,Ckd,GRIS AZUL,CRUDO,UND,True
7700149440479,Manual Propietario HY450 Mp,1631000000,Ckd,203002,Ckd,GRIS AZUL,CRUDO,UND,True
7700149441063,Sillin Del Slat Blue HY450 Mp,1631000000,Ckd,203002,Ckd,GRIS AZUL,CRUDO,UND,True
7700149441070,Sillin Tra Slat Blue HY450 Mp,1631000000,Ckd,203002,Ckd,GRIS AZUL,CRUDO,UND,True
7700149455695,Empaque Guardab Del HY450 Mp,1631000009,Partes Pequeñas,203002,Ckd,GRIS AZUL,CRUDO,UND,True
7700149455701,Tornillo Hombro M6x18.5 Mp,1631000009,Partes Pequeñas,203002,Ckd,GRIS AZUL,CRUDO,UND,True
7700149455718,Cubierta Puente Silla HY450 Mp,1631000000,Ckd,203002,Ckd,GRIS AZUL,CRUDO,UND,True
7700149455732,Arandela 17.7 x 39.2 x 2 RE Mp,1631000009,Partes Pequeñas,203002,Ckd,GRIS AZUL,CRUDO,UND,True
7700149456005,Pedal Cambios V2 HY450 Mp,1631000000,Ckd,203002,Ckd,GRIS AZUL,CRUDO,UND,True
7700149493161,Platina Soporte Union Sup Mp,1631000009,Partes Pequeñas,203002,Ckd,GRIS AZUL,CRUDO,UND,True
7700149493178,"Caucho 19 x 8 x 7,6 Mp",1631000009,Partes Pequeñas,203002,Ckd,GRIS AZUL,CRUDO,UND,True
7700149493185,"Caucho 20 x 8,5 x 10,6 Mp",1631000009,Partes Pequeñas,203002,Ckd,GRIS AZUL,CRUDO,UND,True
7700149493192,"Tornillo Boton M5 x 20 8,8 Mp",1631000009,Partes Pequeñas,203002,Ckd,GRIS AZUL,CRUDO,UND,True
7700149493208,"Buje Sombrero 17 x 6 x 9,6 Mp",1631000009,Partes Pequeñas,203002,Ckd,GRIS AZUL,CRUDO,UND,True
7700149493215,Arandela Eje Clutch Mp,1631000009,Partes Pequeñas,203002,Ckd,GRIS AZUL,CRUDO,UND,True
7700149493222,"Buje Sombrero 13 x 5,5 x 12 Mp",1631000009,Partes Pequeñas,203002,Ckd,GRIS AZUL,CRUDO,UND,True
7700149504133,Soporte Farola HY450 Mp,1631000000,Ckd,203002,Ckd,GRIS AZUL,CRUDO,UND,True
7700149504256,Amortiguador Tras HY450 V2 Mp,1631000000,Ckd,203002,Ckd,GRIS AZUL,CRUDO,UND,True
7700149542227,Clip Retenedor Indicador Mp,1631000009,Partes Pequeñas,203002,Ckd,GRIS AZUL,CRUDO,UND,True
7700149542449,Tornillo M8 x 40 8.8 Mp,1631000009,Partes Pequeñas,203002,Ckd,GRIS AZUL,CRUDO,UND,True
7700149542470,Clip Tubo 11 mm Mp,1631000009,Partes Pequeñas,203002,Ckd,GRIS AZUL,CRUDO,UND,True
7700149560078,Tornillo WHT M10X30 Mp,1631000009,Partes Pequeñas,203002,Ckd,GRIS AZUL,CRUDO,UND,True
7700149640190,Empaque Sello Horquilla HY Mp,1631000009,Partes Pequeñas,203002,Ckd,GRIS AZUL,CRUDO,UND,True
7700149681643,Rodamiento Conico V2 HY450 Mp,1631000009,Partes Pequeñas,203002,Ckd,GRIS AZUL,CRUDO,UND,True
7700149682015,Tornillo Tap M8 x 25 x 8.8 Mp,1631000009,Partes Pequeñas,203002,Ckd,GRIS AZUL,CRUDO,UND,True
7700149689915,Barra Lat Der Azul HY450 Mp,1631000000,Ckd,203002,Ckd,GRIS AZUL,CRUDO,UND,True
7700149689922,Barra Lat Izq Azul HY450 Mp,1631000000,Ckd,203002,Ckd,GRIS AZUL,CRUDO,UND,True
7705946663816,Caucho 22.6x11x8 RE INT Mp,1631000009,Partes Pequeñas,203002,Ckd,GRIS AZUL,CRUDO,UND,True
7705946664820,Torn Hex M6x20 KUN-80 INT Mp,1631000009,Partes Pequeñas,203002,Ckd,GRIS AZUL,CRUDO,UND,True
7705946665001,Conector 8mm RE INT Mp,1631000009,Partes Pequeñas,203002,Ckd,GRIS AZUL,CRUDO,UND,True
7705946665834,Eje Galv Tras M17x294x18 Mp,1631000009,Partes Pequeñas,203002,Ckd,GRIS AZUL,CRUDO,UND,True
7705946666435,Buje Camp Galv M6.5x18x6 HY Mp,1631000009,Partes Pequeñas,203002,Ckd,GRIS AZUL,CRUDO,UND,True
7705946888479,Abrazadera Mofle Cromada RE Mp,1631000009,Partes Pequeñas,203002,Ckd,GRIS AZUL,CRUDO,UND,True
7705946888585,Tornillo HHF M6x28-8.8 Mp,1631000009,Partes Pequeñas,203002,Ckd,GRIS AZUL,CRUDO,UND,True
7700149543675,Emblema Izq Shadow Bear 650 Mp,1631000000,Ckd,203002,Ckd,NEGRO GRIS,CRUDO,UND,True
7700149543682,Emblema Der Shadow Bear 650 Mp,1631000000,Ckd,203002,Ckd,NEGRO GRIS,CRUDO,UND,True
7700149561013,Barra Der Dor BEAR650 Mp,1631000000,Ckd,203002,Ckd,NEGRO GRIS,CRUDO,UND,True
7700149561389,Sillin Comp Negro BEAR650 Mp,1631000000,Ckd,203002,Ckd,NEGRO GRIS,CRUDO,UND,True
7700149561709,Barra Izq Dor BEAR650 Mp,1631000000,Ckd,203002,Ckd,NEGRO GRIS,CRUDO,UND,True
7700149037433,Tornillo Soke Galv M6x12 Mp,1631000009,Partes Pequeñas,203002,Ckd,NEGRO,CRUDO,UND,True
7700149376440,Arandela Susp Front HY450 Mp,1631000009,Partes Pequeñas,203002,Ckd,NEGRO,CRUDO,UND,True
7700149376587,Rodamiento Rod Conico HY450 Mp,1631000009,Partes Pequeñas,203002,Ckd,NEGRO,CRUDO,UND,True
7700149541848,Posapie Tras Der GRR 450 Mp,1631000000,Ckd,203002,Ckd,NEGRO,CRUDO,UND,True
7700149541855,Clip Ramal GRR 450 Mp,1631000009,Partes Pequeñas,203002,Ckd,NEGRO,CRUDO,UND,True
7700149541862,Cubierta Conector TFT GRR Mp,1631000000,Ckd,203002,Ckd,NEGRO,CRUDO,UND,True
7700149541879,Buje Horquilla GRR 450 Mp,1631000009,Partes Pequeñas,203002,Ckd,NEGRO,CRUDO,UND,True
7700149541886,Soporte L Der GRR 450 Mp,1631000000,Ckd,203002,Ckd,NEGRO,CRUDO,UND,True
7700149541893,Soporte L Izq GRR 450 Mp,1631000000,Ckd,203002,Ckd,NEGRO,CRUDO,UND,True
7700149541909,Clip Ramal Izq GRR 450 Mp,1631000009,Partes Pequeñas,203002,Ckd,NEGRO,CRUDO,UND,True
7700149541916,Caucho Guardabarro GRR 450 Mp,1631000009,Partes Pequeñas,203002,Ckd,NEGRO,CRUDO,UND,True
7700149541923,Buje Rueda Acero GRR450 Mp,1631000009,Partes Pequeñas,203002,Ckd,NEGRO,CRUDO,UND,True
7700149541930,Sistema Aux Stop GRR 450 Mp,1631000000,Ckd,203002,Ckd,NEGRO,CRUDO,UND,True
7700149541947,Velocimetro TFT GRR 450 Mp,1631000000,Ckd,203002,Ckd,NEGRO,CRUDO,UND,True
7700149541954,Soporte Guardab Del GRR 50 Mp,1631000000,Ckd,203002,Ckd,NEGRO,CRUDO,UND,True
7700149541961,Platina Control Der GRR 450 Mp,1631000000,Ckd,203002,Ckd,NEGRO,CRUDO,UND,True
7700149541978,Sistema ABS GRR 450 Mp,1631000000,Ckd,203002,Ckd,NEGRO,CRUDO,UND,True
7700149541985,Posapie Tras Izq GRR 450 Mp,1631000000,Ckd,203002,Ckd,NEGRO,CRUDO,UND,True
7700149541992,Buje Ranurado Posapie GRR Mp,1631000009,Partes Pequeñas,203002,Ckd,NEGRO,CRUDO,UND,True
7700149542005,Soporte Indi Sup Izq GRR450 Mp,1631000000,Ckd,203002,Ckd,NEGRO,CRUDO,UND,True
7700149542012,Buje Barras GRR 450 Mp,1631000009,Partes Pequeñas,203002,Ckd,NEGRO,CRUDO,UND,True
7700149542029,Barra Delantera Izq GRR 450 Mp,1631000000,Ckd,203002,Ckd,NEGRO,CRUDO,UND,True
7700149542036,Barra Delantera Der GRR 450 Mp,1631000000,Ckd,203002,Ckd,NEGRO,CRUDO,UND,True
7700149542050,Cerrojo Sillin Tras GRR 450 Mp,1631000009,Partes Pequeñas,203002,Ckd,NEGRO,CRUDO,UND,True
7700149542067,Rodamiento 30 55 17 GRR 450 Mp,1631000009,Partes Pequeñas,203002,Ckd,NEGRO,CRUDO,UND,True
7700149542074,Manual Propietario GRR 450 Mp,1631000000,Ckd,203002,Ckd,NEGRO,CRUDO,UND,True
7700149542098,Platina Control Izq GRR 450 Mp,1631000000,Ckd,203002,Ckd,NEGRO,CRUDO,UND,True
7700149542104,Posapie Izq GRR 450 Mp,1631000000,Ckd,203002,Ckd,NEGRO,CRUDO,UND,True
7700149542111,Soporte Placa GRR 450 Mp,1631000009,Partes Pequeñas,203002,Ckd,NEGRO,CRUDO,UND,True
7700149542128,Cubierta Sopo Placa GRR 450 Mp,1631000009,Partes Pequeñas,203002,Ckd,NEGRO,CRUDO,UND,True
7700149542135,Sillin GRR 450 Mp,1631000000,Ckd,203002,Ckd,NEGRO,CRUDO,UND,True
7700149542142,Gato Central GRR 450 Mp,1631000000,Ckd,203002,Ckd,NEGRO,CRUDO,UND,True
7700149542159,Canister GRR 450 Mp,1631000000,Ckd,203002,Ckd,NEGRO,CRUDO,UND,True
7700149542166,Tijera GRR 450 Mp,1631000000,Ckd,203002,Ckd,NEGRO,CRUDO,UND,True
7700149542173,Ext Guardabarro Del GRR 450 Mp,1631000000,Ckd,203002,Ckd,NEGRO,CRUDO,UND,True
7700149542180,Soporte TFT GRR 450 Mp,1631000000,Ckd,203002,Ckd,NEGRO,CRUDO,UND,True
7700149542197,"Rueda Del 17 ""/3.5 GRR 450 Mp",1631000000,Ckd,203002,Ckd,NEGRO,CRUDO,UND,True
7700149542203,Balanceador GRR 450 Mp,1631000000,Ckd,203002,Ckd,NEGRO,CRUDO,UND,True
7700149542210,Protector Motor GRR 450 Mp,1631000009,Partes Pequeñas,203002,Ckd,NEGRO,CRUDO,UND,True
7700149542234,Caucho Tanque GRR 450 Mp,1631000009,Partes Pequeñas,203002,Ckd,NEGRO,CRUDO,UND,True
7700149542241,Soporte Indi Inf Der GRR450 Mp,1631000000,Ckd,203002,Ckd,NEGRO,CRUDO,UND,True
7700149542258,Posapie Der GRR 450 Mp,1631000000,Ckd,203002,Ckd,NEGRO,CRUDO,UND,True
7700149542265,Pedal de Cambios GRR 450 Mp,1631000000,Ckd,203002,Ckd,NEGRO,CRUDO,UND,True
7700149542272,Pedal de Freno GRR 450 Mp,1631000000,Ckd,203002,Ckd,NEGRO,CRUDO,UND,True
7700149542289,Sprocket GRR 450 Mp,1631000000,Ckd,203002,Ckd,NEGRO,CRUDO,UND,True
7700149542296,Expansion Tanque GRR 450 Mp,1631000000,Ckd,203002,Ckd,NEGRO,CRUDO,UND,True
7700149542302,Soporte Indi Sup Der GRR450 Mp,1631000000,Ckd,203002,Ckd,NEGRO,CRUDO,UND,True
7700149542319,Caucho Tanque Lat GRR 450 Mp,1631000009,Partes Pequeñas,203002,Ckd,NEGRO,CRUDO,UND,True
7700149542326,Manguera Drenaje GRR 450 Mp,1631000009,Partes Pequeñas,203002,Ckd,NEGRO,CRUDO,UND,True
7700149542333,Soporte Indi Inf Izq GRR450 Mp,1631000000,Ckd,203002,Ckd,NEGRO,CRUDO,UND,True
7700149542340,Cable Clutch GRR 450 Mp,1631000000,Ckd,203002,Ckd,NEGRO,CRUDO,UND,True
7700149542357,Soporte Tanque Tras GRR 450 Mp,1631000000,Ckd,203002,Ckd,NEGRO,CRUDO,UND,True
7700149542364,Motor GRR450 VIN Mp,1631000002,Materia Prima Motor,203002,Ckd,NEGRO,CRUDO,UND,True
7700149542371,Tapa Limitador M5 GRR450 Mp,1631000000,Ckd,203002,Ckd,NEGRO,CRUDO,UND,True
7700149542388,Mofle GRR 450 Mp,1631000000,Ckd,203002,Ckd,NEGRO,CRUDO,UND,True
7700149542395,Empaque Guardab Del GRR 450 Mp,1631000009,Partes Pequeñas,203002,Ckd,NEGRO,CRUDO,UND,True
7700149542401,Pin Posapie GRR 450 Mp,1631000009,Partes Pequeñas,203002,Ckd,NEGRO,CRUDO,UND,True
7700149542418,Resorte Posapie GRR 450 Mp,1631000009,Partes Pequeñas,203002,Ckd,NEGRO,CRUDO,UND,True
7700149542425,Clip Freno GRR 450 Mp,1631000009,Partes Pequeñas,203002,Ckd,NEGRO,CRUDO,UND,True
7700149542432,Torn illo Boton M5x16 10.9 Mp,1631000009,Partes Pequeñas,203002,Ckd,NEGRO,CRUDO,UND,True
7700149542456,Tornillo M6 x 40 8.8 Mp,1631000009,Partes Pequeñas,203002,Ckd,NEGRO,CRUDO,UND,True
7700149542463,Abraza Manguera 10 mm Mp,1631000009,Partes Pequeñas,203002,Ckd,NEGRO,CRUDO,UND,True
7700149542487,Fuelle GRR 450 Mp,1631000000,Ckd,203002,Ckd,NEGRO,CRUDO,UND,True
7700149542494,Limitador Compresion GRR450 Mp,1631000000,Ckd,203002,Ckd,NEGRO,CRUDO,UND,True
7700149542500,Radiador GRR 450 Mp,1631000000,Ckd,203002,Ckd,NEGRO,CRUDO,UND,True
7700149542517,"Caucho 8.5 DI, 2.5 Mp",1631000009,Partes Pequeñas,203002,Ckd,NEGRO,CRUDO,UND,True
7700149542524,Caucho Tapon 6 x 12 x 14 Mp,1631000009,Partes Pequeñas,203002,Ckd,NEGRO,CRUDO,UND,True
7700149542531,Caucho 21 x 8.4 x 14.2 Mp,1631000009,Partes Pequeñas,203002,Ckd,NEGRO,CRUDO,UND,True
7700149542548,Tornillo Flange M10x95 8.8 Mp,1631000009,Partes Pequeñas,203002,Ckd,NEGRO,CRUDO,UND,True
7700149542555,Tornillo Flange M10x44 1.5 Mp,1631000009,Partes Pequeñas,203002,Ckd,NEGRO,CRUDO,UND,True
7700149542579,Limitador M6 x 12.8 Mp,1631000009,Partes Pequeñas,203002,Ckd,NEGRO,CRUDO,UND,True
7700149542586,Sticker Info Llanta GRR 450 Mp,1631000000,Ckd,203002,Ckd,NEGRO,CRUDO,UND,True
7700149542593,Tuerca Platina GRR 450 Mp,1631000009,Partes Pequeñas,203002,Ckd,NEGRO,CRUDO,UND,True
7700149542609,Conector Tubo Gas 6.5 mm Mp,1631000009,Partes Pequeñas,203002,Ckd,NEGRO,CRUDO,UND,True
7700149542616,Soporte Tanque Del GRR 450 Mp,1631000000,Ckd,203002,Ckd,NEGRO,CRUDO,UND,True
7700149542623,Clip Tubo 13 mm Mp,1631000009,Partes Pequeñas,203002,Ckd,NEGRO,CRUDO,UND,True
7700149542630,Horquilla Inf GRR 450 Mp,1631000000,Ckd,203002,Ckd,NEGRO,CRUDO,UND,True
7700149542647,Bomba Gasolina GRR 450 Mp,1631000000,Ckd,203002,Ckd,NEGRO,CRUDO,UND,True
7700149542654,Horquilla Sup GRR 450 Mp,1631000000,Ckd,203002,Ckd,NEGRO,CRUDO,UND,True
7700149542661,Manubrio GRR 450 Mp,1631000000,Ckd,203002,Ckd,NEGRO,CRUDO,UND,True
7700149542678,Caucho Subchasis GRR 450 Mp,1631000009,Partes Pequeñas,203002,Ckd,NEGRO,CRUDO,UND,True
7700149542685,Curva Mofle GRR 450 Mp,1631000000,Ckd,203002,Ckd,NEGRO,CRUDO,UND,True
7700149542692,Gato Lateral GRR 450 Mp,1631000000,Ckd,203002,Ckd,NEGRO,CRUDO,UND,True
7700149542708,CubiertaTapa Lat Izq GRR450 Mp,1631000000,Ckd,203002,Ckd,NEGRO,CRUDO,UND,True
7700149542715,CubiertaTapa Lat Der GRR450 Mp,1631000000,Ckd,203002,Ckd,NEGRO,CRUDO,UND,True
7700149542722,Rueda Tras 17 x 4.25 GRR450 Mp,1631000000,Ckd,203002,Ckd,NEGRO,CRUDO,UND,True
7700149542739,Cubierta Tanque Del GRR 450 Mp,1631000000,Ckd,203002,Ckd,NEGRO,CRUDO,UND,True
7700149542746,Soporte Farola GRR 450 Mp,1631000000,Ckd,203002,Ckd,NEGRO,CRUDO,UND,True
7700149542753,Protector Radiador GRR 450 Mp,1631000000,Ckd,203002,Ckd,NEGRO,CRUDO,UND,True
7700149542760,Balancin GRR 450 Mp,1631000000,Ckd,203002,Ckd,NEGRO,CRUDO,UND,True
7700149542777,Manguera Dren Tierra GRR450 Mp,1631000009,Partes Pequeñas,203002,Ckd,NEGRO,CRUDO,UND,True
7700149542784,Sistema Electrico GRR 450 Mp,1631000000,Ckd,203002,Ckd,NEGRO,CRUDO,UND,True
7700149542791,Kit Herramientas GRR 450 Mp,1631000000,Ckd,203002,Ckd,NEGRO,CRUDO,UND,True
7700149542807,Kit Herramientas Aux GRR450 Mp,1631000009,Partes Pequeñas,203002,Ckd,NEGRO,CRUDO,UND,True
7700149542814,Juego De Llaves GRR 450 Mp,1631000009,Partes Pequeñas,203002,Ckd,NEGRO,CRUDO,UND,True
7700149542821,Amortiguador Tras GRR 450 Mp,1631000000,Ckd,203002,Ckd,NEGRO,CRUDO,UND,True
7700149542838,Cadena GRR 450 Mp,1631000000,Ckd,203002,Ckd,NEGRO,CRUDO,UND,True
7700149542845,Agarradera Tras Izq GRR 450 Mp,1631000000,Ckd,203002,Ckd,NEGRO,CRUDO,UND,True
7700149542852,Agarradera Tras Der GRR 450 Mp,1631000000,Ckd,203002,Ckd,NEGRO,CRUDO,UND,True
7700149542869,Manguera Gasolina GRR 450 Mp,1631000009,Partes Pequeñas,203002,Ckd,NEGRO,CRUDO,UND,True
7700149542876,Control Motor ECU GRR 450 Mp,1631000000,Ckd,203002,Ckd,NEGRO,CRUDO,UND,True
7700149542890,Subchasis Tras GRR 450 Mp,1631000000,Ckd,203002,Ckd,NEGRO,CRUDO,UND,True
7700149557795,Calco Info Moto GRR450 Mp,1632000000,Integracion Nacional,203002,Integración Nacional,NEGRO,CRUDO,UND,True
7700149559577,Tornillo WHT M10X60 Mp,1631000009,Partes Pequeñas,203002,Ckd,NEGRO,CRUDO,UND,True
7700149491624,Calco Rin Tras Morado GRR Mp,1631000000,Ckd,203002,Ckd,AMARILLO NEGRO,CRUDO,UND,True
7700149491679,Calco Rin Del Morado GRR Mp,1631000000,Ckd,203002,Ckd,AMARILLO NEGRO,CRUDO,UND,True
7700149491686,Calco Tanq Logo Morado GRR Mp,1631000000,Ckd,203002,Ckd,AMARILLO NEGRO,CRUDO,UND,True
7700149717311,Torn Butt SHLD L M5x9 8.8 Mp,1631000000,Ckd,203002,Ckd,AMARILLO NEGRO,CRUDO,UND,True
7700149099653,Bateria AK300DS Mp,1631000000,Ckd,203002,Ckd,GRIS VERDE,CRUDO,UND,True
7700149113489,Calco LCE DS300 Mp,1632000000,Integracion Nacional,203002,Integración Nacional,GRIS VERDE,CRUDO,UND,True
7700149126052,Calco ATENCION DS300 Mp,1632000000,Integracion Nacional,203002,Integración Nacional,GRIS VERDE,CRUDO,UND,True
7700149126069,Calco Tras AKT Izq DS300 Gr Mp,1632000000,Integracion Nacional,203002,Integración Nacional,GRIS VERDE,CRUDO,UND,True
7700149126076,Calco Tras AKT Der DS300 Gr Mp,1632000000,Integracion Nacional,203002,Integración Nacional,GRIS VERDE,CRUDO,UND,True
7700149126083,Calco Trasero 4 DS300 Gr Mp,1632000000,Integracion Nacional,203002,Integración Nacional,GRIS VERDE,CRUDO,UND,True
7700149126090,Calco Trasero 3 DS300 Gr Mp,1632000000,Integracion Nacional,203002,Integración Nacional,GRIS VERDE,CRUDO,UND,True
7700149126106,Calco Trasero 2 DS300 Gr Mp,1632000000,Integracion Nacional,203002,Integración Nacional,GRIS VERDE,CRUDO,UND,True
7700149126113,Calco Trasero 1 DS300 Gr Mp,1632000000,Integracion Nacional,203002,Integración Nacional,GRIS VERDE,CRUDO,UND,True
7700149126120,Calco 6 Vel Izq DS300 Gr Mp,1632000000,Integracion Nacional,203002,Integración Nacional,GRIS VERDE,CRUDO,UND,True
7700149126137,Calco 6 Vel Der DS300 Gr Mp,1632000000,Integracion Nacional,203002,Integración Nacional,GRIS VERDE,CRUDO,UND,True
7700149126144,Calco ABS IZQ DS300 Gr Mp,1632000000,Integracion Nacional,203002,Integración Nacional,GRIS VERDE,CRUDO,UND,True
7700149126151,Calco ABS Der DS300 Gr Mp,1632000000,Integracion Nacional,203002,Integración Nacional,GRIS VERDE,CRUDO,UND,True
7700149126168,Calco Tanque Izq DS300 Gr Mp,1632000000,Integracion Nacional,203002,Integración Nacional,GRIS VERDE,CRUDO,UND,True
7700149126175,Calco Tanque Der DS300 Gr Mp,1632000000,Integracion Nacional,203002,Integración Nacional,GRIS VERDE,CRUDO,UND,True
7700149126182,Calco Caraje Izq DS300 Gr Mp,1632000000,Integracion Nacional,203002,Integración Nacional,GRIS VERDE,CRUDO,UND,True
7700149126199,Calco Caraje Der DS300 Gr Mp,1632000000,Integracion Nacional,203002,Integración Nacional,GRIS VERDE,CRUDO,UND,True
7700149181945,Calco Info moto Voge DS300 Mp,1632000000,Integracion Nacional,203002,Integración Nacional,GRIS VERDE,CRUDO,UND,True
7700149191517,Radiador AK300DS V2 Mp,1631000000,Ckd,203002,Ckd,GRIS VERDE,CRUDO,UND,True
7700149191524,Tapon AK300DS Mp,1631000009,Partes Pequeñas,203002,Ckd,GRIS VERDE,CRUDO,UND,True
7700149191531,Empaque AK300DS V2 Mp,1631000009,Partes Pequeñas,203002,Ckd,GRIS VERDE,CRUDO,UND,True
7700149191548,Torn Hex Sockt M6x12 300DS Mp,1631000009,Partes Pequeñas,203002,Ckd,GRIS VERDE,CRUDO,UND,True
7700149191555,Torn Hex Sockt M6x40 300DS Mp,1631000009,Partes Pequeñas,203002,Ckd,GRIS VERDE,CRUDO,UND,True
7700149191579,Torn Hex Cabezal AK300DS Mp,1631000009,Partes Pequeñas,203002,Ckd,GRIS VERDE,CRUDO,UND,True
7700149213806,Torn St 4.2X13 300Rally Mp,1631000009,Partes Pequeñas,203002,Ckd,GRIS VERDE,CRUDO,UND,True
7700149230032,Balancin Manubrio AC/DS 300 Mp,1632000000,Integracion Nacional,203002,Integración Nacional,GRIS VERDE,CRUDO,UND,True
7700149230117,Protector Radiado AC/DS 300 Mp,1632000000,Integracion Nacional,203002,Integración Nacional,GRIS VERDE,CRUDO,UND,True
7700149248174,Parrilla DS300 Mp,1632000000,Integracion Nacional,203002,Integración Nacional,GRIS VERDE,CRUDO,UND,True
7700149248259,Gato Lateral DS300 MP,1632000000,Integracion Nacional,203002,Integración Nacional,GRIS VERDE,CRUDO,UND,True
7700149271929,Defensa DS300 Mp,1632000000,Integracion Nacional,203002,Integración Nacional,GRIS VERDE,CRUDO,UND,True
7700149331081,Calco AKT Izq Verde DS300 Mp,1632000000,Integracion Nacional,203002,Integración Nacional,GRIS VERDE,CRUDO,UND,True
7700149331098,Calco AKT Der Verde DS300 Mp,1632000000,Integracion Nacional,203002,Integración Nacional,GRIS VERDE,CRUDO,UND,True
7700149386883,Motor 300DS Voge VIN V2 Mp,1631000002,Materia Prima Motor,203002,Ckd,GRIS VERDE,CRUDO,UND,True
7700149541831,Kit Herramientas 300DS Mp,1631000000,Ckd,203002,Ckd,GRIS VERDE,CRUDO,UND,True
7700149546102,Manual ABS 300 DS 3*1 Mp,1632000000,Integracion Nacional,203002,Integración Nacional,GRIS VERDE,CRUDO,UND,True
7700149690638,Calco Garantia VOGE AKT Mp,1632000000,Integracion Nacional,203002,Integración Nacional,GRIS VERDE,CRUDO,UND,True
7700149741187,Tor Mag Fren Rally M10x1x20 Mp,1631000009,Partes Pequeñas,203002,Ckd,GRIS VERDE,CRUDO,UND,True
7705946812146,Tuerca Clip ST 4.2 AK200 Mp,1631000009,Partes Pequeñas,203002,Ckd,GRIS VERDE,CRUDO,UND,True
7705946812511,Caucho PortaPlaca AK200 Mp,1631000009,Partes Pequeñas,203002,Ckd,GRIS VERDE,CRUDO,UND,True
7705946875479,Mofle Cto AK300DS6 Mp,1631000000,Ckd,203002,Ckd,GRIS VERDE,CRUDO,UND,True
7705946875493,Pedal Cambios AK300DS6 Mp,1631000000,Ckd,203002,Ckd,GRIS VERDE,CRUDO,UND,True
7705946875509,Cadena AK300DS6 Mp,1631000000,Ckd,203002,Ckd,GRIS VERDE,CRUDO,UND,True
7705946875516,Farola Cta AK300DS6 Mp,1631000000,Ckd,203002,Ckd,GRIS VERDE,CRUDO,UND,True
7705946875523,Stop AK300DS6 Mp,1631000000,Ckd,203002,Ckd,GRIS VERDE,CRUDO,UND,True
7705946875554,Amortiguador AK300DS6 Mp,1631000000,Ckd,203002,Ckd,GRIS VERDE,CRUDO,UND,True
7705946875585,Cable Segur Sillin AK300DS6 Mp,1631000000,Ckd,203002,Ckd,GRIS VERDE,CRUDO,UND,True
7705946875608,Soporte Guard Tras AK300DS6 Mp,1631000000,Ckd,203002,Ckd,GRIS VERDE,CRUDO,UND,True
7705946875615,Platina Pecher AK300DS6 Izq Mp,1631000000,Ckd,203002,Ckd,GRIS VERDE,CRUDO,UND,True
7705946875622,Platina Peche AK300DS6 Del Mp,1631000000,Ckd,203002,Ckd,GRIS VERDE,CRUDO,UND,True
7705946875639,Platina Pecher AK300DS6 Der Mp,1631000000,Ckd,203002,Ckd,GRIS VERDE,CRUDO,UND,True
7705946875660,Tijera AK300DS6 Mp,1631000000,Ckd,203002,Ckd,GRIS VERDE,CRUDO,UND,True
7705946986014,Deposito Liqui Refrig 300DS Mp,1631000000,Ckd,203002,Ckd,GRIS VERDE,CRUDO,UND,True
7705946986021,Tapa Depos Liqu Refri 300DS Mp,1631000000,Ckd,203002,Ckd,GRIS VERDE,CRUDO,UND,True
7705946986052,Caucho Tanque Lateral 300DS Mp,1631000009,Partes Pequeñas,203002,Ckd,GRIS VERDE,CRUDO,UND,True
7705946986069,Cauch Pivot Tanq Fron 300DS Mp,1631000009,Partes Pequeñas,203002,Ckd,GRIS VERDE,CRUDO,UND,True
7705946986076,Cable Acelerador 300DS Mp,1631000000,Ckd,203002,Ckd,GRIS VERDE,CRUDO,UND,True
7705946986083,ECU 300DS Mp,1631000000,Ckd,203002,Ckd,GRIS VERDE,CRUDO,UND,True
7705946986090,Sensor Oxigeno 300DS Mp,1631000000,Ckd,203002,Ckd,GRIS VERDE,CRUDO,UND,True
7705946986106,Bomba Gasolina 300AC Mp,1631000000,Ckd,203002,Ckd,GRIS VERDE,CRUDO,UND,True
7705946986113,Cuerpo Aceleracion 300DS Mp,1631000000,Ckd,203002,Ckd,GRIS VERDE,CRUDO,UND,True
7705946986120,Inyector Gasolina 300DS Mp,1631000000,Ckd,203002,Ckd,GRIS VERDE,CRUDO,UND,True
7705946986137,Cubier Inyect Gasolin 300DS Mp,1631000009,Partes Pequeñas,203002,Ckd,GRIS VERDE,CRUDO,UND,True
7705946986144,Soporte Inyector 300DS Mp,1631000000,Ckd,203002,Ckd,GRIS VERDE,CRUDO,UND,True
7705946986151,Caucho Filtro Gasolin 300DS Mp,1631000009,Partes Pequeñas,203002,Ckd,GRIS VERDE,CRUDO,UND,True
7705946986168,Canister 300DS Mp,1631000000,Ckd,203002,Ckd,GRIS VERDE,CRUDO,UND,True
7705946986175,Caja Filtro Completa 300DS Mp,1631000000,Ckd,203002,Ckd,GRIS VERDE,CRUDO,UND,True
7705946986182,Soporte Caja Filtro AK300DS Mp,1631000000,Ckd,203002,Ckd,GRIS VERDE,CRUDO,UND,True
7705946986199,Filtro Gas-Aceite AK300DS Mp,1631000000,Ckd,203002,Ckd,GRIS VERDE,CRUDO,UND,True
7705946986205,Conector Cuerpo Acele 300DS Mp,1631000009,Partes Pequeñas,203002,Ckd,GRIS VERDE,CRUDO,UND,True
7705946986229,Curva Mofle 300DS Mp,1631000000,Ckd,203002,Ckd,GRIS VERDE,CRUDO,UND,True
7705946986236,Guardacadena 300DS Mp,1631000000,Ckd,203002,Ckd,GRIS VERDE,CRUDO,UND,True
7705946986243,Relay Arranque 300DS Mp,1631000000,Ckd,203002,Ckd,GRIS VERDE,CRUDO,UND,True
7705946986250,Regulador AK300DS Mp,1631000000,Ckd,203002,Ckd,GRIS VERDE,CRUDO,UND,True
7705946986267,Bobina De Alta AK300DS Mp,1631000000,Ckd,203002,Ckd,GRIS VERDE,CRUDO,UND,True
7705946986274,Soporte Bobina Alta 300DS Mp,1631000000,Ckd,203002,Ckd,GRIS VERDE,CRUDO,UND,True
7705946986298,Sistema Eletrico Cto 300DS Mp,1631000000,Ckd,203002,Ckd,GRIS VERDE,CRUDO,UND,True
7705946986304,Comando Izquierdo 300DS Mp,1631000000,Ckd,203002,Ckd,GRIS VERDE,CRUDO,UND,True
7705946986311,Leva Clutch 300DS Mp,1631000000,Ckd,203002,Ckd,GRIS VERDE,CRUDO,UND,True
7705946986328,Comando Derecho 300DS Mp,1631000000,Ckd,203002,Ckd,GRIS VERDE,CRUDO,UND,True
7705946986335,Switch Freno Trasero 300DS Mp,1631000009,Partes Pequeñas,203002,Ckd,GRIS VERDE,CRUDO,UND,True
7705946986342,Caja Electrica PP 300DS Mp,1631000000,Ckd,203002,Ckd,GRIS VERDE,CRUDO,UND,True
7705946986359,Caja Fusil 300DS6 Mp,1631000000,Ckd,203002,Ckd,GRIS VERDE,CRUDO,UND,True
7705946986366,Cargador USB 300DS Mp,1631000000,Ckd,203002,Ckd,GRIS VERDE,CRUDO,UND,True
7705946986373,Union Bomba Gasolina 300DS Mp,1631000000,Ckd,203002,Ckd,GRIS VERDE,CRUDO,UND,True
7705946986380,Flasher 300DS Mp,1631000000,Ckd,203002,Ckd,GRIS VERDE,CRUDO,UND,True
7705946986397,Pito 300DS Mp,1631000000,Ckd,203002,Ckd,GRIS VERDE,CRUDO,UND,True
7705946986403,Soporte Pito 300DS Mp,1631000000,Ckd,203002,Ckd,GRIS VERDE,CRUDO,UND,True
7705946986410,Soporte Farola 300DS Mp,1631000000,Ckd,203002,Ckd,GRIS VERDE,CRUDO,UND,True
7705946986427,Luz Placa 300DS Mp,1631000000,Ckd,203002,Ckd,GRIS VERDE,CRUDO,UND,True
7705946986434,Direccional Del Izq 300DS Mp,1631000000,Ckd,203002,Ckd,GRIS VERDE,CRUDO,UND,True
7705946986441,Direccional Tra Izq 300DS Mp,1631000000,Ckd,203002,Ckd,GRIS VERDE,CRUDO,UND,True
7705946986458,Direccional Del Der 300DS Mp,1631000000,Ckd,203002,Ckd,GRIS VERDE,CRUDO,UND,True
7705946986465,Direccional Tra Der 300DS Mp,1631000000,Ckd,203002,Ckd,GRIS VERDE,CRUDO,UND,True
7705946986472,Velocimetro 300DS Mp,1631000000,Ckd,203002,Ckd,GRIS VERDE,CRUDO,UND,True
7705946986489,Sensor Velocimetro 300DS Mp,1631000000,Ckd,203002,Ckd,GRIS VERDE,CRUDO,UND,True
7705946986496,Soporte Luz Placa 300DS Mp,1631000000,Ckd,203002,Ckd,GRIS VERDE,CRUDO,UND,True
7705946986502,Rueda Completa Del 300DS Mp,1631000000,Ckd,203002,Ckd,GRIS VERDE,CRUDO,UND,True
7705946986519,Rueda Completa Tras 300DS Mp,1631000000,Ckd,203002,Ckd,GRIS VERDE,CRUDO,UND,True
7705946986526,Porta Sprocket 300DS Mp,1631000000,Ckd,203002,Ckd,GRIS VERDE,CRUDO,UND,True
7705946986533,Pedal Freno 300DS Mp,1631000000,Ckd,203002,Ckd,GRIS VERDE,CRUDO,UND,True
7705946986540,Resorte Pedal Freno 300DS Mp,1631000009,Partes Pequeñas,203002,Ckd,GRIS VERDE,CRUDO,UND,True
7705946986557,Cilindro Maestro 300DS Mp,1631000000,Ckd,203002,Ckd,GRIS VERDE,CRUDO,UND,True
7705946986564,Caliper Delantero 300DS Mp,1631000000,Ckd,203002,Ckd,GRIS VERDE,CRUDO,UND,True
7705946986571,Torni Racor Galva M10x22x12 Mp,1631000009,Partes Pequeñas,203002,Ckd,GRIS VERDE,CRUDO,UND,True
7705946986595,Modulo ABS 300DS Mp,1631000000,Ckd,203002,Ckd,GRIS VERDE,CRUDO,UND,True
7705946986601,Medidor Velocidad 300DS Mp,1631000000,Ckd,203002,Ckd,GRIS VERDE,CRUDO,UND,True
7705946986618,Freno Disco Trasero 300DS Mp,1631000000,Ckd,203002,Ckd,GRIS VERDE,CRUDO,UND,True
7705946986625,Caliper Trasero 300DS Mp,1631000000,Ckd,203002,Ckd,GRIS VERDE,CRUDO,UND,True
7705946986632,Soporte Bomba Freno 300DS Mp,1631000000,Ckd,203002,Ckd,GRIS VERDE,CRUDO,UND,True
7705946986649,Man Fre De Bom/Mo ABS 300DS Mp,1631000000,Ckd,203002,Ckd,GRIS VERDE,CRUDO,UND,True
7705946986656,Man Fre De Mo/Cal De 300DS Mp,1631000000,Ckd,203002,Ckd,GRIS VERDE,CRUDO,UND,True
7705946986663,Mangu Fre Tra Bom/Mod 300DS Mp,1631000000,Ckd,203002,Ckd,GRIS VERDE,CRUDO,UND,True
7705946986670,Man Fre Tr Mo/Cal Tr 300DS Mp,1631000000,Ckd,203002,Ckd,GRIS VERDE,CRUDO,UND,True
7705946986687,Platina ABS 300DS Mp,1631000000,Ckd,203002,Ckd,GRIS VERDE,CRUDO,UND,True
7705946986694,Platina Motor Izq 300DS Mp,1631000000,Ckd,203002,Ckd,GRIS VERDE,CRUDO,UND,True
7705946986700,Tuerca Cubta Panel 300DS Mp,1631000000,Ckd,203002,Ckd,GRIS VERDE,CRUDO,UND,True
7705946986717,Tuerca Cubta Panel 2 300DS Mp,1631000009,Partes Pequeñas,203002,Ckd,GRIS VERDE,CRUDO,UND,True
7705946986724,Tuerca Cubta Panel 3 300DS Mp,1631000009,Partes Pequeñas,203002,Ckd,GRIS VERDE,CRUDO,UND,True
7705946986731,Soporte Tubular Motor 300AC Mp,1631000000,Ckd,203002,Ckd,GRIS VERDE,CRUDO,UND,True
7705946986748,Bieltas Suspensión 300AC Mp,1631000000,Ckd,203002,Ckd,GRIS VERDE,CRUDO,UND,True
7705946986755,Soport Piezas Electri 300DS Mp,1631000000,Ckd,203002,Ckd,GRIS VERDE,CRUDO,UND,True
7705946986762,Abraza Sup Manubrio  300DS Mp,1631000009,Partes Pequeñas,203002,Ckd,GRIS VERDE,CRUDO,UND,True
7705946986779,Soporte Infe Manubrio 300DS Mp,1631000009,Partes Pequeñas,203002,Ckd,GRIS VERDE,CRUDO,UND,True
7705946986786,Tuerca de Direccion 300DS Mp,1631000009,Partes Pequeñas,203002,Ckd,GRIS VERDE,CRUDO,UND,True
7705946986793,Arandela Seguridad 300DS Mp,1631000009,Partes Pequeñas,203002,Ckd,GRIS VERDE,CRUDO,UND,True
7705946986809,Guardapolvo Direccion 300DS Mp,1631000009,Partes Pequeñas,203002,Ckd,GRIS VERDE,CRUDO,UND,True
7705946986816,Suspensión Izq Cta 300DS Mp,1631000000,Ckd,203002,Ckd,GRIS VERDE,CRUDO,UND,True
7705946986823,Suspensión Der Cta 300DS Mp,1631000000,Ckd,203002,Ckd,GRIS VERDE,CRUDO,UND,True
7705946986830,Deslizador Cadena 300DS Mp,1631000009,Partes Pequeñas,203002,Ckd,GRIS VERDE,CRUDO,UND,True
7705946986847,Tensor Cadena 300DS Mp,1631000000,Ckd,203002,Ckd,GRIS VERDE,CRUDO,UND,True
7705946986854,Plat Tensor Cadena 300DS Mp,1631000000,Ckd,203002,Ckd,GRIS VERDE,CRUDO,UND,True
7705946986861,Posapie Del Izq 300DS Mp,1631000000,Ckd,203002,Ckd,GRIS VERDE,CRUDO,UND,True
7705946986878,Posapie Del Der 300DS Mp,1631000000,Ckd,203002,Ckd,GRIS VERDE,CRUDO,UND,True
7705946986885,Posapie Tra Izq 300DS Mp,1631000000,Ckd,203002,Ckd,GRIS VERDE,CRUDO,UND,True
7705946986892,Posapie Tra Der 300DS Mp,1631000000,Ckd,203002,Ckd,GRIS VERDE,CRUDO,UND,True
7705946986908,Switch Gato Lateral 300DS Mp,1631000000,Ckd,203002,Ckd,GRIS VERDE,CRUDO,UND,True
7705946986915,Manubrio 300DS Mp,1631000000,Ckd,203002,Ckd,GRIS VERDE,CRUDO,UND,True
7705946986922,Balanceador Manubrio 300DS Mp,1631000000,Ckd,203002,Ckd,GRIS VERDE,CRUDO,UND,True
7705946986953,Cable Clutch 300DS Mp,1631000000,Ckd,203002,Ckd,GRIS VERDE,CRUDO,UND,True
7705946986977,Platina Seguro Sillin 300DS Mp,1631000009,Partes Pequeñas,203002,Ckd,GRIS VERDE,CRUDO,UND,True
7705946986991,Bujes Defensa 300DS Mp,1631000009,Partes Pequeñas,203002,Ckd,GRIS VERDE,CRUDO,UND,True
7705946987028,Plat Cbta Izq Tanque 300DS Mp,1631000000,Ckd,203002,Ckd,GRIS VERDE,CRUDO,UND,True
7705946987035,Plat Cbta Der Tanque 300DS Mp,1631000000,Ckd,203002,Ckd,GRIS VERDE,CRUDO,UND,True
7705946987042,Cubierta Izq Grande 300DS Mp,1631000000,Ckd,203002,Ckd,GRIS VERDE,CRUDO,UND,True
7705946987059,Cubierta Der Grande 300DS Mp,1631000000,Ckd,203002,Ckd,GRIS VERDE,CRUDO,UND,True
7705946987066,Soporte Gbarro Del 4 300DS Mp,1631000000,Ckd,203002,Ckd,GRIS VERDE,CRUDO,UND,True
7705946987073,Soporte Gbarro Del 2 300DS Mp,1631000000,Ckd,203002,Ckd,GRIS VERDE,CRUDO,UND,True
7705946987080,Soporte Gbarro Del 3 300DS Mp,1631000000,Ckd,203002,Ckd,GRIS VERDE,CRUDO,UND,True
7705946987097,Soporte Gbarro Del 1 300DS Mp,1631000000,Ckd,203002,Ckd,GRIS VERDE,CRUDO,UND,True
7705946987127,Soporte Placa 300DS Mp,1631000000,Ckd,203002,Ckd,GRIS VERDE,CRUDO,UND,True
7705946987134,Guardabarro Trasero 300DS Mp,1631000000,Ckd,203002,Ckd,GRIS VERDE,CRUDO,UND,True
7705946987158,Tapa Lat Infe Izq 300DS Mp,1631000000,Ckd,203002,Ckd,GRIS VERDE,CRUDO,UND,True
7705946987172,Tapa Lat Infe Der 300DS Mp,1631000000,Ckd,203002,Ckd,GRIS VERDE,CRUDO,UND,True
7705946987219,Platina Ajuste Visor 300DS Mp,1631000000,Ckd,203002,Ckd,GRIS VERDE,CRUDO,UND,True
7705946987226,Carenaje Farola 300DS Mp,1631000000,Ckd,203002,Ckd,GRIS VERDE,CRUDO,UND,True
7705946987233,Cubierta Tra Farola 300DS Mp,1631000000,Ckd,203002,Ckd,GRIS VERDE,CRUDO,UND,True
7705946987240,Platina Cbta Tra Faro 300DS Mp,1631000000,Ckd,203002,Ckd,GRIS VERDE,CRUDO,UND,True
7705946987271,Cubierta Quilla Izq 300DS Mp,1631000000,Ckd,203002,Ckd,GRIS VERDE,CRUDO,UND,True
7705946987288,Cubierta Quilla Der 300DS Mp,1631000000,Ckd,203002,Ckd,GRIS VERDE,CRUDO,UND,True
7705946987295,Soporte Del Quilla 300DS Mp,1631000000,Ckd,203002,Ckd,GRIS VERDE,CRUDO,UND,True
7705946987301,Tapa Lateral Tra Izq 300DS Mp,1631000000,Ckd,203002,Ckd,GRIS VERDE,CRUDO,UND,True
7705946987318,Tapa Lateral Tra Der 300DS Mp,1631000000,Ckd,203002,Ckd,GRIS VERDE,CRUDO,UND,True
7705946987325,Cubierta Stop 300DS Mp,1631000000,Ckd,203002,Ckd,GRIS VERDE,CRUDO,UND,True
7705946987332,Tapon Lateral Chasis 300DS Mp,1631000009,Partes Pequeñas,203002,Ckd,GRIS VERDE,CRUDO,UND,True
7705946987349,Soporte Velocimetro 300DS Mp,1631000000,Ckd,203002,Ckd,GRIS VERDE,CRUDO,UND,True
7705946987370,Cubierta Int Tanq Izq 300DS Mp,1631000000,Ckd,203002,Ckd,GRIS VERDE,CRUDO,UND,True
7705946987387,Cubierta Int Tanq Der 300DS Mp,1631000000,Ckd,203002,Ckd,GRIS VERDE,CRUDO,UND,True
7705946987394,Perilla Ajuste Visor 300DS Mp,1631000000,Ckd,203002,Ckd,GRIS VERDE,CRUDO,UND,True
7705946987431,Antivibrante 300DS Mp,1631000009,Partes Pequeñas,203002,Ckd,GRIS VERDE,CRUDO,UND,True
7705946987448,Antivibrante Bateria 300DS Mp,1631000009,Partes Pequeñas,203002,Ckd,GRIS VERDE,CRUDO,UND,True
7705946987455,Calco Advertencia 300DS Mp,1631000000,Ckd,203002,Ckd,GRIS VERDE,CRUDO,UND,True
7705946987462,Tornillo Hex M8x40 300DS Mp,1631000009,Partes Pequeñas,203002,Ckd,GRIS VERDE,CRUDO,UND,True
7705946987486,Tornillo Hex M5x16 300DS Mp,1631000009,Partes Pequeñas,203002,Ckd,GRIS VERDE,CRUDO,UND,True
7705946987493,Tornillo Hex M10x40 300DS Mp,1631000009,Partes Pequeñas,203002,Ckd,GRIS VERDE,CRUDO,UND,True
7705946987509,Torn Camp Cue Galv M8x50x10 Mp,1631000009,Partes Pequeñas,203002,Ckd,GRIS VERDE,CRUDO,UND,True
7705946987523,Torn Hex Socket M6x20 300DS Mp,1631000009,Partes Pequeñas,203002,Ckd,GRIS VERDE,CRUDO,UND,True
7705946987530,Torn Hex Socket M8x20 300DS Mp,1631000009,Partes Pequeñas,203002,Ckd,GRIS VERDE,CRUDO,UND,True
7705946987547,Torn Hex Socket M8x65 300DS Mp,1631000009,Partes Pequeñas,203002,Ckd,GRIS VERDE,CRUDO,UND,True
7705946987554,Tor Hex Socket M10x25 300DS Mp,1631000009,Partes Pequeñas,203002,Ckd,GRIS VERDE,CRUDO,UND,True
7705946987561,Tor Hex Socket M8x35 300DS Mp,1631000009,Partes Pequeñas,203002,Ckd,GRIS VERDE,CRUDO,UND,True
7705946987578,Tor Hex Socket M8x40 300DS Mp,1631000009,Partes Pequeñas,203002,Ckd,GRIS VERDE,CRUDO,UND,True
7705946987585,Tor Hex Socket M5x12 300DS Mp,1631000009,Partes Pequeñas,203002,Ckd,GRIS VERDE,CRUDO,UND,True
7705946987592,Tor Hex Socket M6x25 300DS Mp,1631000009,Partes Pequeñas,203002,Ckd,GRIS VERDE,CRUDO,UND,True
7705946987608,Tor Hex Socket M6x35 300DS Mp,1631000009,Partes Pequeñas,203002,Ckd,GRIS VERDE,CRUDO,UND,True
7705946987615,Tor Hex Socket M8x30 300DS Mp,1631000009,Partes Pequeñas,203002,Ckd,GRIS VERDE,CRUDO,UND,True
7705946987639,Tor Hex Socket M6x16-6.8 DS Mp,1631000009,Partes Pequeñas,203002,Ckd,GRIS VERDE,CRUDO,UND,True
7705946987646,Tor Hex Socket M6x20-6.8 DS Mp,1631000009,Partes Pequeñas,203002,Ckd,GRIS VERDE,CRUDO,UND,True
7705946987653,Tuerca Hex M10x1.25 300DS Mp,1631000009,Partes Pequeñas,203002,Ckd,GRIS VERDE,CRUDO,UND,True
7705946987677,Tuerc Hex Metal M10x1.25 DS Mp,1631000009,Partes Pequeñas,203002,Ckd,GRIS VERDE,CRUDO,UND,True
7705946987707,Tuerca Hex M16x1.5 300DS Mp,1631000009,Partes Pequeñas,203002,Ckd,GRIS VERDE,CRUDO,UND,True
7705946987714,Chapeta Galv M5 300DS Mp,1631000009,Partes Pequeñas,203002,Ckd,GRIS VERDE,CRUDO,UND,True
7705946987721,Arandela Plana M12 300DS Mp,1631000009,Partes Pequeñas,203002,Ckd,GRIS VERDE,CRUDO,UND,True
7705946987738,Arandela Plana M8 300DS Mp,1631000009,Partes Pequeñas,203002,Ckd,GRIS VERDE,CRUDO,UND,True
7705946987745,Arandela Plana Cobre M10x15 Mp,1631000009,Partes Pequeñas,203002,Ckd,GRIS VERDE,CRUDO,UND,True
7705946987769,Arandela Plana M16x30 300DS Mp,1631000009,Partes Pequeñas,203002,Ckd,GRIS VERDE,CRUDO,UND,True
7705946987776,Arandela Plana M9x18 300DS Mp,1631000009,Partes Pequeñas,203002,Ckd,GRIS VERDE,CRUDO,UND,True
7705946987783,Arandela Plana M6x16 300DS Mp,1631000009,Partes Pequeñas,203002,Ckd,GRIS VERDE,CRUDO,UND,True
7705946987806,Arandela Elastica M10 300DS Mp,1631000009,Partes Pequeñas,203002,Ckd,GRIS VERDE,CRUDO,UND,True
7705946987813,Arandela Brida 10.5x4 300DS Mp,1631000009,Partes Pequeñas,203002,Ckd,GRIS VERDE,CRUDO,UND,True
7705946987820,Arandela Onda 300DS Mp,1631000009,Partes Pequeñas,203002,Ckd,GRIS VERDE,CRUDO,UND,True
7705946987851,Manguera Gas 14x55 300DS Mp,1631000009,Partes Pequeñas,203002,Ckd,GRIS VERDE,CRUDO,UND,True
7705946987868,Manguera Gas 14x165 300DS Mp,1631000009,Partes Pequeñas,203002,Ckd,GRIS VERDE,CRUDO,UND,True
7705946987875,Mangue Radiador/Bomba 300DS Mp,1631000009,Partes Pequeñas,203002,Ckd,GRIS VERDE,CRUDO,UND,True
7705946987882,Manguera Radia/Cilind 300DS Mp,1631000009,Partes Pequeñas,203002,Ckd,GRIS VERDE,CRUDO,UND,True
7705946987899,Manguera 6.5x11 300DS Mp,1631000009,Partes Pequeñas,203002,Ckd,GRIS VERDE,CRUDO,UND,True
7705946987905,Manguera 7x11 300DS Mp,1631000009,Partes Pequeñas,203002,Ckd,GRIS VERDE,CRUDO,UND,True
7705946987912,Manguer 6.5x11-25+260 300DS Mp,1631000009,Partes Pequeñas,203002,Ckd,GRIS VERDE,CRUDO,UND,True
7705946987929,Buje 16x10x40 300DS Mp,1631000009,Partes Pequeñas,203002,Ckd,GRIS VERDE,CRUDO,UND,True
7705946987936,Buje 20x11x70 300DS Mp,1631000009,Partes Pequeñas,203002,Ckd,GRIS VERDE,CRUDO,UND,True
7705946987943,Buje 20x11x80 300DS Mp,1631000009,Partes Pequeñas,203002,Ckd,GRIS VERDE,CRUDO,UND,True
7705946987950,Buje 28x15x24.5 300DS Mp,1631000009,Partes Pequeñas,203002,Ckd,GRIS VERDE,CRUDO,UND,True
7705946987967,Buje 32x17x11.5 300DS Mp,1631000009,Partes Pequeñas,203002,Ckd,GRIS VERDE,CRUDO,UND,True
7705946987974,Buje Campana 25x17x14 300DS Mp,1631000009,Partes Pequeñas,203002,Ckd,GRIS VERDE,CRUDO,UND,True
7705946987981,Buje 10x19 300DS Mp,1631000009,Partes Pequeñas,203002,Ckd,GRIS VERDE,CRUDO,UND,True
7705946987998,Buje 9x6.2x22 300DS Mp,1631000009,Partes Pequeñas,203002,Ckd,GRIS VERDE,CRUDO,UND,True
7705946988001,Empaque AK300DS Mp,1631000009,Partes Pequeñas,203002,Ckd,GRIS VERDE,CRUDO,UND,True
7705946988018,Eje 10x115 300DS Mp,1631000009,Partes Pequeñas,203002,Ckd,GRIS VERDE,CRUDO,UND,True
7705946988025,Eje 12x100X40 300DS Mp,1631000009,Partes Pequeñas,203002,Ckd,GRIS VERDE,CRUDO,UND,True
7705946988032,Eje Rueda Delantera 300DS Mp,1631000009,Partes Pequeñas,203002,Ckd,GRIS VERDE,CRUDO,UND,True
7705946988056,Eje 10x50 300DS Mp,1631000009,Partes Pequeñas,203002,Ckd,GRIS VERDE,CRUDO,UND,True
7705946988063,Eje M14x26 300DS Mp,1631000009,Partes Pequeñas,203002,Ckd,GRIS VERDE,CRUDO,UND,True
7705946988070,Eje 12x73 300DS Mp,1631000009,Partes Pequeñas,203002,Ckd,GRIS VERDE,CRUDO,UND,True
7705946988087,Eje rueda Trasera 300DS Mp,1631000009,Partes Pequeñas,203002,Ckd,GRIS VERDE,CRUDO,UND,True
7705946988094,Eje 10x325 300DS Mp,1631000009,Partes Pequeñas,203002,Ckd,GRIS VERDE,CRUDO,UND,True
7705946988100,Caucho Ranurado 30x5 300DS Mp,1631000009,Partes Pequeñas,203002,Ckd,GRIS VERDE,CRUDO,UND,True
7705946988124,Correa Bateria 300DS Mp,1631000009,Partes Pequeñas,203002,Ckd,GRIS VERDE,CRUDO,UND,True
7705946988131,Clip Doble Pequeño 300DS Mp,1631000009,Partes Pequeñas,203002,Ckd,GRIS VERDE,CRUDO,UND,True
7705946988148,Abrazadera 195 2mm 300DS Mp,1631000009,Partes Pequeñas,203002,Ckd,GRIS VERDE,CRUDO,UND,True
7705946988155,Abrazadera 195 300DS Mp,1631000009,Partes Pequeñas,203002,Ckd,GRIS VERDE,CRUDO,UND,True
7705946988162,Abrazadera 4+195 300DS Mp,1631000009,Partes Pequeñas,203002,Ckd,GRIS VERDE,CRUDO,UND,True
7705946988179,Abrazadera 120+4+195 300DS Mp,1631000009,Partes Pequeñas,203002,Ckd,GRIS VERDE,CRUDO,UND,True
7705946988186,Abrazadera 120x235 300DS Mp,1631000009,Partes Pequeñas,203002,Ckd,GRIS VERDE,CRUDO,UND,True
7705946988209,Abrazadera 15x1.5 300DS Mp,1631000009,Partes Pequeñas,203002,Ckd,GRIS VERDE,CRUDO,UND,True
7705946988223,Pasacable Plastic Del 300DS Mp,1631000009,Partes Pequeñas,203002,Ckd,GRIS VERDE,CRUDO,UND,True
7705946988247,Abrazadera G126 8mm 300DS Mp,1631000009,Partes Pequeñas,203002,Ckd,GRIS VERDE,CRUDO,UND,True
7705946988254,Abrazadera G126 16-27 300DS Mp,1631000009,Partes Pequeñas,203002,Ckd,GRIS VERDE,CRUDO,UND,True
7705946988261,Tapon Chasis 300DS Mp,1631000009,Partes Pequeñas,203002,Ckd,GRIS VERDE,CRUDO,UND,True
7705946988278,Tapon 12x13 300DS Mp,1631000009,Partes Pequeñas,203002,Ckd,GRIS VERDE,CRUDO,UND,True
7705946988285,Tuerca Acople M24x1.5x14 DS Mp,1631000009,Partes Pequeñas,203002,Ckd,GRIS VERDE,CRUDO,UND,True
7705946988292,Caucho 8x12.5 300DS Mp,1631000009,Partes Pequeñas,203002,Ckd,GRIS VERDE,CRUDO,UND,True
7705946988308,Resorte Gato Lateral 300DS Mp,1631000009,Partes Pequeñas,203002,Ckd,GRIS VERDE,CRUDO,UND,True
7705946988315,Soport Superior Radia 300DS Mp,1631000000,Ckd,203002,Ckd,GRIS VERDE,CRUDO,UND,True
7705946988322,Soport Infe Radia Izq 300DS Mp,1631000000,Ckd,203002,Ckd,GRIS VERDE,CRUDO,UND,True
7705946988339,Soport Infe Radia Der 300DS Mp,1631000000,Ckd,203002,Ckd,GRIS VERDE,CRUDO,UND,True
7705946988346,Kit Switch 300DS Mp,1631000000,Ckd,203002,Ckd,GRIS VERDE,CRUDO,UND,True
7705946988360,Trapecio Completo 300DS Mp,1631000000,Ckd,203002,Ckd,GRIS VERDE,CRUDO,UND,True
7705946988377,Horquilla Superior 300DS Mp,1631000000,Ckd,203002,Ckd,GRIS VERDE,CRUDO,UND,True
7705946988384,Horquilla Inferior  300DS Mp,1631000000,Ckd,203002,Ckd,GRIS VERDE,CRUDO,UND,True
7700149113496,Calco Carenaje Izq DS300 Ng Mp,1632000000,Integracion Nacional,203002,Integración Nacional,NEGRO ROJO,CRUDO,UND,True
7700149113502,Calco Tanque Der DS300 Ng Mp,1632000000,Integracion Nacional,203002,Integración Nacional,NEGRO ROJO,CRUDO,UND,True
7700149113519,Calco Tanque Izq DS300 Ng Mp,1632000000,Integracion Nacional,203002,Integración Nacional,NEGRO ROJO,CRUDO,UND,True
7700149113540,Calco Carenaje Der DS300 Ng Mp,1632000000,Integracion Nacional,203002,Integración Nacional,NEGRO ROJO,CRUDO,UND,True
7700149113564,Calco Tras AKT Izq DS300 Ng Mp,1632000000,Integracion Nacional,203002,Integración Nacional,NEGRO ROJO,CRUDO,UND,True
7700149113588,Calco Trasero 1 DS300 Ng Mp,1632000000,Integracion Nacional,203002,Integración Nacional,NEGRO ROJO,CRUDO,UND,True
7700149113595,Calco Trasero 2 DS300 Ng Mp,1632000000,Integracion Nacional,203002,Integración Nacional,NEGRO ROJO,CRUDO,UND,True
7700149113601,Calco Trasero 3 DS300 Ng Mp,1632000000,Integracion Nacional,203002,Integración Nacional,NEGRO ROJO,CRUDO,UND,True
7700149113618,Calco Trasero 4 DS300 Ng Mp,1632000000,Integracion Nacional,203002,Integración Nacional,NEGRO ROJO,CRUDO,UND,True
7700149113625,Calco Tras AKT Der DS300 Ng Mp,1632000000,Integracion Nacional,203002,Integración Nacional,NEGRO ROJO,CRUDO,UND,True
7700149331067,Calco AKT Izq Rojo DS300 Mp,1632000000,Integracion Nacional,203002,Integración Nacional,NEGRO ROJO,CRUDO,UND,True
7700149331074,Calco AKT Der Rojo DS300 Mp,1632000000,Integracion Nacional,203002,Integración Nacional,NEGRO ROJO,CRUDO,UND,True
7700149197243,Arand Segu Base Silla 300AC Mp,1631000009,Partes Pequeñas,203002,Ckd,NEGRO MATE,CRUDO,UND,True
7700149197274,Clip Doble Mediano 7mm Mp,1631000009,Partes Pequeñas,203002,Ckd,NEGRO MATE,CRUDO,UND,True
7700149197687,Torn Mang Disco Freno 300AC Mp,1631000009,Partes Pequeñas,203002,Ckd,NEGRO MATE,CRUDO,UND,True
7700149197793,Torn Cross ST 4.2x20 Mp,1631000009,Partes Pequeñas,203002,Ckd,NEGRO MATE,CRUDO,UND,True
7700149197823,Tor Hex Socket M8x30 Mp,1631000009,Partes Pequeñas,203002,Ckd,NEGRO MATE,CRUDO,UND,True
7700149197878,Reflectivo Delantero 300AC Mp,1631000000,Ckd,203002,Ckd,NEGRO MATE,CRUDO,UND,True
7700149197922,Sensor ABS 300AC Mp,1631000000,Ckd,203002,Ckd,NEGRO MATE,CRUDO,UND,True
7700149212267,Balanceador Manub 300Rally Mp,1631000000,Ckd,203002,Ckd,NEGRO MATE,CRUDO,UND,True
7700149212861,Switch Freno Tras 300Rally Mp,1631000000,Ckd,203002,Ckd,NEGRO MATE,CRUDO,UND,True
7700149213455,Torn Hex M10X35 300Rally Mp,1631000009,Partes Pequeñas,203002,Ckd,NEGRO MATE,CRUDO,UND,True
7700149213684,Chapeta 300Rally Mp,1631000009,Partes Pequeñas,203002,Ckd,NEGRO MATE,CRUDO,UND,True
7700149320580,Calco Info Mot DSX500 E5 Mp,1632000000,Integracion Nacional,203002,Integración Nacional,NEGRO MATE,CRUDO,UND,True
7700149386982,Soporte Sistema ABS 500DS Mp,1631000000,Ckd,203002,Ckd,NEGRO MATE,CRUDO,UND,True
7700149386999,Sostenedor Manubrio 500DS Mp,1631000000,Ckd,203002,Ckd,NEGRO MATE,CRUDO,UND,True
7700149387002,Cilind Disc Freno Tras 500 Mp,1631000000,Ckd,203002,Ckd,NEGRO MATE,CRUDO,UND,True
7700149387019,Caliper Fren Tras Izq 500DS Mp,1631000000,Ckd,203002,Ckd,NEGRO MATE,CRUDO,UND,True
7700149387026,Mang Disc Freno Del 500DS Mp,1631000000,Ckd,203002,Ckd,NEGRO MATE,CRUDO,UND,True
7700149387033,Soporte Aceite Disc Freno Mp,1631000000,Ckd,203002,Ckd,NEGRO MATE,CRUDO,UND,True
7700149387040,Mang Aceit Salida Tras ABS Mp,1631000000,Ckd,203002,Ckd,NEGRO MATE,CRUDO,UND,True
7700149387057,Manguera Aceite ABS Mp,1631000000,Ckd,203002,Ckd,NEGRO MATE,CRUDO,UND,True
7700149387064,Caliper Der 500DS Mp,1631000000,Ckd,203002,Ckd,NEGRO MATE,CRUDO,UND,True
7700149387071,Mang Aceit Entrada Tras ABS Mp,1631000000,Ckd,203002,Ckd,NEGRO MATE,CRUDO,UND,True
7700149387088,Caliper Izq 500DS Mp,1631000000,Ckd,203002,Ckd,NEGRO MATE,CRUDO,UND,True
7700149387095,Abrazadera Tanque Tras 500DSMp,1631000000,Ckd,203002,Ckd,NEGRO MATE,CRUDO,UND,True
7700149387101,Parte Trasera Chasis 500DS Mp,1631000000,Ckd,203002,Ckd,NEGRO MATE,CRUDO,UND,True
7700149387118,Balancin Amortiguador 500DS Mp,1631000000,Ckd,203002,Ckd,NEGRO MATE,CRUDO,UND,True
7700149387125,Pedal de Cambios 500DS Mp,1631000000,Ckd,203002,Ckd,NEGRO MATE,CRUDO,UND,True
7700149387132,Abrazadera Ramal Negra Mp,1631000009,Partes Pequeñas,203002,Ckd,NEGRO MATE,CRUDO,UND,True
7700149387149,Abrazadera Ramal Cuero Mp,1631000009,Partes Pequeñas,203002,Ckd,NEGRO MATE,CRUDO,UND,True
7700149387156,Soporte Control Instalacion Mp,1631000000,Ckd,203002,Ckd,NEGRO MATE,CRUDO,UND,True
7700149387163,Luz Trasera 500DS Mp,1631000000,Ckd,203002,Ckd,NEGRO MATE,CRUDO,UND,True
7700149387170,Mang Aceite Salida Del ABS Mp,1631000000,Ckd,203002,Ckd,NEGRO MATE,CRUDO,UND,True
7700149387187,Caucho Soporte Farola 500DS Mp,1631000009,Partes Pequeñas,203002,Ckd,NEGRO MATE,CRUDO,UND,True
7700149387200,Direccional Tras Izq 500DS Mp,1631000000,Ckd,203002,Ckd,NEGRO MATE,CRUDO,UND,True
7700149387217,Direccional Del Der 500DS Mp,1631000000,Ckd,203002,Ckd,NEGRO MATE,CRUDO,UND,True
7700149387224,Direccional Tras Der 500DS Mp,1631000000,Ckd,203002,Ckd,NEGRO MATE,CRUDO,UND,True
7700149387231,Buje Amortiguador 12x8x8.5 Mp,1631000009,Partes Pequeñas,203002,Ckd,NEGRO MATE,CRUDO,UND,True
7700149387248,Buje Amortiguador 46.5x17x20Mp,1631000009,Partes Pequeñas,203002,Ckd,NEGRO MATE,CRUDO,UND,True
7700149387255,Enchufe Luz Decor 500DS Mp,1631000000,Ckd,203002,Ckd,NEGRO MATE,CRUDO,UND,True
7700149387262,Sistema ABS 500DS Mp,1631000000,Ckd,203002,Ckd,NEGRO MATE,CRUDO,UND,True
7700149387286,Soporte Manubrio 500DS Mp,1631000000,Ckd,203002,Ckd,NEGRO MATE,CRUDO,UND,True
7700149387293,Fijacion Veloc Izq 500DS Mp,1631000000,Ckd,203002,Ckd,NEGRO MATE,CRUDO,UND,True
7700149387309,Fijacion Veloc Der 500DS Mp,1631000000,Ckd,203002,Ckd,NEGRO MATE,CRUDO,UND,True
7700149387316,Luz Antiniebla 500DS Mp,1631000000,Ckd,203002,Ckd,NEGRO MATE,CRUDO,UND,True
7700149387323,Entrada USB 500DS Mp,1631000000,Ckd,203002,Ckd,NEGRO MATE,CRUDO,UND,True
7700149387330,Caucho Porta Sproket 500DS Mp,1631000009,Partes Pequeñas,203002,Ckd,NEGRO MATE,CRUDO,UND,True
7700149387347,Damper 500DS Mp,1631000000,Ckd,203002,Ckd,NEGRO MATE,CRUDO,UND,True
7700149387354,Pedal Freno 500DS Mp,1631000000,Ckd,203002,Ckd,NEGRO MATE,CRUDO,UND,True
7700149387361,Cilindro Maestro 500DS Mp,1631000000,Ckd,203002,Ckd,NEGRO MATE,CRUDO,UND,True
7700149387385,Asiento Conductor 500DS Mp,1631000000,Ckd,203002,Ckd,NEGRO MATE,CRUDO,UND,True
7700149387392,Horquilla Superior 500DS Mp,1631000000,Ckd,203002,Ckd,NEGRO MATE,CRUDO,UND,True
7700149387408,Posapie Tra Der 500DS Mp,1631000000,Ckd,203002,Ckd,NEGRO MATE,CRUDO,UND,True
7700149387422,Switch Inicio Gato Lateral Mp,1631000000,Ckd,203002,Ckd,NEGRO MATE,CRUDO,UND,True
7700149387439,Barra Manubrio 500DS Mp,1631000000,Ckd,203002,Ckd,NEGRO MATE,CRUDO,UND,True
7700149387446,Set Manilar 500DS Mp,1631000000,Ckd,203002,Ckd,NEGRO MATE,CRUDO,UND,True
7700149387453,Engrasador 500DS Mp,1631000000,Ckd,203002,Ckd,NEGRO MATE,CRUDO,UND,True
7700149387460,Resorte Abrazadera 500DS Mp,1631000000,Ckd,203002,Ckd,NEGRO MATE,CRUDO,UND,True
7700149387477,Guaya Clutch 500DS Mp,1631000000,Ckd,203002,Ckd,NEGRO MATE,CRUDO,UND,True
7700149387484,Almohadilla Gato Central Mp,1631000009,Partes Pequeñas,203002,Ckd,NEGRO MATE,CRUDO,UND,True
7700149387491,Asiento Pasajero 500DS Mp,1631000000,Ckd,203002,Ckd,NEGRO MATE,CRUDO,UND,True
7700149387507,Soporte Asiento 500DS Mp,1631000000,Ckd,203002,Ckd,NEGRO MATE,CRUDO,UND,True
7700149387514,Cable Asiento 500DS Mp,1631000000,Ckd,203002,Ckd,NEGRO MATE,CRUDO,UND,True
7700149387538,Soporte Tras 500DS Mp,1631000000,Ckd,203002,Ckd,NEGRO MATE,CRUDO,UND,True
7700149387545,Bumper Izq 500DS Mp,1631000000,Ckd,203002,Ckd,NEGRO MATE,CRUDO,UND,True
7700149387552,Bumper Der 500DS Mp,1631000000,Ckd,203002,Ckd,NEGRO MATE,CRUDO,UND,True
7700149387569,Bola Decorativa 500DS Mp,1631000000,Ckd,203002,Ckd,NEGRO MATE,CRUDO,UND,True
7700149387576,Pesa Manilar Izq 500DS Mp,1631000000,Ckd,203002,Ckd,NEGRO MATE,CRUDO,UND,True
7700149387583,Amortiguador Tras 500DS Mp,1631000000,Ckd,203002,Ckd,NEGRO MATE,CRUDO,UND,True
7700149387590,Torn Seguridad Direccion Mp,1631000009,Partes Pequeñas,203002,Ckd,NEGRO MATE,CRUDO,UND,True
7700149387606,Tuerca Direccion M26x1 Q12 Mp,1631000009,Partes Pequeñas,203002,Ckd,NEGRO MATE,CRUDO,UND,True
7700149387613,Tuerca Direccion M26x1 Q9 Mp,1631000009,Partes Pequeñas,203002,Ckd,NEGRO MATE,CRUDO,UND,True
7700149387620,Arandela Bloqueo Q9 Mp,1631000009,Partes Pequeñas,203002,Ckd,NEGRO MATE,CRUDO,UND,True
7700149387637,Pista Direcc Sup 500DS Mp,1631000000,Ckd,203002,Ckd,NEGRO MATE,CRUDO,UND,True
7700149387644,RodamientoDireccSup36.5x29Mp,1631000000,Ckd,203002,Ckd,NEGRO MATE,CRUDO,UND,True
7700149387651,RodamientoDireccSup50.5x32.8Mp,1631000000,Ckd,203002,Ckd,NEGRO MATE,CRUDO,UND,True
7700149387668,Posapie Tra Izq 500DS Mp,1631000000,Ckd,203002,Ckd,NEGRO MATE,CRUDO,UND,True
7700149387675,Amortiguador Del Der 500DS Mp,1631000000,Ckd,203002,Ckd,NEGRO MATE,CRUDO,UND,True
7700149387682,Lente Decor Farola 500DS Mp,1631000000,Ckd,203002,Ckd,NEGRO MATE,CRUDO,UND,True
7700149387699,Deslizador Cadena 500DS Mp,1631000009,Partes Pequeñas,203002,Ckd,NEGRO MATE,CRUDO,UND,True
7700149387705,Tensor Cadena 500DS Mp,1631000000,Ckd,203002,Ckd,NEGRO MATE,CRUDO,UND,True
7700149387712,Platina Ajustador Abraz Der Mp,1631000000,Ckd,203002,Ckd,NEGRO MATE,CRUDO,UND,True
7700149387729,Platina Ajustador Abraz Izq Mp,1631000000,Ckd,203002,Ckd,NEGRO MATE,CRUDO,UND,True
7700149387736,Posapie Del Izq 500DS Mp,1631000000,Ckd,203002,Ckd,NEGRO MATE,CRUDO,UND,True
7700149387743,Posapie Del Der 500DS Mp,1631000000,Ckd,203002,Ckd,NEGRO MATE,CRUDO,UND,True
7700149387750,Gato Lateral 500DS Mp,1631000000,Ckd,203002,Ckd,NEGRO MATE,CRUDO,UND,True
7700149387767,Gato Central 500DS Mp,1631000000,Ckd,203002,Ckd,NEGRO MATE,CRUDO,UND,True
7700149387774,Amortiguador Del Izq 500DS Mp,1631000000,Ckd,203002,Ckd,NEGRO MATE,CRUDO,UND,True
7700149387781,Radiador 500DS Mp,1631000000,Ckd,203002,Ckd,NEGRO MATE,CRUDO,UND,True
7700149387798,Guaya acelerador L825 500DS Mp,1631000000,Ckd,203002,Ckd,NEGRO MATE,CRUDO,UND,True
7700149387873,Cubierta Trasera Izq 500DS Mp,1631000000,Ckd,203002,Ckd,NEGRO MATE,CRUDO,UND,True
7700149387897,Tanque Refrigerante 500DS Mp,1631000000,Ckd,203002,Ckd,NEGRO MATE,CRUDO,UND,True
7700149387910,Tapa Tanque Refrigerante Mp,1631000000,Ckd,203002,Ckd,NEGRO MATE,CRUDO,UND,True
7700149387927,CubiertaTanq Refrigerante Mp,1631000000,Ckd,203002,Ckd,NEGRO MATE,CRUDO,UND,True
7700149387934,Filtro Gasolina 500DS Mp,1631000000,Ckd,203002,Ckd,NEGRO MATE,CRUDO,UND,True
7700149387941,Valvula Magnetica 500DS Mp,1631000000,Ckd,203002,Ckd,NEGRO MATE,CRUDO,UND,True
7700149387958,Protec Goma Tanq Gas 500DS Mp,1631000009,Partes Pequeñas,203002,Ckd,NEGRO MATE,CRUDO,UND,True
7700149387965,Direccional Del Izq 500DS Mp,1631000000,Ckd,203002,Ckd,NEGRO MATE,CRUDO,UND,True
7700149388085,Control Electrico EMU 500DS Mp,1631000000,Ckd,203002,Ckd,NEGRO MATE,CRUDO,UND,True
7700149388184,Abrazad Manubrio Izq 500DS Mp,1631000000,Ckd,203002,Ckd,NEGRO MATE,CRUDO,UND,True
7700149388191,Guaya acelerador L845 500DS Mp,1631000000,Ckd,203002,Ckd,NEGRO MATE,CRUDO,UND,True
7700149388207,Manguera 7x11x460 500DS Mp,1631000009,Partes Pequeñas,203002,Ckd,NEGRO MATE,CRUDO,UND,True
7700149388214,Caja Bateria 500DS Mp,1631000000,Ckd,203002,Ckd,NEGRO MATE,CRUDO,UND,True
7700149388221,Soporte Bateria 500DS Mp,1631000000,Ckd,203002,Ckd,NEGRO MATE,CRUDO,UND,True
7700149388238,Ramal Electrico 500DS Mp,1631000000,Ckd,203002,Ckd,NEGRO MATE,CRUDO,UND,True
7700149388245,Toma corriente DC 500DS Mp,1631000000,Ckd,203002,Ckd,NEGRO MATE,CRUDO,UND,True
7700149388252,Cubta Switch Encend 500DS Mp,1631000000,Ckd,203002,Ckd,NEGRO MATE,CRUDO,UND,True
7700149388269,Bateria 500DS Mp,1631000000,Ckd,203002,Ckd,NEGRO MATE,CRUDO,UND,True
7700149388276,Switch Izq 500DS Mp,1631000000,Ckd,203002,Ckd,NEGRO MATE,CRUDO,UND,True
7700149388283,Bobina Alta 500DS Mp,1631000000,Ckd,203002,Ckd,NEGRO MATE,CRUDO,UND,True
7700149388290,Switch Der 500DS Mp,1631000000,Ckd,203002,Ckd,NEGRO MATE,CRUDO,UND,True
7700149388306,Engrasador Asiento 500DS Mp,1631000000,Ckd,203002,Ckd,NEGRO MATE,CRUDO,UND,True
7700149388313,Sensor L120 500DS Mp,1631000000,Ckd,203002,Ckd,NEGRO MATE,CRUDO,UND,True
7700149388320,Clip Fijacion 500DS Mp,1631000009,Partes Pequeñas,203002,Ckd,NEGRO MATE,CRUDO,UND,True
7700149388337,Flasher 500DS Mp,1631000000,Ckd,203002,Ckd,NEGRO MATE,CRUDO,UND,True
7700149388344,Pito 500DS Mp,1631000000,Ckd,203002,Ckd,NEGRO MATE,CRUDO,UND,True
7700149388351,Farola Front Izq 500DS Mp,1631000000,Ckd,203002,Ckd,NEGRO MATE,CRUDO,UND,True
7700149388368,Soporte Farola 500DS Mp,1631000000,Ckd,203002,Ckd,NEGRO MATE,CRUDO,UND,True
7700149388375,Soporte CbtaSwitchEncen500DSMp,1631000000,Ckd,203002,Ckd,NEGRO MATE,CRUDO,UND,True
7700149388382,Parte Frontal Mofle 500DS Mp,1631000000,Ckd,203002,Ckd,NEGRO MATE,CRUDO,UND,True
7700149388399,Sensor Oxigeno 500DS Mp,1631000000,Ckd,203002,Ckd,NEGRO MATE,CRUDO,UND,True
7700149388405,Acelerador 500DS Mp,1631000000,Ckd,203002,Ckd,NEGRO MATE,CRUDO,UND,True
7700149388412,Aro Inyector Gas 500DS Mp,1631000009,Partes Pequeñas,203002,Ckd,NEGRO MATE,CRUDO,UND,True
7700149388429,Tapa Inyector Gas 500DS Mp,1631000000,Ckd,203002,Ckd,NEGRO MATE,CRUDO,UND,True
7700149388436,Control Evap Gasolina 500DS Mp,1631000000,Ckd,203002,Ckd,NEGRO MATE,CRUDO,UND,True
7700149388443,Caja Filtro 500DS Mp,1631000000,Ckd,203002,Ckd,NEGRO MATE,CRUDO,UND,True
7700149388450,Empaque Mofle 500DS Mp,1631000000,Ckd,203002,Ckd,NEGRO MATE,CRUDO,UND,True
7700149388467,Manguera 500DS Mp,1631000009,Partes Pequeñas,203002,Ckd,NEGRO MATE,CRUDO,UND,True
7700149388474,Protector Mofle 500DS Mp,1631000000,Ckd,203002,Ckd,NEGRO MATE,CRUDO,UND,True
7700149388498,Pedal Cambios 500DS Mp,1631000000,Ckd,203002,Ckd,NEGRO MATE,CRUDO,UND,True
7700149388504,Cadena 500DS Mp,1631000000,Ckd,203002,Ckd,NEGRO MATE,CRUDO,UND,True
7700149388511,Guia Cadena 500DS Mp,1631000000,Ckd,203002,Ckd,NEGRO MATE,CRUDO,UND,True
7700149388528,Relay Arranq 500DS Mp,1631000000,Ckd,203002,Ckd,NEGRO MATE,CRUDO,UND,True
7700149388535,Soporte Ramal 500DSMp,1631000000,Ckd,203002,Ckd,NEGRO MATE,CRUDO,UND,True
7700149388542,Funda Vidro Ramal 500DS Mp,1631000000,Ckd,203002,Ckd,NEGRO MATE,CRUDO,UND,True
7700149388559,Funda Caucho Ramal 500DS Mp,1631000009,Partes Pequeñas,203002,Ckd,NEGRO MATE,CRUDO,UND,True
7700149388566,Soporte Regulador 500DS Mp,1631000000,Ckd,203002,Ckd,NEGRO MATE,CRUDO,UND,True
7700149388573,Parte Trasera Mofle 500DS Mp,1631000000,Ckd,203002,Ckd,NEGRO MATE,CRUDO,UND,True
7700149388580,Caucho Ranurado M22x2.5x36 Mp,1631000009,Partes Pequeñas,203002,Ckd,NEGRO MATE,CRUDO,UND,True
7700149388597,Guia Cable M9 R7130 Mp,1631000000,Ckd,203002,Ckd,NEGRO MATE,CRUDO,UND,True
7700149388603,Tor Cue camp Galv M10x70 Mp,1631000009,Partes Pequeñas,203002,Ckd,NEGRO MATE,CRUDO,UND,True
7700149388610,Tor Cue camp Galv M10x60 Mp,1631000009,Partes Pequeñas,203002,Ckd,NEGRO MATE,CRUDO,UND,True
7700149388627,Tor Cue camp Galv M10x45 Mp,1631000009,Partes Pequeñas,203002,Ckd,NEGRO MATE,CRUDO,UND,True
7700149388634,Tor Cue camp Galv M10x30 Mp,1631000009,Partes Pequeñas,203002,Ckd,NEGRO MATE,CRUDO,UND,True
7700149388641,Tor Cue camp Galv M12x122 Mp,1631000009,Partes Pequeñas,203002,Ckd,NEGRO MATE,CRUDO,UND,True
7700149388658,Tor Cue camp Galv M10x150 Mp,1631000009,Partes Pequeñas,203002,Ckd,NEGRO MATE,CRUDO,UND,True
7700149388665,Tor Cue camp Galv M12x50 Mp,1631000009,Partes Pequeñas,203002,Ckd,NEGRO MATE,CRUDO,UND,True
7700149388672,Caucho Ranurado M28x24x8 Mp,1631000009,Partes Pequeñas,203002,Ckd,NEGRO MATE,CRUDO,UND,True
7700149388689,Tor Cue camp Galv M15x268 Mp,1631000009,Partes Pequeñas,203002,Ckd,NEGRO MATE,CRUDO,UND,True
7700149388696,Arandela Caucho 36x26.5x2.5 Mp,1631000009,Partes Pequeñas,203002,Ckd,NEGRO MATE,CRUDO,UND,True
7700149388702,Arandela Caucho 20x10x2 Mp,1631000009,Partes Pequeñas,203002,Ckd,NEGRO MATE,CRUDO,UND,True
7700149388719,Arandela Caucho 9x5x2 Mp,1631000009,Partes Pequeñas,203002,Ckd,NEGRO MATE,CRUDO,UND,True
7700149388726,Clip Fijacion L12 Mp,1631000009,Partes Pequeñas,203002,Ckd,NEGRO MATE,CRUDO,UND,True
7700149388733,Clip Fijacion A6 Mp,1631000009,Partes Pequeñas,203002,Ckd,NEGRO MATE,CRUDO,UND,True
7700149388740,Guia Cable M9 R8100 Mp,1631000000,Ckd,203002,Ckd,NEGRO MATE,CRUDO,UND,True
7700149388757,Guia Cable M9 R7110 Mp,1631000000,Ckd,203002,Ckd,NEGRO MATE,CRUDO,UND,True
7700149388764,Platina Bumper 500DS Mp,1631000000,Ckd,203002,Ckd,NEGRO MATE,CRUDO,UND,True
7700149388771,Caucho Camp M17x2x13 Mp,1631000009,Partes Pequeñas,203002,Ckd,NEGRO MATE,CRUDO,UND,True
7700149388788,Buje Camp 20x28x19 Mp,1631000009,Partes Pequeñas,203002,Ckd,NEGRO MATE,CRUDO,UND,True
7700149388795,Tubo Ref 21x29 500DS Mp,1631000009,Partes Pequeñas,203002,Ckd,NEGRO MATE,CRUDO,UND,True
7700149388801,Tubo Refr 19x27 500DS Mp,1631000009,Partes Pequeñas,203002,Ckd,NEGRO MATE,CRUDO,UND,True
7700149388818,Tubo Refr 6x10(850) 500DS Mp,1631000009,Partes Pequeñas,203002,Ckd,NEGRO MATE,CRUDO,UND,True
7700149388825,Tubo Refr 6x10(23+382) Mp,1631000009,Partes Pequeñas,203002,Ckd,NEGRO MATE,CRUDO,UND,True
7700149388832,Buje Camp 20x32x38 Mp,1631000009,Partes Pequeñas,203002,Ckd,NEGRO MATE,CRUDO,UND,True
7700149388849,Buje Camp 20x30x13 Mp,1631000009,Partes Pequeñas,203002,Ckd,NEGRO MATE,CRUDO,UND,True
7700149388856,Buje Camp 15x22x12 Mp,1631000009,Partes Pequeñas,203002,Ckd,NEGRO MATE,CRUDO,UND,True
7700149388863,Tor Cue camp Galv M12x60 Mp,1631000009,Partes Pequeñas,203002,Ckd,NEGRO MATE,CRUDO,UND,True
7700149388870,Buje Camp 6x10x8 Mp,1631000009,Partes Pequeñas,203002,Ckd,NEGRO MATE,CRUDO,UND,True
7700149388887,Abrazadera 27 500DS Mp,1631000009,Partes Pequeñas,203002,Ckd,NEGRO MATE,CRUDO,UND,True
7700149388894,Buje Camp 10x22x34.5 Mp,1631000009,Partes Pequeñas,203002,Ckd,NEGRO MATE,CRUDO,UND,True
7700149388900,Buje Camp 10x22x45.5 Mp,1631000009,Partes Pequeñas,203002,Ckd,NEGRO MATE,CRUDO,UND,True
7700149388917,Buje Camp 10x24x8 Mp,1631000009,Partes Pequeñas,203002,Ckd,NEGRO MATE,CRUDO,UND,True
7700149388924,Buje Camp 10x15x16.5 Mp,1631000009,Partes Pequeñas,203002,Ckd,NEGRO MATE,CRUDO,UND,True
7700149388931,Empaque 500DS Mp,1631000009,Partes Pequeñas,203002,Ckd,NEGRO MATE,CRUDO,UND,True
7700149388948,Tor Cue camp Galv M18x191 Mp,1631000009,Partes Pequeñas,203002,Ckd,NEGRO MATE,CRUDO,UND,True
7700149388955,Tor Cue camp Galv M12x85 Mp,1631000009,Partes Pequeñas,203002,Ckd,NEGRO MATE,CRUDO,UND,True
7700149388962,Tor Cue camp Galv M20x324 Mp,1631000009,Partes Pequeñas,203002,Ckd,NEGRO MATE,CRUDO,UND,True
7700149388979,Buje Camp M9x10x16 Mp,1631000009,Partes Pequeñas,203002,Ckd,NEGRO MATE,CRUDO,UND,True
7700149388986,Kit Candado 500DS Mp,1631000000,Ckd,203002,Ckd,NEGRO MATE,CRUDO,UND,True
7700149388993,Guia Cable M9 R7130 Der Mp,1631000000,Ckd,203002,Ckd,NEGRO MATE,CRUDO,UND,True
7700149389006,FundaGoma 20x24x30 Mp,1631000009,Partes Pequeñas,203002,Ckd,NEGRO MATE,CRUDO,UND,True
7700149389013,Torn M6x45 500DS Mp,1631000009,Partes Pequeñas,203002,Ckd,NEGRO MATE,CRUDO,UND,True
7700149389020,Torn M8x20 500DS Mp,1631000009,Partes Pequeñas,203002,Ckd,NEGRO MATE,CRUDO,UND,True
7700149389037,Torn M8x30 500DS Mp,1631000009,Partes Pequeñas,203002,Ckd,NEGRO MATE,CRUDO,UND,True
7700149389044,Torn M8x35 500DS Mp,1631000009,Partes Pequeñas,203002,Ckd,NEGRO MATE,CRUDO,UND,True
7700149389051,Torn M10x30 500DS Mp,1631000009,Partes Pequeñas,203002,Ckd,NEGRO MATE,CRUDO,UND,True
7700149389068,Torn Avella M8x20 Mp,1631000009,Partes Pequeñas,203002,Ckd,NEGRO MATE,CRUDO,UND,True
7700149389075,Torn M8x55 500DS Mp,1631000009,Partes Pequeñas,203002,Ckd,NEGRO MATE,CRUDO,UND,True
7700149389082,Torn Avella M6x25 Mp,1631000009,Partes Pequeñas,203002,Ckd,NEGRO MATE,CRUDO,UND,True
7700149389099,Horquilla Tras 500DS Mp,1631000000,Ckd,203002,Ckd,NEGRO MATE,CRUDO,UND,True
7700149389105,Balancin 500DS Mp,1631000000,Ckd,203002,Ckd,NEGRO MATE,CRUDO,UND,True
7700149389112,Motor 500DS VIN Mp,1631000002,Materia Prima Motor,203002,Ckd,NEGRO MATE,CRUDO,UND,True
7700149389129,Tanque Combustible 500DS Mp,1631000000,Ckd,203002,Ckd,NEGRO MATE,CRUDO,UND,True
7700149389136,Rueda Del 500DS Mp,1631000000,Ckd,203002,Ckd,NEGRO MATE,CRUDO,UND,True
7700149389143,Rueda Tras 500DS Mp,1631000000,Ckd,203002,Ckd,NEGRO MATE,CRUDO,UND,True
7700149389150,Direccion 500DS Mp,1631000000,Ckd,203002,Ckd,NEGRO MATE,CRUDO,UND,True
7700149389174,Torn M8x40 500DS Mp,1631000009,Partes Pequeñas,203002,Ckd,NEGRO MATE,CRUDO,UND,True
7700149389181,Torn Avella M5x16 Q09 Mp,1631000009,Partes Pequeñas,203002,Ckd,NEGRO MATE,CRUDO,UND,True
7700149389198,Abrazadera 29 500DS Mp,1631000009,Partes Pequeñas,203002,Ckd,NEGRO MATE,CRUDO,UND,True
7700149389204,Abrazadera Q8A Mp,1631000009,Partes Pequeñas,203002,Ckd,NEGRO MATE,CRUDO,UND,True
7700149389211,Abrazadera Q12 Mp,1631000009,Partes Pequeñas,203002,Ckd,NEGRO MATE,CRUDO,UND,True
7700149389228,Resorte Gato Lat 3x21x100 Mp,1631000009,Partes Pequeñas,203002,Ckd,NEGRO MATE,CRUDO,UND,True
7700149389235,Resorte Gato Lat 1.8x8x57 Mp,1631000009,Partes Pequeñas,203002,Ckd,NEGRO MATE,CRUDO,UND,True
7700149389242,Resorte Gato Lat 3x18x156 Mp,1631000009,Partes Pequeñas,203002,Ckd,NEGRO MATE,CRUDO,UND,True
7700149389259,Resorte Gato 3x25x40 Mp,1631000009,Partes Pequeñas,203002,Ckd,NEGRO MATE,CRUDO,UND,True
7700149389266,Torn Avella M8x25 Mp,1631000009,Partes Pequeñas,203002,Ckd,NEGRO MATE,CRUDO,UND,True
7700149389273,Torn Avella M6x16 Mp,1631000009,Partes Pequeñas,203002,Ckd,NEGRO MATE,CRUDO,UND,True
7700149389280,TuboEscape 12x18x(64+76+46)Mp,1631000009,Partes Pequeñas,203002,Ckd,NEGRO MATE,CRUDO,UND,True
7700149389297,Torn Avella M5x16 Mp,1631000009,Partes Pequeñas,203002,Ckd,NEGRO MATE,CRUDO,UND,True
7700149389303,Torn Avella M5x12 Q09 Mp,1631000009,Partes Pequeñas,203002,Ckd,NEGRO MATE,CRUDO,UND,True
7700149389310,Torn Avella M5x12 Mp,1631000009,Partes Pequeñas,203002,Ckd,NEGRO MATE,CRUDO,UND,True
7700149389327,Torn Avella M6x12 Q09 Mp,1631000009,Partes Pequeñas,203002,Ckd,NEGRO MATE,CRUDO,UND,True
7700149389334,Torn Avella M6x12 Mp,1631000009,Partes Pequeñas,203002,Ckd,NEGRO MATE,CRUDO,UND,True
7700149389341,Torn Avella M6x20 Q09 Mp,1631000009,Partes Pequeñas,203002,Ckd,NEGRO MATE,CRUDO,UND,True
7700149389358,Torn Avella M6x20 Mp,1631000009,Partes Pequeñas,203002,Ckd,NEGRO MATE,CRUDO,UND,True
7700149389365,Torn Avella M6x25 Negro Mp,1631000009,Partes Pequeñas,203002,Ckd,NEGRO MATE,CRUDO,UND,True
7700149389372,Torn Avella M6x16 Q09 Mp,1631000009,Partes Pequeñas,203002,Ckd,NEGRO MATE,CRUDO,UND,True
7700149389389,Placa Protectora Izq Mp,1631000000,Ckd,203002,Ckd,NEGRO MATE,CRUDO,UND,True
7700149389396,Tubo Gas 14x(45.5+72+78)Mp,1631000009,Partes Pequeñas,203002,Ckd,NEGRO MATE,CRUDO,UND,True
7700149389402,Soporte ProtectManilar Der Mp,1631000000,Ckd,203002,Ckd,NEGRO MATE,CRUDO,UND,True
7700149389419,Protector Manilar Der Mp,1631000000,Ckd,203002,Ckd,NEGRO MATE,CRUDO,UND,True
7700149389426,Guia Manguera Izq 500DS Mp,1631000000,Ckd,203002,Ckd,NEGRO MATE,CRUDO,UND,True
7700149389440,Guia Manguera Der 500DS Mp,1631000000,Ckd,203002,Ckd,NEGRO MATE,CRUDO,UND,True
7700149389464,Protector Manilar Izq Mp,1631000000,Ckd,203002,Ckd,NEGRO MATE,CRUDO,UND,True
7700149389471,Platina Cubierta Izq Mp,1631000000,Ckd,203002,Ckd,NEGRO MATE,CRUDO,UND,True
7700149389488,Tapa Decor Velocim 500DS Mp,1631000000,Ckd,203002,Ckd,NEGRO MATE,CRUDO,UND,True
7700149389501,Platina Cubierta Der Mp,1631000000,Ckd,203002,Ckd,NEGRO MATE,CRUDO,UND,True
7700149389518,Placa Protectora Der Mp,1631000000,Ckd,203002,Ckd,NEGRO MATE,CRUDO,UND,True
7700149389525,Guardabarro Tras Int 500DS Mp,1631000000,Ckd,203002,Ckd,NEGRO MATE,CRUDO,UND,True
7700149389532,Cubierta Tras 500DS Mp,1631000000,Ckd,203002,Ckd,NEGRO MATE,CRUDO,UND,True
7700149389549,Tapa Chasis Decorativo Tras Mp,1631000009,Partes Pequeñas,203002,Ckd,NEGRO MATE,CRUDO,UND,True
7700149389556,Tapa Chasis Decorativo Mp,1631000000,Ckd,203002,Ckd,NEGRO MATE,CRUDO,UND,True
7700149389563,Portacasco L390 500DS Mp,1631000000,Ckd,203002,Ckd,NEGRO MATE,CRUDO,UND,True
7700149389600,Soport Plat Tanq Gas 500DS Mp,1631000000,Ckd,203002,Ckd,NEGRO MATE,CRUDO,UND,True
7700149389624,Parte Tras Guardabarro Del Mp,1631000000,Ckd,203002,Ckd,NEGRO MATE,CRUDO,UND,True
7700149389631,Guardabarro Tras 500DS Mp,1631000000,Ckd,203002,Ckd,NEGRO MATE,CRUDO,UND,True
7700149389648,Parte Int Guardabarro Tras Mp,1631000000,Ckd,203002,Ckd,NEGRO MATE,CRUDO,UND,True
7700149389655,Parte Tras Guardabarro Tras Mp,1631000000,Ckd,203002,Ckd,NEGRO MATE,CRUDO,UND,True
7700149389662,Soporte ProtectManilar Izq Mp,1631000000,Ckd,203002,Ckd,NEGRO MATE,CRUDO,UND,True
7700149389679,Cubierta Lateral Der 500DS Mp,1631000000,Ckd,203002,Ckd,NEGRO MATE,CRUDO,UND,True
7700149389686,Guardabarro Horquilla Del Mp,1631000000,Ckd,203002,Ckd,NEGRO MATE,CRUDO,UND,True
7700149389709,Respaldo Izq Guia Manguera Mp,1631000000,Ckd,203002,Ckd,NEGRO MATE,CRUDO,UND,True
7700149389716,Respaldo Der Guia Manguera Mp,1631000000,Ckd,203002,Ckd,NEGRO MATE,CRUDO,UND,True
7700149389747,Decorativo Izq Guia Mang Mp,1631000000,Ckd,203002,Ckd,NEGRO MATE,CRUDO,UND,True
7700149389754,Decorativo Der Guia Mang Mp,1631000000,Ckd,203002,Ckd,NEGRO MATE,CRUDO,UND,True
7700149389761,Soporte Guia Manguera Mp,1631000009,Partes Pequeñas,203002,Ckd,NEGRO MATE,CRUDO,UND,True
7700149389778,Cubierta Lateral Izq 500DS Mp,1631000000,Ckd,203002,Ckd,NEGRO MATE,CRUDO,UND,True
7700149389785,Arandela Presion D6 Mp,1631000009,Partes Pequeñas,203002,Ckd,NEGRO MATE,CRUDO,UND,True
7700149389792,Tornillo Hex M8x40 Mp,1631000009,Partes Pequeñas,203002,Ckd,NEGRO MATE,CRUDO,UND,True
7700149389808,Tor Hex Socket M5x25 Mp,1631000009,Partes Pequeñas,203002,Ckd,NEGRO MATE,CRUDO,UND,True
7700149389815,Tor Hex Socket M10x20 Mp,1631000009,Partes Pequeñas,203002,Ckd,NEGRO MATE,CRUDO,UND,True
7700149389822,Tuerca Hex Torq M6 Mp,1631000009,Partes Pequeñas,203002,Ckd,NEGRO MATE,CRUDO,UND,True
7700149389839,Tuerca Seg M20x1.5 Mp,1631000009,Partes Pequeñas,203002,Ckd,NEGRO MATE,CRUDO,UND,True
7700149389846,Chapeta M5 500DS Mp,1631000009,Partes Pequeñas,203002,Ckd,NEGRO MATE,CRUDO,UND,True
7700149389853,Arandela Plana M10x20 Mp,1631000009,Partes Pequeñas,203002,Ckd,NEGRO MATE,CRUDO,UND,True
7700149389860,Portacasco 500DS Mp,1631000000,Ckd,203002,Ckd,NEGRO MATE,CRUDO,UND,True
7700149389877,Buje Campana Galv Q09 Mp,1631000009,Partes Pequeñas,203002,Ckd,NEGRO MATE,CRUDO,UND,True
7700149389884,Tornillo Hex M6x25 Mp,1631000009,Partes Pequeñas,203002,Ckd,NEGRO MATE,CRUDO,UND,True
7700149389891,Arandela Presion D4 Mp,1631000009,Partes Pequeñas,203002,Ckd,NEGRO MATE,CRUDO,UND,True
7700149389907,Arandela Presion D8 Mp,1631000009,Partes Pequeñas,203002,Ckd,NEGRO MATE,CRUDO,UND,True
7700149389914,Pasador Horquilla D8 Mp,1631000009,Partes Pequeñas,203002,Ckd,NEGRO MATE,CRUDO,UND,True
7700149389921,Pasador Horquilla D6 Mp,1631000009,Partes Pequeñas,203002,Ckd,NEGRO MATE,CRUDO,UND,True
7700149389938,Pasador Horquilla D10x166 Mp,1631000009,Partes Pequeñas,203002,Ckd,NEGRO MATE,CRUDO,UND,True
7700149389945,Retenedor Tijera 500DS Mp,1631000009,Partes Pequeñas,203002,Ckd,NEGRO MATE,CRUDO,UND,True
7700149389952,TuboEscape 12x18x(73+106+46)Mp,1631000009,Partes Pequeñas,203002,Ckd,NEGRO MATE,CRUDO,UND,True
7700149389976,Buje Campana Galv M6x18x12 Mp,1631000009,Partes Pequeñas,203002,Ckd,NEGRO MATE,CRUDO,UND,True
7700149389990,Tubo Gas 14x(57.5+81.5)Mp,1631000009,Partes Pequeñas,203002,Ckd,NEGRO MATE,CRUDO,UND,True
7700149390002,Soporte Vidrio Cupula 500DS Mp,1631000000,Ckd,203002,Ckd,NEGRO MATE,CRUDO,UND,True
7700149390019,Guardabarro Del Sup 500DS Mp,1631000000,Ckd,203002,Ckd,NEGRO MATE,CRUDO,UND,True
7700149390026,Diagrama Juego Engran 500DS Mp,1631000000,Ckd,203002,Ckd,NEGRO MATE,CRUDO,UND,True
7700149390033,Llenado Refrigerante Izq Mp,1631000000,Ckd,203002,Ckd,NEGRO MATE,CRUDO,UND,True
7700149390040,Llenado Refrigerante Der Mp,1631000000,Ckd,203002,Ckd,NEGRO MATE,CRUDO,UND,True
7700149390057,Diagrama Juego Cilin 500DS Mp,1631000000,Ckd,203002,Ckd,NEGRO MATE,CRUDO,UND,True
7700149390064,Clip Torn Expan Mp,1631000000,Ckd,203002,Ckd,NEGRO MATE,CRUDO,UND,True
7700149390071,Tornillo Hex M10x35 Mp,1631000009,Partes Pequeñas,203002,Ckd,NEGRO MATE,CRUDO,UND,True
7700149390088,Llave ingles Tipo L Cross Mp,1631000000,Ckd,203002,Ckd,NEGRO MATE,CRUDO,UND,True
7700149390095,Tornillo Hex M8x45 Mp,1631000009,Partes Pequeñas,203002,Ckd,NEGRO MATE,CRUDO,UND,True
7700149390125,Cal Adv Tanque Gas 500DS Mp,1631000000,Ckd,203002,Ckd,NEGRO MATE,CRUDO,UND,True
7700149390132,Cal Adv Cambios Motor 500DS Mp,1631000000,Ckd,203002,Ckd,NEGRO MATE,CRUDO,UND,True
7700149390149,Cal Adv Compat Gas 500DS Mp,1631000000,Ckd,203002,Ckd,NEGRO MATE,CRUDO,UND,True
7700149390156,Tornillo Hex M10x30 Mp,1631000009,Partes Pequeñas,203002,Ckd,NEGRO MATE,CRUDO,UND,True
7700149390163,Tornillo Hex M6x55 Mp,1631000009,Partes Pequeñas,203002,Ckd,NEGRO MATE,CRUDO,UND,True
7700149390170,Cubierta Decor Tanq Gas Mp,1631000000,Ckd,203002,Ckd,NEGRO MATE,CRUDO,UND,True
7700149390187,Llave Inglesa 6F Mp,1631000000,Ckd,203002,Ckd,NEGRO MATE,CRUDO,UND,True
7700149456302,Parrilla 500DSX Mp,1631000000,Ckd,203002,Ckd,NEGRO MATE,CRUDO,UND,True
7700149456319,Platina Radiador 500DSX Mp,1631000000,Ckd,203002,Ckd,NEGRO MATE,CRUDO,UND,True
7700149521239,Calco AKT Cola Der DSX525 MP,1632000000,Integracion Nacional,203002,Integración Nacional,NEGRO MATE,CRUDO,UND,True
7700149521246,Calco AKT Cola Izq DSX525 MP,1632000000,Integracion Nacional,203002,Integración Nacional,NEGRO MATE,CRUDO,UND,True
7700149521253,Calco Lat Inf Izq DSX 525 MP,1632000000,Integracion Nacional,203002,Integración Nacional,NEGRO MATE,CRUDO,UND,True
7700149521260,Calco Lat Inf Der DSX 525 MP,1632000000,Integracion Nacional,203002,Integración Nacional,NEGRO MATE,CRUDO,UND,True
7700149521277,Calco DSX 525 Izq MP,1632000000,Integracion Nacional,203002,Integración Nacional,NEGRO MATE,CRUDO,UND,True
7700149521284,Calco DSX 525 Der MP,1632000000,Integracion Nacional,203002,Integración Nacional,NEGRO MATE,CRUDO,UND,True
7700149521291,Calco AKT Lat Izq DSX 525 MP,1632000000,Integracion Nacional,203002,Integración Nacional,NEGRO MATE,CRUDO,UND,True
7700149521307,Calco AKT Lat Der DSX 525 MP,1632000000,Integracion Nacional,203002,Integración Nacional,NEGRO MATE,CRUDO,UND,True
7700149536226,Calco Linea Der DSX 525 MP,1632000000,Integracion Nacional,203002,Integración Nacional,NEGRO MATE,CRUDO,UND,True
7700149536233,Calco Linea Izq DSX 525 MP,1632000000,Integracion Nacional,203002,Integración Nacional,NEGRO MATE,CRUDO,UND,True
7700149549875,Velocimetro 500DSX V2 Mp,1631000000,Ckd,203002,Ckd,NEGRO MATE,CRUDO,UND,True
7700149549936,Caja Herramientas 500DSX V2 Mp,1631000000,Ckd,203002,Ckd,NEGRO MATE,CRUDO,UND,True
7700149587921,Torn Brida 25mm 500DS Mp,1631000009,Partes Pequeñas,203002,Ckd,NEGRO MATE,CRUDO,UND,True
7700149598064,Torn Hex Brida M8x16x8.8 Mp,1631000009,Partes Pequeñas,203002,Ckd,NEGRO MATE,CRUDO,UND,True
7700149689533,Manual Prop Gara DSX525 3*1 Mp,1632000000,Integracion Nacional,203002,Integración Nacional,NEGRO MATE,CRUDO,UND,True
7701023176712,Luz Placa R3 MP,1631000000,Ckd,203002,Ckd,NEGRO MATE,CRUDO,UND,True
7701023379816,Cal Adv Nivel Aceite 180XM Mp,1631000000,Ckd,203002,Ckd,NEGRO MATE,CRUDO,UND,True
7701023379823,Cal Adv Ajuste Cadena 180XM Mp,1631000000,Ckd,203002,Ckd,NEGRO MATE,CRUDO,UND,True
7705946812276,Pin Cotter AK200 Mp,1631000009,Partes Pequeñas,203002,Ckd,NEGRO MATE,CRUDO,UND,True
7705946986588,Torni Racor Negro M10x19x12 Mp,1631000009,Partes Pequeñas,203002,Ckd,NEGRO MATE,CRUDO,UND,True
7705946987752,Arandela Plana M8x20 300DS Mp,1631000009,Partes Pequeñas,203002,Ckd,NEGRO MATE,CRUDO,UND,True
7700149255721,Calco Rueda Der HNTR Roja Mp,1631000000,Ckd,203002,Ckd,ROJO NEGRO,CRUDO,UND,True
7700149255738,Calco Rueda Izq HNTR Roja Mp,1631000000,Ckd,203002,Ckd,ROJO NEGRO,CRUDO,UND,True
7700149039284,Protector Goma Mp,1631000000,Ckd,203002,Ckd,GRIS,CRUDO,UND,True
7700149042659,Calco Garantía 12/20 3W MP,1632000000,Integracion Nacional,203002,Integración Nacional,GRIS,CRUDO,UND,True
7700149049597,Pito Reversa Mp,1631000008,Sin control PROFIA,203002,Ckd,GRIS,CRUDO,UND,True
7700149123051,Calco Info moto AK200ZW Mp,1632000000,Integracion Nacional,203002,Integración Nacional,GRIS,CRUDO,UND,True
7700149220194,Protector Stop Karguero Mp,1632000000,Integracion Nacional,203002,Integración Nacional,GRIS,CRUDO,UND,True
7700149220279,Protector Farola Karguero Mp,1632000000,Integracion Nacional,203002,Integración Nacional,GRIS,CRUDO,UND,True
7700149323956,Torn Hex M6X25 Mp,1631000009,Partes Pequeñas,203002,Ckd,GRIS,CRUDO,UND,True
7700149323963,Empaq Plano x8 Mp,1631000009,Partes Pequeñas,203002,Ckd,GRIS,CRUDO,UND,True
7700149323970,Empaq Plano x16 Mp,1631000009,Partes Pequeñas,203002,Ckd,GRIS,CRUDO,UND,True
7700149323987,Tuerca M12 Mp,1631000009,Partes Pequeñas,203002,Ckd,GRIS,CRUDO,UND,True
7700149323994,Tuerca M10 Gr 8 Mp,1631000009,Partes Pequeñas,203002,Ckd,GRIS,CRUDO,UND,True
7700149324007,Torn Phil AutoRsc M8X25 Mp,1631000009,Partes Pequeñas,203002,Ckd,GRIS,CRUDO,UND,True
7700149324014,Tuerca M8 Gr 8 Mp,1631000009,Partes Pequeñas,203002,Ckd,GRIS,CRUDO,UND,True
7700149324021,Torn Hex M10X55 Mp,1631000009,Partes Pequeñas,203002,Ckd,GRIS,CRUDO,UND,True
7700149324038,Torn M8X20 Gr 8.8 Mp,1631000009,Partes Pequeñas,203002,Ckd,GRIS,CRUDO,UND,True
7700149324045,Torn M10X65 Gr 10.9 Mp,1631000009,Partes Pequeñas,203002,Ckd,GRIS,CRUDO,UND,True
7700149324052,Torn Hex M6X20 Mp,1631000009,Partes Pequeñas,203002,Ckd,GRIS,CRUDO,UND,True
7700149324069,Empaq Plano x12 Mp,1631000009,Partes Pequeñas,203002,Ckd,GRIS,CRUDO,UND,True
7700149324076,Pin Diam 12 x45 mm Mp,1631000009,Partes Pequeñas,203002,Ckd,GRIS,CRUDO,UND,True
7700149324083,Pin Diam 8 x20 mm Mp,1631000009,Partes Pequeñas,203002,Ckd,GRIS,CRUDO,UND,True
7700149324090,Torn Phil AutoRsc Gr 4.8 Mp,1631000009,Partes Pequeñas,203002,Ckd,GRIS,CRUDO,UND,True
7700149324106,Chapeta M6 20X35 Mp,1631000009,Partes Pequeñas,203002,Ckd,GRIS,CRUDO,UND,True
7700149324113,Torn M10X60 Gr 10.9 Mp,1631000009,Partes Pequeñas,203002,Ckd,GRIS,CRUDO,UND,True
7700149324120,Torn Cab Avllnda M6X12 Mp,1631000009,Partes Pequeñas,203002,Ckd,GRIS,CRUDO,UND,True
7700149324137,Torn M10X150 Gr 10.9 Mp,1631000009,Partes Pequeñas,203002,Ckd,GRIS,CRUDO,UND,True
7700149324144,Torn M8X30 Gr 8.8 Mp,1631000009,Partes Pequeñas,203002,Ckd,GRIS,CRUDO,UND,True
7700149324151,Torn M8X35 Gr 8.8 Mp,1631000009,Partes Pequeñas,203002,Ckd,GRIS,CRUDO,UND,True
7700149324168,Torn M6X65 Gr 8.8 Mp,1631000009,Partes Pequeñas,203002,Ckd,GRIS,CRUDO,UND,True
7700149324175,Torn M8x16 Gr 8.8 Mp,1631000009,Partes Pequeñas,203002,Ckd,GRIS,CRUDO,UND,True
7700149324182,Torn Hex M8X60 Gr10.9 Mp,1631000009,Partes Pequeñas,203002,Ckd,GRIS,CRUDO,UND,True
7700149324205,Torn M6X35 Gr8.8 Mp,1631000009,Partes Pequeñas,203002,Ckd,GRIS,CRUDO,UND,True
7700149324212,Torn M6X30 Gr8.8 Mp,1631000009,Partes Pequeñas,203002,Ckd,GRIS,CRUDO,UND,True
7700149324229,Torn M6X20 Gr8.8 Mp,1631000009,Partes Pequeñas,203002,Ckd,GRIS,CRUDO,UND,True
7700149324236,Torn M6X16 Gr8.8 Mp,1631000009,Partes Pequeñas,203002,Ckd,GRIS,CRUDO,UND,True
7700149324243,Torn Hex M8x95 Gr 10.9 Gr Mp,1631000009,Partes Pequeñas,203002,Ckd,GRIS,CRUDO,UND,True
7700149324250,Tuerca M16 Mp,1631000009,Partes Pequeñas,203002,Ckd,GRIS,CRUDO,UND,True
7700149324267,Tuerca M6 Gr 8 Mp,1631000009,Partes Pequeñas,203002,Ckd,GRIS,CRUDO,UND,True
7700149324274,Torn M8X40 Gr 8.8 Mp,1631000009,Partes Pequeñas,203002,Ckd,GRIS,CRUDO,UND,True
7700149324281,Empaq Plan Grand X8 Mp,1631000009,Partes Pequeñas,203002,Ckd,GRIS,CRUDO,UND,True
7700149324298,Empaq Plano x10 Mp,1631000009,Partes Pequeñas,203002,Ckd,GRIS,CRUDO,UND,True
7700149324304,Empaq Plan Grand X6 Mp,1631000009,Partes Pequeñas,203002,Ckd,GRIS,CRUDO,UND,True
7700149324311,Empaq Plano x6 Mp,1631000009,Partes Pequeñas,203002,Ckd,GRIS,CRUDO,UND,True
7700149324328,Guasa M16 Mp,1631000009,Partes Pequeñas,203002,Ckd,GRIS,CRUDO,UND,True
7700149324335,Guasa M12 Mp,1631000009,Partes Pequeñas,203002,Ckd,GRIS,CRUDO,UND,True
7700149324342,Guasa M10 Mp,1631000009,Partes Pequeñas,203002,Ckd,GRIS,CRUDO,UND,True
7700149324359,Guasa M8 Mp,1631000009,Partes Pequeñas,203002,Ckd,GRIS,CRUDO,UND,True
7700149324366,Guasa M6 Mp,1631000009,Partes Pequeñas,203002,Ckd,GRIS,CRUDO,UND,True
7700149324373,Pin Chavet 2.5X30 Mp,1631000009,Partes Pequeñas,203002,Ckd,GRIS,CRUDO,UND,True
7700149324380,Torn Hex Seg M12X105 Mp,1631000009,Partes Pequeñas,203002,Ckd,GRIS,CRUDO,UND,True
7700149324397,Torn M10X30 Mp,1631000009,Partes Pequeñas,203002,Ckd,GRIS,CRUDO,UND,True
7700149344531,Soporte Motor Principal 3W Mp,1631000008,Sin control PROFIA,203002,Ckd,GRIS,CRUDO,UND,True
7700149400398,Switche Reversa 3W Mp,1631000009,Partes Pequeñas,203002,Ckd,GRIS,CRUDO,UND,True
7700149432368,Torn Hex M8x30 Gr10.9 Mp,1631000009,Partes Pequeñas,203002,Ckd,GRIS,CRUDO,UND,True
7700149495288,Ensamble Rueda Motocarro Mp,1631000008,Sin control PROFIA,203002,Ckd,GRIS,CRUDO,UND,True
7700149534604,Diferencial Motocarro V2 Mp,1631000008,Sin control PROFIA,203002,Ckd,GRIS,CRUDO,UND,True
7700149578639,Arandela Plana Galva 6f 3WC Mp,1631000009,Partes Pequeñas,203002,Ckd,GRIS,CRUDO,UND,True
7701023511032,Platina Advertenci Carga 3W Mp,1632000000,Integracion Nacional,203002,Integración Nacional,GRIS,CRUDO,UND,True
7705946376105,Bomba Freno Mp,1631000008,Sin control PROFIA,203002,Ckd,GRIS,CRUDO,UND,True
7705946376112,Amortiguador Derecho PF,1631000007,Control profia,203002,Ckd,GRIS,CRUDO,UND,True
7705946376129,Amortiguador Izquierdo PF,1631000007,Control profia,203002,Ckd,GRIS,CRUDO,UND,True
7705946376136,Platina U Mp,1631000008,Sin control PROFIA,203002,Ckd,GRIS,CRUDO,UND,True
7705946376143,Platinas de Muelles MP,1631000008,Sin control PROFIA,203002,Ckd,GRIS,CRUDO,UND,True
7705946376150,Tensor Barra Eje Mp,1631000008,Sin control PROFIA,203002,Ckd,GRIS,CRUDO,UND,True
7705946376167,Amortiguador Tras Hidra PF,1631000007,Control profia,203002,Ckd,GRIS,CRUDO,UND,True
7705946376174,Caliper Delan Moto Carro PF,1631000007,Control profia,203002,Ckd,GRIS,CRUDO,UND,True
7705946376181,Disco Freno Del Motocarro PF,1631000007,Control profia,203002,Ckd,GRIS,CRUDO,UND,True
7705946376198,Guardab Acero Lam Motocarro PF,1631000007,Control profia,203002,Ckd,GRIS,CRUDO,UND,True
7705946376204,Suspensión Telesc Delan  PF,1631000007,Control profia,203002,Ckd,GRIS,CRUDO,UND,True
7705946376211,Palanca Diferencial Mp,1631000008,Sin control PROFIA,203002,Ckd,GRIS,CRUDO,UND,True
7705946376228,Soporte Freno De Mano Mp,1631000008,Sin control PROFIA,203002,Ckd,GRIS,CRUDO,UND,True
7705946376235,Freno De Emergencia Mp,1631000008,Sin control PROFIA,203002,Ckd,GRIS,CRUDO,UND,True
7705946376242,Barra Estabilizad Motocarro PF,1631000007,Control profia,203002,Ckd,GRIS,CRUDO,UND,True
7705946376259,Soporte De Farola Mp,1631000008,Sin control PROFIA,203002,Ckd,GRIS,CRUDO,UND,True
7705946376266,Manguera Hidraulic De Freno Mp,1631000008,Sin control PROFIA,203002,Ckd,GRIS,CRUDO,UND,True
7705946376273,Union Hidraulica En T Mp,1631000008,Sin control PROFIA,203002,Ckd,GRIS,CRUDO,UND,True
7705946376280,Carburador  Motocarga  PF,1631000007,Control profia,203002,Ckd,GRIS,CRUDO,UND,True
7705946376297,Motor Combus Int 4T Motocar PF,1631000002,Materia Prima Motor,203002,Ckd,GRIS,CRUDO,UND,True
7705946376303,Manguera Filtro De Aire I Mp,1631000008,Sin control PROFIA,203002,Ckd,GRIS,CRUDO,UND,True
7705946376334,Recuperador Gases Mp,1631000008,Sin control PROFIA,203002,Ckd,GRIS,CRUDO,UND,True
7705946376341,Manguera Recta Mp,1631000008,Sin control PROFIA,203002,Ckd,GRIS,CRUDO,UND,True
7705946376358,Caja Reversa Mp,1631000008,Sin control PROFIA,203002,Ckd,GRIS,CRUDO,UND,True
7705946376365,Cardan Diferencial MotocarroPF,1631000007,Control profia,203002,Ckd,GRIS,CRUDO,UND,True
7705946376372,Posapie Izquierdo Mp,1631000008,Sin control PROFIA,203002,Ckd,GRIS,CRUDO,UND,True
7705946376389,Posapie Derecho Mp,1631000008,Sin control PROFIA,203002,Ckd,GRIS,CRUDO,UND,True
7705946376396,Cuenta Kilom Plas Motocarro PF,1631000007,Control profia,203002,Ckd,GRIS,CRUDO,UND,True
7705946376402,Crank Mp,1631000008,Sin control PROFIA,203002,Ckd,GRIS,CRUDO,UND,True
7705946376419,Pedal Cambios Mp,1631000008,Sin control PROFIA,203002,Ckd,GRIS,CRUDO,UND,True
7705946376426,Palanaca De Reversa Mp,1631000008,Sin control PROFIA,203002,Ckd,GRIS,CRUDO,UND,True
7705946376433,Contenedor Plas Admi Motoca PF,1631000007,Control profia,203002,Ckd,GRIS,CRUDO,UND,True
7705946376464,Resorte Soporte Motor Mp,1631000008,Sin control PROFIA,203002,Ckd,GRIS,CRUDO,UND,True
7705946376471,Tuerca De Mofle Mp,1631000008,Sin control PROFIA,203002,Ckd,GRIS,CRUDO,UND,True
7705946376488,Empaque Mofle Delantero Mp,1631000008,Sin control PROFIA,203002,Ckd,GRIS,CRUDO,UND,True
7705946376495,Abrazadera Delante De Mofle Mp,1631000008,Sin control PROFIA,203002,Ckd,GRIS,CRUDO,UND,True
7705946376501,Resorte Conector Del Mofle Mp,1631000008,Sin control PROFIA,203002,Ckd,GRIS,CRUDO,UND,True
7705946376518,Torn Cam Cue Trop M10*55*14 Mp,1631000008,Sin control PROFIA,203002,Ckd,GRIS,CRUDO,UND,True
7705946376525,Empáque Mofle Trasero Mp,1631000008,Sin control PROFIA,203002,Ckd,GRIS,CRUDO,UND,True
7705946376532,Caucho Soporte Mofle Mp,1631000008,Sin control PROFIA,203002,Ckd,GRIS,CRUDO,UND,True
7705946376549,Soporte En C Mofle Mp,1631000008,Sin control PROFIA,203002,Ckd,GRIS,CRUDO,UND,True
7705946376556,Soporte Trasero Del Mofle Mp,1631000008,Sin control PROFIA,203002,Ckd,GRIS,CRUDO,UND,True
7705946376563,Platina Switche De Reversa Mp,1631000008,Sin control PROFIA,203002,Ckd,GRIS,CRUDO,UND,True
7705946376570,Platina De Caja Filtro Mp,1631000008,Sin control PROFIA,203002,Ckd,GRIS,CRUDO,UND,True
7705946376587,Resorte  Switche De Reversa Mp,1631000008,Sin control PROFIA,203002,Ckd,GRIS,CRUDO,UND,True
7705946376594,Bateria Mp,1631000008,Sin control PROFIA,203002,Ckd,GRIS,CRUDO,UND,True
7705946376600,Farola Cent Delan Motocarro PF,1631000007,Control profia,203002,Ckd,GRIS,CRUDO,UND,True
7705946376617,Comando Izquierdo Motocarro PF,1631000007,Control profia,203002,Ckd,GRIS,CRUDO,UND,True
7705946376624,Comando Derecho Motocarro PF,1631000007,Control profia,203002,Ckd,GRIS,CRUDO,UND,True
7705946376631,Direccional Izquierda Mp,1631000008,Sin control PROFIA,203002,Ckd,GRIS,CRUDO,UND,True
7705946376648,Direccional Derecha Mp,1631000008,Sin control PROFIA,203002,Ckd,GRIS,CRUDO,UND,True
7705946376655,Soporte Retrovisor Derecho Mp,1631000008,Sin control PROFIA,203002,Ckd,GRIS,CRUDO,UND,True
7705946376662,Leva Clutch Mp,1631000008,Sin control PROFIA,203002,Ckd,GRIS,CRUDO,UND,True
7705946376679,Manilar Izquierdo Mp,1631000008,Sin control PROFIA,203002,Ckd,GRIS,CRUDO,UND,True
7705946376686,Manilar Derecho Mp,1631000008,Sin control PROFIA,203002,Ckd,GRIS,CRUDO,UND,True
7705946376693,Regulador Rec Vol Motocarro PF,1631000007,Control profia,203002,Ckd,GRIS,CRUDO,UND,True
7705946376709,Relay Arranque Motocarro PF,1631000007,Control profia,203002,Ckd,GRIS,CRUDO,UND,True
7705946376716,Bobina Pulsadora Mp,1631000008,Sin control PROFIA,203002,Ckd,GRIS,CRUDO,UND,True
7705946376723,Flasher Mp,1631000008,Sin control PROFIA,203002,Ckd,GRIS,CRUDO,UND,True
7705946376730,CDI Motocarro PF,1631000007,Control profia,203002,Ckd,GRIS,CRUDO,UND,True
7705946376747,Pito Para Motocarro PF,1631000007,Control profia,203002,Ckd,GRIS,CRUDO,UND,True
7705946376754,Reflectante Lat DerMotocarroPF,1631000007,Control profia,203002,Ckd,GRIS,CRUDO,UND,True
7705946376761,Reflectante Lat IzqMotocarroPF,1631000007,Control profia,203002,Ckd,GRIS,CRUDO,UND,True
7705946376778,Trompo Freno y Masa Sis ElecMp,1631000008,Sin control PROFIA,203002,Ckd,GRIS,CRUDO,UND,True
7705946376785,Pasacable Guardabarro Mp,1631000008,Sin control PROFIA,203002,Ckd,GRIS,CRUDO,UND,True
7705946376792,Pasacable Ramal Mp,1631000008,Sin control PROFIA,203002,Ckd,GRIS,CRUDO,UND,True
7705946376808,Caucho Protector Ramal Mp,1631000008,Sin control PROFIA,203002,Ckd,GRIS,CRUDO,UND,True
7705946376815,Abrazaderas Plasticas Mp,1631000008,Sin control PROFIA,203002,Ckd,GRIS,CRUDO,UND,True
7705946376839,Antivibrante Bateria Mp,1631000008,Sin control PROFIA,203002,Ckd,GRIS,CRUDO,UND,True
7705946376846,Kit Suiche Mp,1631000008,Sin control PROFIA,203002,Ckd,GRIS,CRUDO,UND,True
7705946376853,Herramienta 22-24 Mp,1631000008,Sin control PROFIA,203002,Ckd,GRIS,CRUDO,UND,True
7705946376860,Soporte Llanta Respuesto Mp,1631000008,Sin control PROFIA,203002,Ckd,GRIS,CRUDO,UND,True
7705946376877,Herramientas Mp,1631000008,Sin control PROFIA,203002,Ckd,GRIS,CRUDO,UND,True
7705946376884,Gato de Mano Mp,1631000008,Sin control PROFIA,203002,Ckd,GRIS,CRUDO,UND,True
7705946376891,Herramienta de Freno Mp,1631000008,Sin control PROFIA,203002,Ckd,GRIS,CRUDO,UND,True
7705946376907,Platina Luz Placa Mp,1631000008,Sin control PROFIA,203002,Ckd,GRIS,CRUDO,UND,True
7705946376914,Luz Placa Mp,1631000008,Sin control PROFIA,203002,Ckd,GRIS,CRUDO,UND,True
7705946376921,Espuma Antivibrante Mp,1631000008,Sin control PROFIA,203002,Ckd,GRIS,CRUDO,UND,True
7705946376945,Caucho Antivibrante Silla Mp,1631000008,Sin control PROFIA,203002,Ckd,GRIS,CRUDO,UND,True
7705946376952,Caucho Antivibrante Puerta Mp,1631000008,Sin control PROFIA,203002,Ckd,GRIS,CRUDO,UND,True
7705946376969,Cauchos Tapas Laterales Mp,1631000008,Sin control PROFIA,203002,Ckd,GRIS,CRUDO,UND,True
7705946376976,Caucho Soporte Tanque Mp,1631000008,Sin control PROFIA,203002,Ckd,GRIS,CRUDO,UND,True
7705946376983,Llave Gasolina Mp,1631000008,Sin control PROFIA,203002,Ckd,GRIS,CRUDO,UND,True
7705946376990,Filtro Gasolina Mp,1631000008,Sin control PROFIA,203002,Ckd,GRIS,CRUDO,UND,True
7705946377003,Mnguera 4x8 Mp,1631000008,Sin control PROFIA,203002,Ckd,GRIS,CRUDO,UND,True
7705946377010,Abraza Tropicaliza M7.5*9*8 Mp,1631000008,Sin control PROFIA,203002,Ckd,GRIS,CRUDO,UND,True
7705946377027,Manguera Desfogue Tanque Mp,1631000008,Sin control PROFIA,203002,Ckd,GRIS,CRUDO,UND,True
7705946377034,Abraza Metal Trop M12*14*10 Mp,1631000008,Sin control PROFIA,203002,Ckd,GRIS,CRUDO,UND,True
7705946377041,Chapa Volco Mp,1631000008,Sin control PROFIA,203002,Ckd,GRIS,CRUDO,UND,True
7705946377058,Buje Campana Trop M8*20*30 Mp,1631000008,Sin control PROFIA,203002,Ckd,GRIS,CRUDO,UND,True
7705946377072,Platina Tapa Lateral Mp,1631000008,Sin control PROFIA,203002,Ckd,GRIS,CRUDO,UND,True
7705946377119,Guardab Trase Parte Delante Mp,1631000008,Sin control PROFIA,203002,Ckd,GRIS,CRUDO,UND,True
7705946377126,Guardab Trase Parte Trasera Mp,1631000008,Sin control PROFIA,203002,Ckd,GRIS,CRUDO,UND,True
7705946377133,Caucho Antivibrante Volco Mp,1631000008,Sin control PROFIA,203002,Ckd,GRIS,CRUDO,UND,True
7705946377140,Gato Volco Hidraulico Izq Mp,1631000008,Sin control PROFIA,203002,Ckd,GRIS,CRUDO,UND,True
7705946377157,Gato Volco Hidraulico Der Mp,1631000008,Sin control PROFIA,203002,Ckd,GRIS,CRUDO,UND,True
7705946377164,Tapon Lujo Rin Mp,1631000008,Sin control PROFIA,203002,Ckd,GRIS,CRUDO,UND,True
7705946377171,Retrovisor Izq Motocarro PF,1631000007,Control profia,203002,Ckd,GRIS,CRUDO,UND,True
7705946377188,Retrovisor Der Motocarro PF,1631000007,Control profia,203002,Ckd,GRIS,CRUDO,UND,True
7705946377195,Caja De Herramienta Mp,1631000008,Sin control PROFIA,203002,Ckd,GRIS,CRUDO,UND,True
7705946377201,Instalacion Elect Motocarro PF,1631000007,Control profia,203002,Ckd,GRIS,CRUDO,UND,True
7705946377218,Velocimetro Motocarro PF,1631000007,Control profia,203002,Ckd,GRIS,CRUDO,UND,True
7705946377225,ReflecLuz Tra InFreGiroMotocPF,1631000007,Control profia,203002,Ckd,GRIS,CRUDO,UND,True
7705946377232,Guaya Choke Motocarro PF,1631000007,Control profia,203002,Ckd,GRIS,CRUDO,UND,True
7705946377249,Guaya Acelerador Motocarro PF,1631000007,Control profia,203002,Ckd,GRIS,CRUDO,UND,True
7705946377256,Guaya Clutch Motocarro PF,1631000007,Control profia,203002,Ckd,GRIS,CRUDO,UND,True
7705946377263,Guaya Emergencia Motocarro PF,1631000007,Control profia,203002,Ckd,GRIS,CRUDO,UND,True
7705946377270,Guaya Difer Asist Motocarro PF,1631000007,Control profia,203002,Ckd,GRIS,CRUDO,UND,True
7705946377287,Barra Eje Tensora Mp,1631000008,Sin control PROFIA,203002,Ckd,GRIS,CRUDO,UND,True
7705946377294,Tubo Liq Fre 540MM MotocarroPF,1631000007,Control profia,203002,Ckd,GRIS,CRUDO,UND,True
7705946377300,Tubo liq Fre 1400MM Motocar PF,1631000007,Control profia,203002,Ckd,GRIS,CRUDO,UND,True
7705946377317,Tubo Liqui Fre 2200MM MotocaPF,1631000007,Control profia,203002,Ckd,GRIS,CRUDO,UND,True
7705946377324,Soporte Motor Inferior Mp,1631000008,Sin control PROFIA,203002,Ckd,GRIS,CRUDO,UND,True
7705946377348,Curva De Mofle Mp,1631000008,Sin control PROFIA,203002,Ckd,GRIS,CRUDO,UND,True
7705946377355,Mofle Motocarro Mp,1631000008,Sin control PROFIA,203002,Ckd,GRIS,CRUDO,UND,True
7705946377362,Manubrio Motocarro PF,1631000007,Control profia,203002,Ckd,GRIS,CRUDO,UND,True
7705946377379,Asiento En Espuma Motocarro PF,1631000007,Control profia,203002,Ckd,GRIS,CRUDO,UND,True
7705946377393,Muelle Susp Tras Motocarro PF,1631000007,Control profia,203002,Ckd,GRIS,CRUDO,UND,True
7705946377416,Planchon Volco Motocarro PF,1631000007,Control profia,203002,Ckd,GRIS,CRUDO,UND,True
7705946377423,Tapa Delant Volvo Motocarro PF,1631000007,Control profia,203002,Ckd,GRIS,CRUDO,UND,True
7705946377430,Tapa Lat Izq Volvo MotocarroPF,1631000007,Control profia,203002,Ckd,GRIS,CRUDO,UND,True
7705946377447,Tapa Lat Der Volvo MotocarroPF,1631000007,Control profia,203002,Ckd,GRIS,CRUDO,UND,True
7705946377454,Tapa Trasera Volco MotocarroPF,1631000007,Control profia,203002,Ckd,GRIS,CRUDO,UND,True
7705946378086,Abraz Meta Trop M14.5*16*12 Mp,1631000008,Sin control PROFIA,203002,Ckd,GRIS,CRUDO,UND,True
7705946378093,Abraz Meta Trop M15.5*17*10 Mp,1631000008,Sin control PROFIA,203002,Ckd,GRIS,CRUDO,UND,True
7705946378116,Caucho Tanque Combustible 1 Mp,1631000008,Sin control PROFIA,203002,Ckd,GRIS,CRUDO,UND,True
7705946378123,Caucho Tanque Combustible 2 Mp,1631000008,Sin control PROFIA,203002,Ckd,GRIS,CRUDO,UND,True
7705946378130,Caucho Tope Compuerta 1 Mp,1631000008,Sin control PROFIA,203002,Ckd,GRIS,CRUDO,UND,True
7705946378147,Caucho Tope Compuerta 2 Mp,1631000008,Sin control PROFIA,203002,Ckd,GRIS,CRUDO,UND,True
7705946378154,Tapones Caucho Chasis 40x60 Mp,1631000008,Sin control PROFIA,203002,Ckd,GRIS,CRUDO,UND,True
7705946378178,Tornilleria Volco Mp,1631000008,Sin control PROFIA,203002,Ckd,GRIS,CRUDO,UND,True
7705946378192,Caja Bateria Para MotocarroPF,1631000007,Control profia,203002,Ckd,GRIS,CRUDO,UND,True
7705946378444,Caucho De Mofle1 Mp,1631000008,Sin control PROFIA,203002,Ckd,GRIS,CRUDO,UND,True
7705946385251,Cable Velocimetro Motocarro Mp,1631000008,Sin control PROFIA,203002,Ckd,GRIS,CRUDO,UND,True
7705946715416,Platina logo/marca 3W MP,1632000000,Integracion Nacional,203002,Integración Nacional,GRIS,CRUDO,UND,True
7705946739641,Calco FAC 3W Mp,1632000000,Integracion Nacional,203002,Integración Nacional,GRIS,CRUDO,UND,True
7705946872331,Calco Karguero 3W Mp,1632000000,Integracion Nacional,203002,Integración Nacional,GRIS,CRUDO,UND,True
7705946901499,Carpa Motocarro 2022 MP,1632000000,Integracion Nacional,203002,Integración Nacional,GRIS,CRUDO,UND,True
7705946909693,Tap Lateral Izq Motoca Gris PF,1631000007,Control profia,203002,Ckd,GRIS,CRUDO,UND,True
7705946909709,Tap Lateral Der Motoca Gris PF,1631000007,Control profia,203002,Ckd,GRIS,CRUDO,UND,True
7705946958134,Adhesivo Volco 3W Mp,1631000008,Sin control PROFIA,203002,Ckd,GRIS,CRUDO,UND,True
7705946958141,Caucho Antivibrante Silla 2 Mp,1631000000,Ckd,203002,Ckd,GRIS,CRUDO,UND,True
7705946979092,Calco Tap Lat Izq 3W200 Mp,1631000008,Sin control PROFIA,203002,Ckd,GRIS,CRUDO,UND,True
7705946979108,Calco Tap Lat Der 3W200 Mp,1631000008,Sin control PROFIA,203002,Ckd,GRIS,CRUDO,UND,True
7705946979115,Calco Dura Power 3W Mp,1631000008,Sin control PROFIA,203002,Ckd,GRIS,CRUDO,UND,True
7705946979122,Calco Indicador Aceite 3W Mp,1631000008,Sin control PROFIA,203002,Ckd,GRIS,CRUDO,UND,True
7700149122788,Calco Info moto Flex Mp,1632000000,Integracion Nacional,203002,Integración Nacional,GRIS MATE,CRUDO,UND,True
7700149169769,Sillín Confort Flex  Mp,1632000000,Integracion Nacional,203002,Integración Nacional,GRIS MATE,CRUDO,UND,True
7700149236720,Freno Del Flex Mp,1631000000,Ckd,203002,Ckd,GRIS MATE,CRUDO,UND,True
7700149325394,Cdi 125W V2 Mp,1631000000,Ckd,203002,Ckd,GRIS MATE,CRUDO,UND,True
7700149325400,Pasacable Cable Metalico Mp,1631000000,Ckd,203002,Ckd,GRIS MATE,CRUDO,UND,True
7700149325417,Pasacable Cable Mang Freno Mp,1631000000,Ckd,203002,Ckd,GRIS MATE,CRUDO,UND,True
7700149325424,Resorte Varilla Freno Tras Mp,1631000009,Partes Pequeñas,203002,Ckd,GRIS MATE,CRUDO,UND,True
7700149325431,Media Luna Gat Cent Flex V2 Mp,1631000000,Ckd,203002,Ckd,GRIS MATE,CRUDO,UND,True
7700149325448,Disco Freno Del Flex Mp,1631000000,Ckd,203002,Ckd,GRIS MATE,CRUDO,UND,True
7700149325455,Pedal Freno Tras Flex Mp,1631000000,Ckd,203002,Ckd,GRIS MATE,CRUDO,UND,True
7700149334082,Posapie Del Cto FLEX V3 Mp,1631000000,Ckd,203002,Ckd,GRIS MATE,CRUDO,UND,True
7700149345736,Farola Completa FLEX V2 Mp,1631000000,Ckd,203002,Ckd,GRIS MATE,CRUDO,UND,True
7700149345743,Stop 125 FLEX Mp,1631000000,Ckd,203002,Ckd,GRIS MATE,CRUDO,UND,True
7700149353229,Pasacable Plastic Doble 125 Mp,1631000009,Partes Pequeñas,203002,Ckd,GRIS MATE,CRUDO,UND,True
7700149376976,Rueda Completa Delantera Mp,1631000000,Ckd,203002,Ckd,GRIS MATE,CRUDO,UND,True
7700149377140,Rueda Completa Trasera Mp,1631000000,Ckd,203002,Ckd,GRIS MATE,CRUDO,UND,True
7700149393690,Gato Lateral Flex CBS MP,1632000000,Integracion Nacional,203002,Integración Nacional,GRIS MATE,CRUDO,UND,True
7700149440073,Calco Frontal Azul Flex Mp,1632000000,Integracion Nacional,203002,Integración Nacional,GRIS MATE,CRUDO,UND,True
7700149440080,Calco Izq Flex Mp,1632000000,Integracion Nacional,203002,Integración Nacional,GRIS MATE,CRUDO,UND,True
7700149440097,Calco Der Flex Mp,1632000000,Integracion Nacional,203002,Integración Nacional,GRIS MATE,CRUDO,UND,True
7700149440103,Calco farola Izq Azul Flex Mp,1632000000,Integracion Nacional,203002,Integración Nacional,GRIS MATE,CRUDO,UND,True
7700149440110,Calco farola Der Azul Flex Mp,1632000000,Integracion Nacional,203002,Integración Nacional,GRIS MATE,CRUDO,UND,True
7700149440127,Calco Lat Izq Azul Flex Mp,1632000000,Integracion Nacional,203002,Integración Nacional,GRIS MATE,CRUDO,UND,True
7700149440134,Calco Lat Der Azul Flex Mp,1632000000,Integracion Nacional,203002,Integración Nacional,GRIS MATE,CRUDO,UND,True
7700149440141,Calco 125 Izq Azul Flex Mp,1632000000,Integracion Nacional,203002,Integración Nacional,GRIS MATE,CRUDO,UND,True
7700149440158,Calco 125 Der Azul Flex Mp,1632000000,Integracion Nacional,203002,Integración Nacional,GRIS MATE,CRUDO,UND,True
7700149440165,Calco CBS Izq Azul Flex Mp,1632000000,Integracion Nacional,203002,Integración Nacional,GRIS MATE,CRUDO,UND,True
7700149440172,Calco CBS Der Azul Flex Mp,1632000000,Integracion Nacional,203002,Integración Nacional,GRIS MATE,CRUDO,UND,True
7700149440189,Calco AKT Izq Azul Flex Mp,1632000000,Integracion Nacional,203002,Integración Nacional,GRIS MATE,CRUDO,UND,True
7700149440196,Calco AKT Der Azul Flex Mp,1632000000,Integracion Nacional,203002,Integración Nacional,GRIS MATE,CRUDO,UND,True
7700149546188,Manual CBS Flex 3*1Mp,1632000000,Integracion Nacional,203002,Integración Nacional,GRIS MATE,CRUDO,UND,True
7700149563697,Velocímetro Digital 125FLEX Mp,1631000000,Ckd,203002,Ckd,GRIS MATE,CRUDO,UND,True
7700149609098,Pesa Manub Der V2 125FLEX Mp,1631000000,Ckd,203002,Ckd,GRIS MATE,CRUDO,UND,True
7700149609104,Pesa Manub Izq V2 125FLEX Mp,1631000000,Ckd,203002,Ckd,GRIS MATE,CRUDO,UND,True
7700149609111,Suspension Izq V2 125FLEX MP,1631000000,Ckd,203002,Ckd,GRIS MATE,CRUDO,UND,True
7700149609128,Suspension Der V2 125FLEX MP,1631000000,Ckd,203002,Ckd,GRIS MATE,CRUDO,UND,True
7700149609135,Amortiguado Tras V2 125FLEX Mp,1631000000,Ckd,203002,Ckd,GRIS MATE,CRUDO,UND,True
7701023070591,Manubrio Flex MP,1632000000,Integracion Nacional,203002,Integración Nacional,GRIS MATE,CRUDO,UND,True
7701023074032,Cauc Ranu M8.5x12x17 Mp,1631000009,Partes Pequeñas,203002,Ckd,GRIS MATE,CRUDO,UND,True
7701023075176,Chapeta Galv M6x19 Mp,1631000009,Partes Pequeñas,203002,Ckd,GRIS MATE,CRUDO,UND,True
7701023075251,Buje Cam Gal M6x18x7 Mp,1631000009,Partes Pequeñas,203002,Ckd,GRIS MATE,CRUDO,UND,True
7701023075374,Torn Gol Gal 3.9x13 Mp,1631000009,Partes Pequeñas,203002,Ckd,GRIS MATE,CRUDO,UND,True
7701023075404,Torn Golo Gal 4.2x16 Mp,1631000009,Partes Pequeñas,203002,Ckd,GRIS MATE,CRUDO,UND,True
7701023075565,Arand Pres Gal M5 Mp,1631000009,Partes Pequeñas,203002,Ckd,GRIS MATE,CRUDO,UND,True
7701023075589,Aran Pres Gal M8x13x2 Mp,1631000009,Partes Pequeñas,203002,Ckd,GRIS MATE,CRUDO,UND,True
7701023075596,Aran Plan Gal M4x12x1 Mp,1631000009,Partes Pequeñas,203002,Ckd,GRIS MATE,CRUDO,UND,True
7701023075602,Aran Plan Gal M6x18x1.2 Mp,1631000009,Partes Pequeñas,203002,Ckd,GRIS MATE,CRUDO,UND,True
7701023075619,Aran Plan Gal M8x24x3 Mp,1631000009,Partes Pequeñas,203002,Ckd,GRIS MATE,CRUDO,UND,True
7701023075626,Aran Plan Gal M5x10x1 Mp,1631000009,Partes Pequeñas,203002,Ckd,GRIS MATE,CRUDO,UND,True
7701023075633,Aran Plan Gal M8x16x1.2 Mp,1631000009,Partes Pequeñas,203002,Ckd,GRIS MATE,CRUDO,UND,True
7701023075657,Tor Est Peq Gal M5x16 Mp,1631000009,Partes Pequeñas,203002,Ckd,GRIS MATE,CRUDO,UND,True
7701023075763,Tuer Cam Estr Gal M6x10x6 Mp,1631000009,Partes Pequeñas,203002,Ckd,GRIS MATE,CRUDO,UND,True
7701023075800,Tue Cam Gal Seg M12x1.25 Mp,1631000009,Partes Pequeñas,203002,Ckd,GRIS MATE,CRUDO,UND,True
7701023075855,Torn Camp Gal M6x12x8 Mp,1631000009,Partes Pequeñas,203002,Ckd,GRIS MATE,CRUDO,UND,True
7701023075862,Torn Camp Galv M6x16x8 Mp,1631000009,Partes Pequeñas,203002,Ckd,GRIS MATE,CRUDO,UND,True
7701023075886,Tor Camp Galv M6x20x8 Mp,1631000009,Partes Pequeñas,203002,Ckd,GRIS MATE,CRUDO,UND,True
7701023075893,Torn Cam Gal M6x25x8 Mp,1631000009,Partes Pequeñas,203002,Ckd,GRIS MATE,CRUDO,UND,True
7701023101899,150 Guia Cable Veloc RTX Mp,1631000000,Ckd,203002,Ckd,GRIS MATE,CRUDO,UND,True
7701023179881,50P Comando Derecho 125W-ll MP,1631000000,Ckd,203002,Ckd,GRIS MATE,CRUDO,UND,True
7701023179980,50P Guia Cabl Choke 125W-ll MP,1631000000,Ckd,203002,Ckd,GRIS MATE,CRUDO,UND,True
7701023179997,50P Leva Choke 125W-ll MP,1631000000,Ckd,203002,Ckd,GRIS MATE,CRUDO,UND,True
7701023180009,50P Switc Camb Luz 125W-ll MP,1631000000,Ckd,203002,Ckd,GRIS MATE,CRUDO,UND,True
7701023180016,50P Switch Direcc 125W-ll MP,1631000000,Ckd,203002,Ckd,GRIS MATE,CRUDO,UND,True
7701023180023,50P Switch Pito 125W-ll MP,1631000000,Ckd,203002,Ckd,GRIS MATE,CRUDO,UND,True
7701023180047,50P Switch Arranque 125W-ll MP,1631000000,Ckd,203002,Ckd,GRIS MATE,CRUDO,UND,True
7701023180092,100G Sensor Veloci 125W-ll MP,1631000000,Ckd,203002,Ckd,GRIS MATE,CRUDO,UND,True
7701023207997,Gato Central Flex Cyclone MP,1632000000,Integracion Nacional,203002,Integración Nacional,GRIS MATE,CRUDO,UND,True
7701023388306,30G Kit Switch 125W Mp,1631000000,Ckd,203002,Ckd,GRIS MATE,CRUDO,UND,True
7701023388382,305 Empaq Mofle 125W Mp,1631000000,Ckd,203002,Ckd,GRIS MATE,CRUDO,UND,True
7701023388405,Pedal Cambios 125W Mp,1631000000,Ckd,203002,Ckd,GRIS MATE,CRUDO,UND,True
7701023388429,Torn Estrel Arand Galv 5x16 Mp,1631000009,Partes Pequeñas,203002,Ckd,GRIS MATE,CRUDO,UND,True
7701023388443,60G Cubta Posapie Der 125W Mp,1631000000,Ckd,203002,Ckd,GRIS MATE,CRUDO,UND,True
7701023388481,Cau Tope Gato Central Mp,1631000009,Partes Pequeñas,203002,Ckd,GRIS MATE,CRUDO,UND,True
7701023388498,Eje Gato Cen Gal M17x140x22 Mp,1631000009,Partes Pequeñas,203002,Ckd,GRIS MATE,CRUDO,UND,True
7701023388504,10G Pospie Tras Izq 125W UL Mp,1631000000,Ckd,203002,Ckd,GRIS MATE,CRUDO,UND,True
7701023388511,10G Pospie Tras Der 125W UL Mp,1631000000,Ckd,203002,Ckd,GRIS MATE,CRUDO,UND,True
7701023388528,60G Cubta Posapie Izq 125W Mp,1631000000,Ckd,203002,Ckd,GRIS MATE,CRUDO,UND,True
7701023388566,60P Deslizador Cadena 125W Mp,1631000000,Ckd,203002,Ckd,GRIS MATE,CRUDO,UND,True
7701023388573,150 Tensor Cadena Izq 125W Mp,1631000000,Ckd,203002,Ckd,GRIS MATE,CRUDO,UND,True
7701023388580,150 Tensor Cadena Der 125W Mp,1631000000,Ckd,203002,Ckd,GRIS MATE,CRUDO,UND,True
7701023388610,Eje Tije Gal 10x279 Mp,1631000009,Partes Pequeñas,203002,Ckd,GRIS MATE,CRUDO,UND,True
7701023388627,60P Chapa Sillin 125W Mp,1631000000,Ckd,203002,Ckd,GRIS MATE,CRUDO,UND,True
7701023388634,25G Agarra Tra Izq 125WUL Mp,1631000000,Ckd,203002,Ckd,GRIS MATE,CRUDO,UND,True
7701023388641,25G Agarra Tra Der 125WUL Mp,1631000000,Ckd,203002,Ckd,GRIS MATE,CRUDO,UND,True
7701023388658,Gabeta Central 125W Mp,1631000000,Ckd,203002,Ckd,GRIS MATE,CRUDO,UND,True
7701023388665,Caucho Ranurado Flex Mp,1631000009,Partes Pequeñas,203002,Ckd,GRIS MATE,CRUDO,UND,True
7701023388672,Bj RecGa LlanDel M12x23x20.5Mp,1631000009,Partes Pequeñas,203002,Ckd,GRIS MATE,CRUDO,UND,True
7701023388689,Torn Con Estr Gal M6x12 Mp,1631000009,Partes Pequeñas,203002,Ckd,GRIS MATE,CRUDO,UND,True
7701023388696,Eje Rue DelGal M12x204x15 Mp,1631000009,Partes Pequeñas,203002,Ckd,GRIS MATE,CRUDO,UND,True
7701023388702,Buj Rect Gal M17x27x17.5 Mp,1631000009,Partes Pequeñas,203002,Ckd,GRIS MATE,CRUDO,UND,True
7701023388719,Bj RecGal LlanTra M12x26x29 Mp,1631000009,Partes Pequeñas,203002,Ckd,GRIS MATE,CRUDO,UND,True
7701023388726,Torn Cam Gal M6x16x8 Mp,1631000009,Partes Pequeñas,203002,Ckd,GRIS MATE,CRUDO,UND,True
7701023388733,Eje Llan Tra Gal M12x222x15 Mp,1631000009,Partes Pequeñas,203002,Ckd,GRIS MATE,CRUDO,UND,True
7701023388757,50P Varilla Freno Cta 125W Mp,1631000000,Ckd,203002,Ckd,GRIS MATE,CRUDO,UND,True
7701023388764,Resorte Gato Central Mp,1631000009,Partes Pequeñas,203002,Ckd,GRIS MATE,CRUDO,UND,True
7701023388795,16G Portaband Tras Cto 125W Mp,1631000000,Ckd,203002,Ckd,GRIS MATE,CRUDO,UND,True
7701023388801,Chape Galv M5x17x11 Flex Mp,1631000009,Partes Pequeñas,203002,Ckd,GRIS MATE,CRUDO,UND,True
7701023388818,Tue Hex Galv M16x23x8 Mp,1631000009,Partes Pequeñas,203002,Ckd,GRIS MATE,CRUDO,UND,True
7701023388832,20G Caren Central 125W Mp,1631000000,Ckd,203002,Ckd,GRIS MATE,CRUDO,UND,True
7701023388856,10G Guardap Int Der 125W Mp,1631000000,Ckd,203002,Ckd,GRIS MATE,CRUDO,UND,True
7701023388863,20G Cola Guardab Del 125W Mp,1631000000,Ckd,203002,Ckd,GRIS MATE,CRUDO,UND,True
7701023388870,Pasacable Guardabarro Del Mp,1631000009,Partes Pequeñas,203002,Ckd,GRIS MATE,CRUDO,UND,True
7701023388887,Cauc Ranu M10x20x8 Mp,1631000009,Partes Pequeñas,203002,Ckd,GRIS MATE,CRUDO,UND,True
7701023388894,Guardab Tras 125W Mp,1631000000,Ckd,203002,Ckd,GRIS MATE,CRUDO,UND,True
7701023388917,10G Cubta Central Der 125W Mp,1631000000,Ckd,203002,Ckd,GRIS MATE,CRUDO,UND,True
7701023388924,Soporte inf Guardap 125W Mp,1631000000,Ckd,203002,Ckd,GRIS MATE,CRUDO,UND,True
7701023388948,20G Tapa Bateria 125W Mp,1631000000,Ckd,203002,Ckd,GRIS MATE,CRUDO,UND,True
7701023388955,5G Horquilla Cta 125W Mp,1631000000,Ckd,203002,Ckd,GRIS MATE,CRUDO,UND,True
7701023388962,150P Pista Direc Sup 125W Mp,1631000000,Ckd,203002,Ckd,GRIS MATE,CRUDO,UND,True
7701023388979,Chap Chin Gal 4.2-17x11 Mp,1631000009,Partes Pequeñas,203002,Ckd,GRIS MATE,CRUDO,UND,True
7701023389020,Buj Coni Gal Man M10x9x21Mp,1631000009,Partes Pequeñas,203002,Ckd,GRIS MATE,CRUDO,UND,True
7701023389105,100G Cable Acelerador 125W Mp,1631000000,Ckd,203002,Ckd,GRIS MATE,CRUDO,UND,True
7701023389112,100G Cable Choke 125W Mp,1631000000,Ckd,203002,Ckd,GRIS MATE,CRUDO,UND,True
7701023389129,65G Bobina Alta 125W Mp,1631000000,Ckd,203002,Ckd,GRIS MATE,CRUDO,UND,True
7701023389143,Relay Arranque 125W Mp,1631000000,Ckd,203002,Ckd,GRIS MATE,CRUDO,UND,True
7701023389167,Resorte Trompo Trasero Mp,1631000009,Partes Pequeñas,203002,Ckd,GRIS MATE,CRUDO,UND,True
7701023389181,100P Pito 125W Mp,1631000000,Ckd,203002,Ckd,GRIS MATE,CRUDO,UND,True
7701023389198,Flasher 125W Mp,1631000000,Ckd,203002,Ckd,GRIS MATE,CRUDO,UND,True
7701023389204,100P Reflec Guarda Tra 125W Mp,1631000000,Ckd,203002,Ckd,GRIS MATE,CRUDO,UND,True
7701023389228,Tor Cam Gal M6x28x8 Flex Mp,1631000009,Partes Pequeñas,203002,Ckd,GRIS MATE,CRUDO,UND,True
7701023389235,Tue Cam Gal Seg M8x12 Mp,1631000009,Partes Pequeñas,203002,Ckd,GRIS MATE,CRUDO,UND,True
7701023389259,Cau Ranur Oval M11x22x11 Mp,1631000009,Partes Pequeñas,203002,Ckd,GRIS MATE,CRUDO,UND,True
7701023389303,Buj Cam Gal M6.5x20x16 Mp,1631000009,Partes Pequeñas,203002,Ckd,GRIS MATE,CRUDO,UND,True
7701023389327,Arand Plan Gal 17x23x1.5 Mp,1631000009,Partes Pequeñas,203002,Ckd,GRIS MATE,CRUDO,UND,True
7701023389334,Chapeta Galv M5x17x11 Mp,1631000009,Partes Pequeñas,203002,Ckd,GRIS MATE,CRUDO,UND,True
7701023389341,Torn Camp Gal M8x25x12 Mp,1631000009,Partes Pequeñas,203002,Ckd,GRIS MATE,CRUDO,UND,True
7701023391733,150P Switch Freno Tras 125W Mp,1631000000,Ckd,203002,Ckd,GRIS MATE,CRUDO,UND,True
7701023399883,Caja Filtro Cta V2 FLEX Mp,1631000000,Ckd,203002,Ckd,GRIS MATE,CRUDO,UND,True
7701023419048,Buje Cam Gal M6x18-4 Mp,1631000009,Partes Pequeñas,203002,Ckd,GRIS MATE,CRUDO,UND,True
7701023419055,Tie-rap 250mm Mp,1631000009,Partes Pequeñas,203002,Ckd,GRIS MATE,CRUDO,UND,True
7701023419062,Calc Secuencia cambios Flex Mp,1631000000,Ckd,203002,Ckd,GRIS MATE,CRUDO,UND,True
7701023419079,Calco Presion Llantas Flex Mp,1631000000,Ckd,203002,Ckd,GRIS MATE,CRUDO,UND,True
7701023419086,Calco Recuerde Flex Mp,1631000000,Ckd,203002,Ckd,GRIS MATE,CRUDO,UND,True
7701023419093,Calco Precaucion Flex Mp,1631000000,Ckd,203002,Ckd,GRIS MATE,CRUDO,UND,True
7701023419109,Calco Atencion Flex Mp,1631000000,Ckd,203002,Ckd,GRIS MATE,CRUDO,UND,True
7701023419116,Buj Cam Gal M6x20x14 Mp,1631000009,Partes Pequeñas,203002,Ckd,GRIS MATE,CRUDO,UND,True
7701023419123,Chapeta Galv M4x15 Mp,1631000009,Partes Pequeñas,203002,Ckd,GRIS MATE,CRUDO,UND,True
7701023730587,Platina Quilla Motor Flex MP,1632000000,Integracion Nacional,203002,Integración Nacional,GRIS MATE,CRUDO,UND,True
7705946155120,Buje Galv Portaprocket Mp,1631000009,Partes Pequeñas,203002,Ckd,GRIS MATE,CRUDO,UND,True
7705946170451,Torn Camp Gal M6x8x8 Mp,1631000009,Partes Pequeñas,203002,Ckd,GRIS MATE,CRUDO,UND,True
7705946170468,Torn Camp Galv M6x12x8 Flex Mp,1631000009,Partes Pequeñas,203002,Ckd,GRIS MATE,CRUDO,UND,True
7705946170475,Tapon Guardabarro Flex Mp,1631000009,Partes Pequeñas,203002,Ckd,GRIS MATE,CRUDO,UND,True
7705946170482,Antivibra Carena Trase Mp,1631000009,Partes Pequeñas,203002,Ckd,GRIS MATE,CRUDO,UND,True
7705946170499,Tuerca Direcc Horq 125W Mp,1631000000,Ckd,203002,Ckd,GRIS MATE,CRUDO,UND,True
7705946170505,Contra Tuerca Horq 125W Mp,1631000000,Ckd,203002,Ckd,GRIS MATE,CRUDO,UND,True
7705946170512,Arandela Horq 125W Mp,1631000000,Ckd,203002,Ckd,GRIS MATE,CRUDO,UND,True
7705946170529,Clip Horq Direcc 125W Mp,1631000000,Ckd,203002,Ckd,GRIS MATE,CRUDO,UND,True
7705946170567,150P Balinera Superior 125W Mp,1631000000,Ckd,203002,Ckd,GRIS MATE,CRUDO,UND,True
7705946170574,150P Balinera Inferior 125W Mp,1631000000,Ckd,203002,Ckd,GRIS MATE,CRUDO,UND,True
7705946170581,50P Protec de Arandela 125W Mp,1631000000,Ckd,203002,Ckd,GRIS MATE,CRUDO,UND,True
7705946170611,Tuer Cupu Gal M8x17x18 Mp,1631000009,Partes Pequeñas,203002,Ckd,GRIS MATE,CRUDO,UND,True
7705946170628,Tor Som Est Gal Acera M4x16 Mp,1631000009,Partes Pequeñas,203002,Ckd,GRIS MATE,CRUDO,UND,True
7705946170673,Aran Plan Cau M6x16x2.5 Mp,1631000009,Partes Pequeñas,203002,Ckd,GRIS MATE,CRUDO,UND,True
7705946170680,Aran Plana Caucho M18x30x5 Mp,1631000009,Partes Pequeñas,203002,Ckd,GRIS MATE,CRUDO,UND,True
7705946170703,Chap Pina Gal 12x24 Mp,1631000009,Partes Pequeñas,203002,Ckd,GRIS MATE,CRUDO,UND,True
7705946170727,Torn Som Estr Gal M5x16 Mp,1631000009,Partes Pequeñas,203002,Ckd,GRIS MATE,CRUDO,UND,True
7705946170734,Torn Som Estr Gal M6x16 Mp,1631000009,Partes Pequeñas,203002,Ckd,GRIS MATE,CRUDO,UND,True
7705946170741,Torn Som Peq Gal Estr M5x16 Mp,1631000009,Partes Pequeñas,203002,Ckd,GRIS MATE,CRUDO,UND,True
7705946170758,Torn Gol Galv 4.2x10 Mp,1631000009,Partes Pequeñas,203002,Ckd,GRIS MATE,CRUDO,UND,True
7705946170765,Torn Golo Gal 4.8x13 Mp,1631000009,Partes Pequeñas,203002,Ckd,GRIS MATE,CRUDO,UND,True
7705946170772,Torn Golo Gal 4.2x16 Mp,1631000009,Partes Pequeñas,203002,Ckd,GRIS MATE,CRUDO,UND,True
7705946170789,Pin Galv 2x20 Mp,1631000009,Partes Pequeñas,203002,Ckd,GRIS MATE,CRUDO,UND,True
7705946170796,Pin Galv 3x37 Mp,1631000009,Partes Pequeñas,203002,Ckd,GRIS MATE,CRUDO,UND,True
7705946170819,Tor Cam Buj Gal M6x17x10 Mp,1631000009,Partes Pequeñas,203002,Ckd,GRIS MATE,CRUDO,UND,True
7705946170826,Aran plan Gal 5x15x1.2 Mp,1631000009,Partes Pequeñas,203002,Ckd,GRIS MATE,CRUDO,UND,True
7705946170833,Aran Plan Gal M10x30x3.5 Mp,1631000009,Partes Pequeñas,203002,Ckd,GRIS MATE,CRUDO,UND,True
7705946170840,Arand Plan Gal M6x12x1 Mp,1631000009,Partes Pequeñas,203002,Ckd,GRIS MATE,CRUDO,UND,True
7705946170857,Tor Estr Peq Gal M5x12 Mp,1631000009,Partes Pequeñas,203002,Ckd,GRIS MATE,CRUDO,UND,True
7705946170864,Torn Cam Gal M8x16x12 Mp,1631000009,Partes Pequeñas,203002,Ckd,GRIS MATE,CRUDO,UND,True
7705946170888,Tue Gal Cupu M10x18x16 Mp,1631000009,Partes Pequeñas,203002,Ckd,GRIS MATE,CRUDO,UND,True
7705946170895,Torn Cam Galv Cuel M10x45x14Mp,1631000009,Partes Pequeñas,203002,Ckd,GRIS MATE,CRUDO,UND,True
7705946170901,Torn Cam Gal M10x35x14 Mp,1631000009,Partes Pequeñas,203002,Ckd,GRIS MATE,CRUDO,UND,True
7705946170918,Tornillo Camp Galv M8x28x12 Mp,1631000009,Partes Pequeñas,203002,Ckd,GRIS MATE,CRUDO,UND,True
7705946170963,Torn Camp Gal M5x16x8 Mp,1631000009,Partes Pequeñas,203002,Ckd,GRIS MATE,CRUDO,UND,True
7705946170970,Torn Camp Galv M6x25x8 Flex Mp,1631000009,Partes Pequeñas,203002,Ckd,GRIS MATE,CRUDO,UND,True
7705946170987,Tornillo Camp Galv M8x35x12 Mp,1631000009,Partes Pequeñas,203002,Ckd,GRIS MATE,CRUDO,UND,True
7705946171007,Torn Cam Gal M6x30x8 Mp,1631000009,Partes Pequeñas,203002,Ckd,GRIS MATE,CRUDO,UND,True
7705946171014,Torn Cam Cuel Galv M10x50x14Mp,1631000009,Partes Pequeñas,203002,Ckd,GRIS MATE,CRUDO,UND,True
7705946171021,Tuer Cam Seg Galv M10x14x10 Mp,1631000009,Partes Pequeñas,203002,Ckd,GRIS MATE,CRUDO,UND,True
7705946171045,Tuer Hex Gal M10x1.25x16 Mp,1631000009,Partes Pequeñas,203002,Ckd,GRIS MATE,CRUDO,UND,True
7705946176033,Buje Soporte Motor Mp,1631000009,Partes Pequeñas,203002,Ckd,GRIS MATE,CRUDO,UND,True
7705946317146,Torn Golo Gal 4.2x13 Mp,1631000009,Partes Pequeñas,203002,Ckd,GRIS MATE,CRUDO,UND,True
7705946341189,Sistema Electrico Flex MP,1632000000,Integracion Nacional,203002,Integración Nacional,GRIS MATE,CRUDO,UND,True
7705946360623,Regulador 125W V2 Mp,1631000000,Ckd,203002,Ckd,GRIS MATE,CRUDO,UND,True
7705946360630,50P Switch Estaciona Flex Mp,1631000000,Ckd,203002,Ckd,GRIS MATE,CRUDO,UND,True
7705946393034,Bateria Gel 12N5-3B 125Flex MP,1631000000,Ckd,203002,Ckd,GRIS MATE,CRUDO,UND,True
7705946464666,10G Cubta Centr Izq 125W V2 Mp,1631000000,Ckd,203002,Ckd,GRIS MATE,CRUDO,UND,True
7705946464673,10G Guardap Int Izq 125W V2 Mp,1631000000,Ckd,203002,Ckd,GRIS MATE,CRUDO,UND,True
7705946561501,Protector Mofle Flex V2 MP,1632000000,Integracion Nacional,203002,Integración Nacional,GRIS MATE,CRUDO,UND,True
7705946575928,9G Cubta Veloc 125W-ll  V2 MP,1631000000,Ckd,203002,Ckd,GRIS MATE,CRUDO,UND,True
7705946575935,Antivibrante 125W-ll 85X3 Mp,1631000000,Ckd,203002,Ckd,GRIS MATE,CRUDO,UND,True
7705946575942,Antivibrante 125W-ll 115x3 Mp,1631000000,Ckd,203002,Ckd,GRIS MATE,CRUDO,UND,True
7705946586443,Guardacadena FLEX Mp,1632000000,Integracion Nacional,203002,Integración Nacional,GRIS MATE,CRUDO,UND,True
7705946695848,100G ConecCarb MotrFlex EIIIMp,1631000000,Ckd,203002,Ckd,GRIS MATE,CRUDO,UND,True
7705946695862,80G Valvula Gases Flex EIII Mp,1631000000,Ckd,203002,Ckd,GRIS MATE,CRUDO,UND,True
7705946695879,50P Sopor Valv Gas FlexEIII Mp,1631000000,Ckd,203002,Ckd,GRIS MATE,CRUDO,UND,True
7705946695886,100P Tubo Cula-Mang FlexMp,1631000000,Ckd,203002,Ckd,GRIS MATE,CRUDO,UND,True
7705946695893,Mang L Corta Valvula Gases Mp,1631000009,Partes Pequeñas,203002,Ckd,GRIS MATE,CRUDO,UND,True
7705946695909,Mangue Recta Delga Torq Mp,1631000009,Partes Pequeñas,203002,Ckd,GRIS MATE,CRUDO,UND,True
7705946695916,305 Empaq Tub Culat Flex Mp,1631000000,Ckd,203002,Ckd,GRIS MATE,CRUDO,UND,True
7705946695923,305 Empa Cula-Valv Gas Flex Mp,1631000000,Ckd,203002,Ckd,GRIS MATE,CRUDO,UND,True
7705946695978,Arand Pres Pav M6x10x2 Mp,1631000009,Partes Pequeñas,203002,Ckd,GRIS MATE,CRUDO,UND,True
7705946695985,Torn Camp Galv Seg M6x12 Mp,1631000009,Partes Pequeñas,203002,Ckd,GRIS MATE,CRUDO,UND,True
7705946695992,Tor Camp Gal M6x28x8 Mp,1631000009,Partes Pequeñas,203002,Ckd,GRIS MATE,CRUDO,UND,True
7705946705264,Mofle Flex EIII Mp,1631000000,Ckd,203002,Ckd,GRIS MATE,CRUDO,UND,True
7705946774802,Aran Plan Gal M10x20x2 Flex Mp,1631000009,Partes Pequeñas,203002,Ckd,GRIS MATE,CRUDO,UND,True
7705946783217,25G Carburador Flex EIII V2 Mp,1631000000,Ckd,203002,Ckd,GRIS MATE,CRUDO,UND,True
7705946784429,50G Visor Frontal 125FLEX Mp,1631000000,Ckd,203002,Ckd,GRIS MATE,CRUDO,UND,True
7705946784436,20G Direc Del Izq FLEX V2 Mp,1631000000,Ckd,203002,Ckd,GRIS MATE,CRUDO,UND,True
7705946784443,20G Direc Del Der FLEX V2 Mp,1631000000,Ckd,203002,Ckd,GRIS MATE,CRUDO,UND,True
7705946798778,Aran Plan Pasta M6x16x2.5 Mp,1631000009,Partes Pequeñas,203002,Ckd,GRIS MATE,CRUDO,UND,True
7705946799003,50G Soprt Caren Pito125FLEX Mp,1631000000,Ckd,203002,Ckd,GRIS MATE,CRUDO,UND,True
7705946838351,40G Set Herramienta Flex Mp,1631000000,Ckd,203002,Ckd,GRIS MATE,CRUDO,UND,True
7705946838481,Mang Larga L Flex Mp,1631000009,Partes Pequeñas,203002,Ckd,GRIS MATE,CRUDO,UND,True
7705946838498,Mang Rect Entrada Aire Flex Mp,1631000009,Partes Pequeñas,203002,Ckd,GRIS MATE,CRUDO,UND,True
7705946879378,Torn Camp Cue Gal M8x115x12 Mp,1631000009,Partes Pequeñas,203002,Ckd,GRIS MATE,CRUDO,UND,True
7705946879385,Torn Cam Gal Cuel M8x102x12 Mp,1631000009,Partes Pequeñas,203002,Ckd,GRIS MATE,CRUDO,UND,True
7705946879392,Torn Camp Galv Cue M8x95x12 Mp,1631000009,Partes Pequeñas,203002,Ckd,GRIS MATE,CRUDO,UND,True
7705946879408,25G Crank FLEX V2 Mp,1631000000,Ckd,203002,Ckd,GRIS MATE,CRUDO,UND,True
7705946982955,Cargador USB Carg Rapi FLEX Mp,1632000000,Integracion Nacional,203002,Integración Nacional,GRIS MATE,CRUDO,UND,True
7705946983006,Tijera Flex Mp,1632000000,Integracion Nacional,203002,Integración Nacional,GRIS MATE,CRUDO,UND,True
7705946995016,16G Sprocket 34T FLEX CKD Mp,1631000000,Ckd,203002,Ckd,GRIS MATE,CRUDO,UND,True
7705946995030,10P Cadna 428Hx102 FLEX CKD Mp,1631000000,Ckd,203002,Ckd,GRIS MATE,CRUDO,UND,True
7705946995238,Motor Flex EIII VIN V2 Mp,1631000002,Materia Prima Motor,203002,Ckd,GRIS MATE,CRUDO,UND,True
7700149248310,Parrilla Maletero Flex Mp,1632000000,Integracion Nacional,203002,Integración Nacional,GRIS MATE,CRUDO,UND,True
7701023208079,Parrilla Babero Flex MP,1632000000,Integracion Nacional,203002,Integración Nacional,GRIS MATE,CRUDO,UND,True
7705946238809,Guardabarro Del Negro FLEX MP,1632000000,Integracion Nacional,203002,Integración Nacional,NEGRO,CRUDO,UND,True
7700149100236,20P Carburador 125NKD V3 Mp,1631000000,Ckd,203002,Ckd,BLANCO,CRUDO,UND,True
7700149100267,40G Soport Faro IZQ 125 NKD Mp,1631000000,Ckd,203002,Ckd,BLANCO,CRUDO,UND,True
7700149100274,Soporte Faro Der 125NKDR V2 Mp,1631000000,Ckd,203002,Ckd,BLANCO,CRUDO,UND,True
7700149100281,10G Velocim Digital NKD V2 Mp,1631000000,Ckd,203002,Ckd,BLANCO,CRUDO,UND,True
7700149100298,104G Sensor Gasolina 125NKD Mp,1631000000,Ckd,203002,Ckd,BLANCO,CRUDO,UND,True
7700149100311,Amortiguador 125NKD V2 Mp,1631000000,Ckd,203002,Ckd,BLANCO,CRUDO,UND,True
7700149100335,10G Posap Del Cto 125NKD V3 Mp,1631000000,Ckd,203002,Ckd,BLANCO,CRUDO,UND,True
7700149107402,Cauchos Campana NKD V2 MP,1632000000,Integracion Nacional,203002,Integración Nacional,BLANCO,CRUDO,UND,True
7700149122849,Calco Info moto NKD Mp,1632000000,Integracion Nacional,203002,Integración Nacional,BLANCO,CRUDO,UND,True
7700149156233,Correa Plastica AK125NKD Mp,1631000009,Partes Pequeñas,203002,Ckd,BLANCO,CRUDO,UND,True
7700149180757,Clip Amortiguador AK125NKDR Mp,1631000009,Partes Pequeñas,203002,Ckd,BLANCO,CRUDO,UND,True
7700149180764,Clip Chasis AK125NKDR Mp,1631000009,Partes Pequeñas,203002,Ckd,BLANCO,CRUDO,UND,True
7700149180771,Tapón AK125NKDR Mp,1631000009,Partes Pequeñas,203002,Ckd,BLANCO,CRUDO,UND,True
7700149203692,200P Tensor Cadena 125NKD Mp,1631000000,Ckd,203002,Ckd,BLANCO,CRUDO,UND,True
7700149244572,Farola Luz Led NKDR Mp,1631000000,Ckd,203002,Ckd,BLANCO,CRUDO,UND,True
7700149274548,Manubrio Aluminio NKD Mp,1632000000,Integracion Nacional,203002,Integración Nacional,BLANCO,CRUDO,UND,True
7700149275088,Sillin confort 2024 NKD MP,1632000000,Integracion Nacional,203002,Integración Nacional,BLANCO,CRUDO,UND,True
7700149275378,Emblema Circular NKD Mp,1632000000,Integracion Nacional,203002,Integración Nacional,BLANCO,CRUDO,UND,True
7700149279017,Calco Rin Blanca NKD Mp,1632000000,Integracion Nacional,203002,Integración Nacional,BLANCO,CRUDO,UND,True
7700149279024,Calco Tras Negro NKD Mp,1632000000,Integracion Nacional,203002,Integración Nacional,BLANCO,CRUDO,UND,True
7700149279031,Calco Lat Izq Negro NKD Mp,1632000000,Integracion Nacional,203002,Integración Nacional,BLANCO,CRUDO,UND,True
7700149279048,Calco Lat Der Negro NKD Mp,1632000000,Integracion Nacional,203002,Integración Nacional,BLANCO,CRUDO,UND,True
7700149279055,Calco Tanque Izq Negro NKD Mp,1632000000,Integracion Nacional,203002,Integración Nacional,BLANCO,CRUDO,UND,True
7700149279062,Calco Tanque Der Negro NKD Mp,1632000000,Integracion Nacional,203002,Integración Nacional,BLANCO,CRUDO,UND,True
7700149289863,Tornill Hex M6X20 Galv Mp,1631000009,Partes Pequeñas,203002,Ckd,BLANCO,CRUDO,UND,True
7700149289870,Torn Camp M8x32 Gal Mp,1631000009,Partes Pequeñas,203002,Ckd,BLANCO,CRUDO,UND,True
7700149289887,Torn Camp M8x25 Gal Mp,1631000009,Partes Pequeñas,203002,Ckd,BLANCO,CRUDO,UND,True
7700149289900,Torn Hex Camp M8x80 Mp,1631000009,Partes Pequeñas,203002,Ckd,BLANCO,CRUDO,UND,True
7700149289924,Torn Camp M8x20 Galv Mp,1631000009,Partes Pequeñas,203002,Ckd,BLANCO,CRUDO,UND,True
7700149289931,Torn Camp M6x10x12 Mp,1631000009,Partes Pequeñas,203002,Ckd,BLANCO,CRUDO,UND,True
7700149289955,Torn Camp M6x10x16 Mp,1631000009,Partes Pequeñas,203002,Ckd,BLANCO,CRUDO,UND,True
7700149289986,Tornill Hex M8x31.5 Mp,1631000009,Partes Pequeñas,203002,Ckd,BLANCO,CRUDO,UND,True
7700149289993,Tornill Hex M10x35 Mp,1631000009,Partes Pequeñas,203002,Ckd,BLANCO,CRUDO,UND,True
7700149290012,Torn M8X35 Galv Mp,1631000009,Partes Pequeñas,203002,Ckd,BLANCO,CRUDO,UND,True
7700149290043,Tornill Hex M6x30 Crom Mp,1631000009,Partes Pequeñas,203002,Ckd,BLANCO,CRUDO,UND,True
7700149290067,Tor Estr M5x12 Galv Mp,1631000009,Partes Pequeñas,203002,Ckd,BLANCO,CRUDO,UND,True
7700149290098,Aran Plan M12x20x3 Gal Mp,1631000009,Partes Pequeñas,203002,Ckd,BLANCO,CRUDO,UND,True
7700149290104,Aran Plan M8x24x2 Gal Mp,1631000009,Partes Pequeñas,203002,Ckd,BLANCO,CRUDO,UND,True
7700149290128,Arandela Plana M10 NKD Mp,1631000009,Partes Pequeñas,203002,Ckd,BLANCO,CRUDO,UND,True
7700149290173,Tuerca Hex M5 AK200 Mp,1631000009,Partes Pequeñas,203002,Ckd,BLANCO,CRUDO,UND,True
7700149290180,Tuerca Hexa M10 Galvani Mp,1631000009,Partes Pequeñas,203002,Ckd,BLANCO,CRUDO,UND,True
7700149290197,Tuerca Hexa M5 Galvani Mp,1631000009,Partes Pequeñas,203002,Ckd,BLANCO,CRUDO,UND,True
7700149290203,Torn Estr M6X10 Galv Mp,1631000009,Partes Pequeñas,203002,Ckd,BLANCO,CRUDO,UND,True
7700149290241,Tuerca Hex M8x1.25 Galv Mp,1631000009,Partes Pequeñas,203002,Ckd,BLANCO,CRUDO,UND,True
7700149316262,100G Direcc Tras Der NKD Mp,1631000000,Ckd,203002,Ckd,BLANCO,CRUDO,UND,True
7700149316279,100P Direcciona Del Der NKD Mp,1631000000,Ckd,203002,Ckd,BLANCO,CRUDO,UND,True
7700149316286,100G Direcc Tras Izq NKD Mp,1631000000,Ckd,203002,Ckd,BLANCO,CRUDO,UND,True
7700149316293,100P Direcciona Del Izq NKD Mp,1631000000,Ckd,203002,Ckd,BLANCO,CRUDO,UND,True
7700149341486,Protector tanque Der NKD Mp ,1632000000,Integracion Nacional,203002,Integración Nacional,BLANCO,CRUDO,UND,True
7700149341493,Protector tanque Izq NKD Mp ,1632000000,Integracion Nacional,203002,Integración Nacional,BLANCO,CRUDO,UND,True
7700149447669,Buje Camp Rueda Del NKD Mp,1631000009,Partes Pequeñas,203002,Ckd,BLANCO,CRUDO,UND,True
7700149471183,Leva Izquierda CBS 125NKD Mp,1631000000,Ckd,203002,Ckd,BLANCO,CRUDO,UND,True
7700149471305,Buje Diametro 13 Mp,1631000009,Partes Pequeñas,203002,Ckd,BLANCO,CRUDO,UND,True
7700149471404,Resorte CBS 125NKD Mp,1631000009,Partes Pequeñas,203002,Ckd,BLANCO,CRUDO,UND,True
7700149471428,Buje Diametro 30 Mp,1631000009,Partes Pequeñas,203002,Ckd,BLANCO,CRUDO,UND,True
7700149471442,Arandela Plana Diam 17mm Mp,1631000009,Partes Pequeñas,203002,Ckd,BLANCO,CRUDO,UND,True
7700149471459,Torn Camp Hex CBS 125NKD Mp,1631000009,Partes Pequeñas,203002,Ckd,BLANCO,CRUDO,UND,True
7700149471466,Soporte Freno CBS 125NKD Mp,1631000000,Ckd,203002,Ckd,BLANCO,CRUDO,UND,True
7700149471480,Accesorios Freno CBS 125NKD Mp,1631000000,Ckd,203002,Ckd,BLANCO,CRUDO,UND,True
7700149471510,Caliper Freno Del 125NKD Mp,1631000000,Ckd,203002,Ckd,BLANCO,CRUDO,UND,True
7700149471527,Pedal Freno CBS 125NKD Mp,1631000000,Ckd,203002,Ckd,BLANCO,CRUDO,UND,True
7700149471558,Eje 17*157 mm Mp,1631000009,Partes Pequeñas,203002,Ckd,BLANCO,CRUDO,UND,True
7700149537667,Cable Clutch NKD V2 Mp,1631000000,Ckd,203002,Ckd,BLANCO,CRUDO,UND,True
7700149537681,Barra Tensora Freno Tras Mp,1631000000,Ckd,203002,Ckd,BLANCO,CRUDO,UND,True
7700149546065,Manual CBS NKD 3*1 Mp,1632000000,Integracion Nacional,203002,Integración Nacional,BLANCO,CRUDO,UND,True
7700149562799,Retenedor Sensor Veloc NKD Mp,1631000000,Ckd,203002,Ckd,BLANCO,CRUDO,UND,True
7700149562805,Arandela Sensor Veloc NKD Mp,1631000009,Partes Pequeñas,203002,Ckd,BLANCO,CRUDO,UND,True
7700149562812,Sensor Velocimetro NKD CBS Mp,1631000000,Ckd,203002,Ckd,BLANCO,CRUDO,UND,True
7700149580465,Suspension Del Izq NKD V2 Mp,1631000000,Ckd,203002,Ckd,BLANCO,CRUDO,UND,True
7700149580472,Suspension Del Der NKD V2 Mp,1631000000,Ckd,203002,Ckd,BLANCO,CRUDO,UND,True
7700149580489,Motor CGR 125NKD CBS V7 VIN Mp,1631000002,Materia Prima Motor,203002,Ckd,BLANCO,CRUDO,UND,True
7700149619097,Sistema Electrico NKD DC MP,1632000000,Integracion Nacional,203002,Integración Nacional,BLANCO,CRUDO,UND,True
7700149619615,Link Cable CBS NKD Mp,1631000000,Ckd,203002,Ckd,BLANCO,CRUDO,UND,True
7700149634762,Kit Switch 125NKD V3 Mp,1631000000,Ckd,203002,Ckd,BLANCO,CRUDO,UND,True
7700149672979,Mofle 125NKD V5 Mp,1631000000,Ckd,203002,Ckd,BLANCO,CRUDO,UND,True
7700149683555,Calco removible #1 V2 Mp,1632000000,Integracion Nacional,203002,Integración Nacional,BLANCO,CRUDO,UND,True
7701023099875,Cauch Acople Soporte Farola Mp,1631000009,Partes Pequeñas,203002,Ckd,BLANCO,CRUDO,UND,True
7701023194396,15P Disco fren del 125 NKDR Mp,1631000000,Ckd,203002,Ckd,BLANCO,CRUDO,UND,True
7701023208345,Cubierta Stop NKD MP,1632000000,Integracion Nacional,203002,Integración Nacional,BLANCO,CRUDO,UND,True
7701023236980,Torni Soke M5x22 Galvani Mp,1631000009,Partes Pequeñas,203002,Ckd,BLANCO,CRUDO,UND,True
7701023237109,Tor Goloso ST 3.9x13x9 Pavo Mp,1631000009,Partes Pequeñas,203002,Ckd,BLANCO,CRUDO,UND,True
7701023305402,Acople Stop NKD MP,1632000000,Integracion Nacional,203002,Integración Nacional,BLANCO,CRUDO,UND,True
7701023319225,40P Set Herramienta 125NKD Mp,1631000000,Ckd,203002,Ckd,BLANCO,CRUDO,UND,True
7701023375528,Filtro De Aire 125SLR Mp,1631000000,Ckd,203002,Ckd,BLANCO,CRUDO,UND,True
7701023375542,100P Plat Válv Gases 125SLR Mp,1631000000,Ckd,203002,Ckd,BLANCO,CRUDO,UND,True
7701023375559,100P Conec Válv Gas 125SLR Mp,1631000000,Ckd,203002,Ckd,BLANCO,CRUDO,UND,True
7701023375795,Manguera 16x11x92 125NKD Mp,1631000009,Partes Pequeñas,203002,Ckd,BLANCO,CRUDO,UND,True
7701023375801,Manguera 16x11x340 125NKD Mp,1631000009,Partes Pequeñas,203002,Ckd,BLANCO,CRUDO,UND,True
7701023375832,Pin Clam 15mm Galv 125NKD Mp,1631000009,Partes Pequeñas,203002,Ckd,BLANCO,CRUDO,UND,True
7701023376396,Caucho Pivot Tanque 125NKD Mp,1631000009,Partes Pequeñas,203002,Ckd,BLANCO,CRUDO,UND,True
7701023376402,60P Cauch Tanq Tras 125NKDR Mp,1631000000,Ckd,203002,Ckd,BLANCO,CRUDO,UND,True
7701023376464,30P Pedal Cambios 125NKDR Mp,1631000000,Ckd,203002,Ckd,BLANCO,CRUDO,UND,True
7701023376495,70P Relay Arranque 125NKDR Mp,1631000000,Ckd,203002,Ckd,BLANCO,CRUDO,UND,True
7701023376501,624P Sopor Bob Arranq 125NKDMp,1631000000,Ckd,203002,Ckd,BLANCO,CRUDO,UND,True
7701023376655,Arand Caucho Soporte Farola Mp,1631000009,Partes Pequeñas,203002,Ckd,BLANCO,CRUDO,UND,True
7701023376709,1248P Arand Pin Sprok 125NKDMp,1631000000,Ckd,203002,Ckd,BLANCO,CRUDO,UND,True
7701023376754,Portabandas Tras 125NKDR Mp,1631000000,Ckd,203002,Ckd,BLANCO,CRUDO,UND,True
7701023376785,Resorte Freno 125NKDR Mp,1631000009,Partes Pequeñas,203002,Ckd,BLANCO,CRUDO,UND,True
7701023376792,Resorte Switch Fren 125NKDR Mp,1631000009,Partes Pequeñas,203002,Ckd,BLANCO,CRUDO,UND,True
7701023376822,80P Sopor Emble Fron 125NKD Mp,1631000000,Ckd,203002,Ckd,BLANCO,CRUDO,UND,True
7701023376839,12G Horquilla Inf 125NKDR Mp,1631000000,Ckd,203002,Ckd,BLANCO,CRUDO,UND,True
7701023376846,40G Horquilla Sup 125NKDR Mp,1631000000,Ckd,203002,Ckd,BLANCO,CRUDO,UND,True
7701023376853,200P Abrazad Manubr 125NKDR Mp,1631000000,Ckd,203002,Ckd,BLANCO,CRUDO,UND,True
7701023376860,100P Tuerc Direcci 125NKDR Mp,1631000000,Ckd,203002,Ckd,BLANCO,CRUDO,UND,True
7701023376877,100P Tuer Ajust Cuna 125NKD Mp,1631000000,Ckd,203002,Ckd,BLANCO,CRUDO,UND,True
7701023376884,200P Arand Direcc Inf 125NKDMp,1631000000,Ckd,203002,Ckd,BLANCO,CRUDO,UND,True
7701023376891,624P Arand Direc Sup 125NKD Mp,1631000000,Ckd,203002,Ckd,BLANCO,CRUDO,UND,True
7701023376907,312P Canast Direc Sup NKD Mp,1631000000,Ckd,203002,Ckd,BLANCO,CRUDO,UND,True
7701023376914,Canast Direcc Inf 125NKDR Mp,1631000000,Ckd,203002,Ckd,BLANCO,CRUDO,UND,True
7701023376969,52G Torqu Freno Tras 125NKD Mp,1631000000,Ckd,203002,Ckd,BLANCO,CRUDO,UND,True
7701023376976,70P Deslizad Cadena 125NKDR Mp,1631000000,Ckd,203002,Ckd,BLANCO,CRUDO,UND,True
7701023377041,312P Medi Lun Gat Cent 125NKMp,1631000000,Ckd,203002,Ckd,BLANCO,CRUDO,UND,True
7701023377133,Guardpolv Cable clutch NKDR Mp,1631000009,Partes Pequeñas,203002,Ckd,BLANCO,CRUDO,UND,True
7701023377140,30P Base Guardab Del 125NKD Mp,1631000000,Ckd,203002,Ckd,BLANCO,CRUDO,UND,True
7701023377171,Guardab Tras Int 125NKDR Mp,1631000000,Ckd,203002,Ckd,BLANCO,CRUDO,UND,True
7701023377263,80P Emblema Frontal 125NKDR Mp,1631000000,Ckd,203002,Ckd,BLANCO,CRUDO,UND,True
7701023377270,Tor Camp Cuello M6x35 Galv Mp,1631000009,Partes Pequeñas,203002,Ckd,BLANCO,CRUDO,UND,True
7701023377287,Tor Camp Cue M8x35 Galv Mp,1631000009,Partes Pequeñas,203002,Ckd,BLANCO,CRUDO,UND,True
7701023377355,Mang Gas 8.5x4.5x180 Mp,1631000009,Partes Pequeñas,203002,Ckd,BLANCO,CRUDO,UND,True
7701023377386,Buje 15x26x34 Galv 125NKD Mp,1631000009,Partes Pequeñas,203002,Ckd,BLANCO,CRUDO,UND,True
7701023377393,Buje 20x26x25 Galv 125NKD Mp,1631000009,Partes Pequeñas,203002,Ckd,BLANCO,CRUDO,UND,True
7701023377409,Buje Portasprocket 125NKD Mp,1631000009,Partes Pequeñas,203002,Ckd,BLANCO,CRUDO,UND,True
7701023377416,Buje Arand 7x9x22x10 Galv Mp,1631000009,Partes Pequeñas,203002,Ckd,BLANCO,CRUDO,UND,True
7701023377423,Buje Arand 9x11x29x18 Galv Mp,1631000009,Partes Pequeñas,203002,Ckd,BLANCO,CRUDO,UND,True
7701023377430,Eje M12x190 Galv 125NKD Mp,1631000009,Partes Pequeñas,203002,Ckd,BLANCO,CRUDO,UND,True
7701023377447,Eje M15x230 Galv 125NKD Mp,1631000009,Partes Pequeñas,203002,Ckd,BLANCO,CRUDO,UND,True
7701023377485,Cauc Dobl Ran Rect M9x16x12 Mp,1631000009,Partes Pequeñas,203002,Ckd,BLANCO,CRUDO,UND,True
7701023377492,Cau Dobl Ran M9x16x12 Mp,1631000009,Partes Pequeñas,203002,Ckd,BLANCO,CRUDO,UND,True
7701023377508,Caucho Doble Ranura M9x22x5 Mp,1631000009,Partes Pequeñas,203002,Ckd,BLANCO,CRUDO,UND,True
7701023377515,Cauc Dobl Ran M10x19x8 Mp,1631000009,Partes Pequeñas,203002,Ckd,BLANCO,CRUDO,UND,True
7701023377522,Cau Soporte 10x8x8 125 Mp,1631000009,Partes Pequeñas,203002,Ckd,BLANCO,CRUDO,UND,True
7701023377539,Cau Dob Ranu M9x18x13 Mp,1631000009,Partes Pequeñas,203002,Ckd,BLANCO,CRUDO,UND,True
7701023377560,Arande Caucho BT 125 Mp,1631000009,Partes Pequeñas,203002,Ckd,BLANCO,CRUDO,UND,True
7701023377607,Resorte Gato Lat 125NKDR Mp,1631000009,Partes Pequeñas,203002,Ckd,BLANCO,CRUDO,UND,True
7701023377614,Resorte Gato Cent 125NKDR Mp,1631000009,Partes Pequeñas,203002,Ckd,BLANCO,CRUDO,UND,True
7701023411462,624P Arand Pinador Disco SL Mp,1631000000,Ckd,203002,Ckd,BLANCO,CRUDO,UND,True
7701023411547,624P Guía Manguer Freno SLR Mp,1631000000,Ckd,203002,Ckd,BLANCO,CRUDO,UND,True
7701023412247,30P Soporte Mofle SL Mp,1631000000,Ckd,203002,Ckd,BLANCO,CRUDO,UND,True
7701023412261,624P EMpaq Mofle SLR Mp,1631000000,Ckd,203002,Ckd,BLANCO,CRUDO,UND,True
7701023412308,624P Guia Ramal SL Mp,1631000000,Ckd,203002,Ckd,BLANCO,CRUDO,UND,True
7701023458078,Caucho Guardacadena NKD MP,1632000000,Integracion Nacional,203002,Integración Nacional,BLANCO,CRUDO,UND,True
7701023535397,Guardabarr plastico Tra NKD MP,1632000000,Integracion Nacional,203002,Integración Nacional,BLANCO,CRUDO,UND,True
7701023644013,Guardacadena Plastico NKD MP,1632000000,Integracion Nacional,203002,Integración Nacional,BLANCO,CRUDO,UND,True
7701023880343,Correa Bateria NKD MP,1632000000,Integracion Nacional,203002,Integración Nacional,BLANCO,CRUDO,UND,True
7705946152822,25P Porta Sprocket 125NKDR Mp,1631000000,Ckd,203002,Ckd,BLANCO,CRUDO,UND,True
7705946157261,Guardabarro Blanco NKD MP,1632000000,Integracion Nacional,203002,Integración Nacional,BLANCO,CRUDO,UND,True
7705946240680,80P Pito 125NKDR V2 Mp,1631000000,Ckd,203002,Ckd,BLANCO,CRUDO,UND,True
7705946256247,Diadema AKT NKD MP,1632000000,Integracion Nacional,203002,Integración Nacional,BLANCO,CRUDO,UND,True
7705946305389,50G Comando Izq NKDR-D V2 Mp,1631000000,Ckd,203002,Ckd,BLANCO,CRUDO,UND,True
7705946313209,60G Cable Acelerador 125NKD Mp,1631000000,Ckd,203002,Ckd,BLANCO,CRUDO,UND,True
7705946393171,50G Comando Der NKDR-D AHO Mp,1631000000,Ckd,203002,Ckd,BLANCO,CRUDO,UND,True
7705946440288,Torn Camp M10x20x14 Pav Mp,1631000009,Partes Pequeñas,203002,Ckd,BLANCO,CRUDO,UND,True
7705946561525,Tapa Lateral Der NKD V2 MP,1632000000,Integracion Nacional,203002,Integración Nacional,BLANCO,CRUDO,UND,True
7705946561532,Tapa Lateral Izq NKD V2 MP,1632000000,Integracion Nacional,203002,Integración Nacional,BLANCO,CRUDO,UND,True
7705946640961,Stop Led NKD V3 MP,1632000000,Integracion Nacional,203002,Integración Nacional,BLANCO,CRUDO,UND,True
7705946802895,Eje M12x258 Galv 125NKD V2 Mp,1631000009,Partes Pequeñas,203002,Ckd,BLANCO,CRUDO,UND,True
7705946802925,Sprocket 38T 125 NKD CKD Mp,1631000000,Ckd,203002,Ckd,BLANCO,CRUDO,UND,True
7705946840484,Manilar Derecho NKD MP,1632000000,Integracion Nacional,203002,Integración Nacional,BLANCO,CRUDO,UND,True
7705946840491,Manilar Izquierdo NKD MP,1632000000,Integracion Nacional,203002,Integración Nacional,BLANCO,CRUDO,UND,True
7705946840507,Gato Lateral NKD MP,1632000000,Integracion Nacional,203002,Integración Nacional,BLANCO,CRUDO,UND,True
7705946840514,Gato Central NKD MP,1632000000,Integracion Nacional,203002,Integración Nacional,BLANCO,CRUDO,UND,True
7705946860956,Defensa NKD MP,1632000000,Integracion Nacional,203002,Integración Nacional,BLANCO,CRUDO,UND,True
7705946877671,60P Valvula Iny Gas NKD V2 Mp,1631000000,Ckd,203002,Ckd,BLANCO,CRUDO,UND,True
7705946901932,Manguera Gas 8-12-700 NKD Mp,1631000009,Partes Pequeñas,203002,Ckd,BLANCO,CRUDO,UND,True
7705946901949,Abrazadera 12.5-1.2-09 NKD Mp,1631000009,Partes Pequeñas,203002,Ckd,BLANCO,CRUDO,UND,True
7705946933421,Platina Motor Del 125NKD V2 Mp,1631000000,Ckd,203002,Ckd,BLANCO,CRUDO,UND,True
7705946933438,100P Plat Motor Der 125NKD Mp,1631000000,Ckd,203002,Ckd,BLANCO,CRUDO,UND,True
7705946939324,Rueda Del Cta 125NKD V4 KNT Mp,1631000000,Ckd,203002,Ckd,BLANCO,CRUDO,UND,True
7705946939331,Rued Tras Cta 125NKD V4 KNT Mp,1631000000,Ckd,203002,Ckd,BLANCO,CRUDO,UND,True
7705946950039,Cadena 428HDSx102 NKD CKD  Mp,1631000000,Ckd,203002,Ckd,BLANCO,CRUDO,UND,True
7705946950466,Bateria NKD V2 Mp,1631000000,Ckd,203002,Ckd,BLANCO,CRUDO,UND,True
7700149122993,Guardabarr Plastico Del NKD Mp,1632000000,Integracion Nacional,203002,Integración Nacional,NEGRO,CRUDO,UND,True
7700149405614,Fuelle Edicion Especial NKD MP,1632000000,Integracion Nacional,203002,Integración Nacional,NEGRO,CRUDO,UND,True
7700149449069,Barra Estabilizadra Izq NKD Mp,1632000000,Integracion Nacional,203002,Integración Nacional,NEGRO,CRUDO,UND,True
7700149449076,Protector Faro X NKD Mp,1632000000,Integracion Nacional,203002,Integración Nacional,NEGRO,CRUDO,UND,True
7700149449762,Protector diadema NKD Mp,1632000000,Integracion Nacional,203002,Integración Nacional,NEGRO,CRUDO,UND,True
7700149450034,Calco SE NKD FP Mp,1632000000,Integracion Nacional,203002,Integración Nacional,NEGRO,CRUDO,UND,True
7700149450041,Calco Lat Izq NKD FP Mp,1632000000,Integracion Nacional,203002,Integración Nacional,NEGRO,CRUDO,UND,True
7700149450058,Calco Lat Der NKD FP Mp,1632000000,Integracion Nacional,203002,Integración Nacional,NEGRO,CRUDO,UND,True
7700149450089,Manubrio Fatbar NKD FP Mp,1632000000,Integracion Nacional,203002,Integración Nacional,NEGRO,CRUDO,UND,True
7700149450232,Barra Estabilizadra Der NKD Mp,1632000000,Integracion Nacional,203002,Integración Nacional,NEGRO,CRUDO,UND,True
7700149451284,Rueda Del Murelli NKD Mp,1633000000,Terceros,203002,Terceros,NEGRO,CRUDO,UND,True
7700149451291,Rueda Tras Murelli NKD Mp,1633000000,Terceros,203002,Terceros,NEGRO,CRUDO,UND,True
7700149482066,Calco Murelli Portadocument MP,1632000000,Integracion Nacional,203002,Integración Nacional,NEGRO,CRUDO,UND,True
7700149275385,Calco Tras Gris NKD Mp,1632000000,Integracion Nacional,203002,Integración Nacional,GRIS,CRUDO,UND,True
7700149275392,Calco Lat Izq Gris NKD Mp,1632000000,Integracion Nacional,203002,Integración Nacional,GRIS,CRUDO,UND,True
7700149275408,Calco Lat Der Gris NKD Mp,1632000000,Integracion Nacional,203002,Integración Nacional,GRIS,CRUDO,UND,True
7700149275415,Calco Tanque Izq Gris NKD Mp,1632000000,Integracion Nacional,203002,Integración Nacional,GRIS,CRUDO,UND,True
7700149275422,Calco Tanque Der Gris NKD Mp,1632000000,Integracion Nacional,203002,Integración Nacional,GRIS,CRUDO,UND,True
7700149275477,Calco Rin Verde NKD Mp,1632000000,Integracion Nacional,203002,Integración Nacional,GRIS,CRUDO,UND,True
7700149274593,Protector Faro NKD Clas/Ex Mp,1632000000,Integracion Nacional,203002,Integración Nacional,NEGRO ROJO,CRUDO,UND,True
7700149277150,Sillin NKD SE Mp,1632000000,Integracion Nacional,203002,Integración Nacional,NEGRO ROJO,CRUDO,UND,True
7700149633703,Calc Tanq Der NKD CL 125 MP,1632000000,Integracion Nacional,203002,Integración Nacional,NEGRO ROJO,CRUDO,UND,True
7700149633710,Calc Tanq Izq NKD CL 125 MP,1632000000,Integracion Nacional,203002,Integración Nacional,NEGRO ROJO,CRUDO,UND,True
7700149633727,Calc Bandera NKD CL 125 MP,1632000000,Integracion Nacional,203002,Integración Nacional,NEGRO ROJO,CRUDO,UND,True
7700149633734,Calc Tap Lat Izq NKD CL 125 MP,1632000000,Integracion Nacional,203002,Integración Nacional,NEGRO ROJO,CRUDO,UND,True
7700149633741,Calc Tap Lat Der NKD CL 125 MP,1632000000,Integracion Nacional,203002,Integración Nacional,NEGRO ROJO,CRUDO,UND,True
7700149633758,Calc tanque NKD CL 125 MP,1632000000,Integracion Nacional,203002,Integración Nacional,NEGRO ROJO,CRUDO,UND,True
7700149640855,Sistema Electrico NKD CLA MP,1632000000,Integracion Nacional,203002,Integración Nacional,NEGRO ROJO,CRUDO,UND,True
7701023044936,Direccional DD 125NKD MP,1632000000,Integracion Nacional,203002,Integración Nacional,NEGRO ROJO,CRUDO,UND,True
7701023044943,Direccional DI 125NKD MP,1632000000,Integracion Nacional,203002,Integración Nacional,NEGRO ROJO,CRUDO,UND,True
7701023044950,Direccional TD 125NKD MP,1632000000,Integracion Nacional,203002,Integración Nacional,NEGRO ROJO,CRUDO,UND,True
7701023044967,Direccional TI 125NKD MP,1632000000,Integracion Nacional,203002,Integración Nacional,NEGRO ROJO,CRUDO,UND,True
7701023376594,Flasher 125NKDR Mp,1631000000,Ckd,203002,Ckd,NEGRO ROJO,CRUDO,UND,True
7700149140973,Catalizador CLSS MP,1631000000,Ckd,203002,Ckd,ROJO,CRUDO,UND,True
7700149175258,Sistema ABS Cto Negro RE Mp,1631000000,Ckd,203002,Ckd,ROJO,CRUDO,UND,True
7700149287029,Gato Central Nal Meteor MP,1632000000,Integracion Nacional,203002,Integración Nacional,ROJO,CRUDO,UND,True
7700149393942,Sistema Electrico Meteor V2 Mp,1631000000,Ckd,203002,Ckd,ROJO,CRUDO,UND,True
7705946957182,Curva Mofle Negro Meteor RE Mp,1631000000,Ckd,203002,Ckd,ROJO,CRUDO,UND,True
7705946157278,Guardabarro Negro NKD MP,1632000000,Integracion Nacional,203002,Integración Nacional,NEGRO,CRUDO,UND,True
7700149220187,Defensa Karguero Mp,1632000000,Integracion Nacional,203002,Integración Nacional,GRIS,CRUDO,UND,True
7700149371872,Techo 3W EE MP,1632000000,Integracion Nacional,203002,Integración Nacional,GRIS,CRUDO,UND,True
7700149395465,Platina Luz Placa 3W Techo MP,1632000000,Integracion Nacional,203002,Integración Nacional,GRIS,CRUDO,UND,True
7700149245081,Arandela Plana 4.8 3W Mp,1631000009,Partes Pequeñas,203002,Ckd,,CRUDO,UND,True
7700149578530,Pin Diam 8 x22 mm 3WC Mp,1631000009,Partes Pequeñas,203002,Ckd,,CRUDO,UND,True
7700149578547,Planchon Volco 3WC Mp,1631000000,Ckd,203002,Ckd,,CRUDO,UND,True
7700149578554,Tornillo M10X65 Gr 10.9 3WC Mp,1631000009,Partes Pequeñas,203002,Ckd,,CRUDO,UND,True
7700149578561,Tornillo Hex M6X20 3WC Mp,1631000009,Partes Pequeñas,203002,Ckd,,CRUDO,UND,True
7700149578578,Pin Chavet 2×20 3WC Mp,1631000009,Partes Pequeñas,203002,Ckd,,CRUDO,UND,True
7700149578585,Pin Chavet 2.5X30 3WC Mp,1631000009,Partes Pequeñas,203002,Ckd,,CRUDO,UND,True
7700149578592,Empaque Plano x8 3WC Mp,1631000009,Partes Pequeñas,203002,Ckd,,CRUDO,UND,True
7700149578608,Empaque Plano x10 3WC Mp,1631000009,Partes Pequeñas,203002,Ckd,,CRUDO,UND,True
7700149578615,Empaque Plano x12 3WC Mp,1631000009,Partes Pequeñas,203002,Ckd,,CRUDO,UND,True
7700149578622,Empaque Plano x16 3WC Mp,1631000009,Partes Pequeñas,203002,Ckd,,CRUDO,UND,True
7700149578646,Arandela Plana Galva 8f 3WC Mp,1631000009,Partes Pequeñas,203002,Ckd,,CRUDO,UND,True
7700149578653,Motor Completo Combust 3WC PF,1631000002,Materia Prima Motor,203002,Ckd,,CRUDO,UND,True
7700149578660,Pin Diam 8 x20 mm 3WC Mp,1631000009,Partes Pequeñas,203002,Ckd,,CRUDO,UND,True
7700149578684,Pin Diam 12 x45 mm 3WC Mp,1631000009,Partes Pequeñas,203002,Ckd,,CRUDO,UND,True
7700149578691,Tornillo M6X65 Gr 8.8  3WC Mp,1631000009,Partes Pequeñas,203002,Ckd,,CRUDO,UND,True
7700149578790,Torn Gal AutoRsc 4.8×16 3WC Mp,1631000009,Partes Pequeñas,203002,Ckd,,CRUDO,UND,True
7700149610834,Calco Info Moto AK200ZWC MP,1632000000,Integracion Nacional,203002,Integración Nacional,,CRUDO,UND,True
7700149157674,Asiento Pasaj RIK PF,1631000007,Control profia,203002,Ckd,BLANCO,CRUDO,UND,True
7700149157681,Motor RIK VIN PF,1631000002,Materia Prima Motor,203002,Ckd,BLANCO,CRUDO,UND,True
7700149157698,Carburador RIK PF,1631000007,Control profia,203002,Ckd,BLANCO,CRUDO,UND,True
7700149157704,Brazo Susp Izq RIK PF,1631000007,Control profia,203002,Ckd,BLANCO,CRUDO,UND,True
7700149157711,Brazo Susp Der RIK PF,1631000007,Control profia,203002,Ckd,BLANCO,CRUDO,UND,True
7700149157728,Guardpolvo Eje Tras Der RIK PF,1631000007,Control profia,203002,Ckd,BLANCO,CRUDO,UND,True
7700149157735,Conjunto Eje Tras RIK PF,1631000007,Control profia,203002,Ckd,BLANCO,CRUDO,UND,True
7700149157742,Guaya Clutch RIK PF,1631000007,Control profia,203002,Ckd,BLANCO,CRUDO,UND,True
7700149157759,Amortiguador Trasero RIK PF,1631000007,Control profia,203002,Ckd,BLANCO,CRUDO,UND,True
7700149157766,Espaldar Asiento Pasaj RIK PF,1631000007,Control profia,203002,Ckd,BLANCO,CRUDO,UND,True
7700149157773,Mang Freno Tras Der RIK PF,1631000007,Control profia,203002,Ckd,BLANCO,CRUDO,UND,True
7700149157780,Luz Ppal Direccinal Izq RIK PF,1631000007,Control profia,203002,Ckd,BLANCO,CRUDO,UND,True
7700149157797,Luz Ppal Direccinal Der RIK PF,1631000007,Control profia,203002,Ckd,BLANCO,CRUDO,UND,True
7700149157803,Guardabarro Int Izq RIK PF,1631000007,Control profia,203002,Ckd,BLANCO,CRUDO,UND,True
7700149157810,Guardabarro Int Der RIK PF,1631000007,Control profia,203002,Ckd,BLANCO,CRUDO,UND,True
7700149157827,Motor Limpia Parabrisas RIK PF,1631000007,Control profia,203002,Ckd,BLANCO,CRUDO,UND,True
7700149157834,Ramal Delantero RIK PF,1631000007,Control profia,203002,Ckd,BLANCO,CRUDO,UND,True
7700149157841,Parilla Frontal ATUL RIK PF,1631000007,Control profia,203002,Ckd,BLANCO,CRUDO,UND,True
7700149157858,Chasis RIK VIN Blanco PF,1631000001,Materia Prima Chasis,203002,Ckd,BLANCO,CRUDO,UND,True
7700149157865,Marco Asiento Conductor RIK PF,1631000007,Control profia,203002,Ckd,BLANCO,CRUDO,UND,True
7700149157872,Freno de Mano RIK PF,1631000007,Control profia,203002,Ckd,BLANCO,CRUDO,UND,True
7700149157889,Tubo Freno TMC a T RIK PF,1631000007,Control profia,203002,Ckd,BLANCO,CRUDO,UND,True
7700149157896,Cabina Pasajero RIK Blanco PF,1631000007,Control profia,203002,Ckd,BLANCO,CRUDO,UND,True
7700149157902,Tablero RIK PF,1631000007,Control profia,203002,Ckd,BLANCO,CRUDO,UND,True
7700149157919,Puerto USB RIK PF,1631000007,Control profia,203002,Ckd,BLANCO,CRUDO,UND,True
7700149157926,Parlante RIK PF,1631000007,Control profia,203002,Ckd,BLANCO,CRUDO,UND,True
7700149157933,Velocimetro RIK PF,1631000007,Control profia,203002,Ckd,BLANCO,CRUDO,UND,True
7700149157940,Kit Switch Ppal y Llave RIK PF,1631000007,Control profia,203002,Ckd,BLANCO,CRUDO,UND,True
7700149157957,Columna Dirección RIK PF,1631000007,Control profia,203002,Ckd,BLANCO,CRUDO,UND,True
7700149157964,Conector T Mang Freno RIK PF,1631000007,Control profia,203002,Ckd,BLANCO,CRUDO,UND,True
7700149157971,Filtro Aire RIK PF,1631000007,Control profia,203002,Ckd,BLANCO,CRUDO,UND,True
7700149157988,Mang Freno Tras Izq RIK PF,1631000007,Control profia,203002,Ckd,BLANCO,CRUDO,UND,True
7700149157995,Tubo Ent Fitro Aire RIK PF,1631000007,Control profia,203002,Ckd,BLANCO,CRUDO,UND,True
7700149158008,Tanque Combustible RIK PF,1631000007,Control profia,203002,Ckd,BLANCO,CRUDO,UND,True
7700149158015,Medidor Combustible RK PF,1631000007,Control profia,203002,Ckd,BLANCO,CRUDO,UND,True
7700149158022,Mang Gas Tanq a Filtro RIK PF,1631000007,Control profia,203002,Ckd,BLANCO,CRUDO,UND,True
7700149158039,Tapa Asiento Conductor RIK PF,1631000007,Control profia,203002,Ckd,BLANCO,CRUDO,UND,True
7700149158046,AlFombra Cabina RIK PF,1631000007,Control profia,203002,Ckd,BLANCO,CRUDO,UND,True
7700149158053,AlFombra Cabina Pasaj RIK PF,1631000007,Control profia,203002,Ckd,BLANCO,CRUDO,UND,True
7700149158060,Guardabarro Delantero RIK PF,1631000007,Control profia,203002,Ckd,BLANCO,CRUDO,UND,True
7700149158077,Armazón Acero Carpa RIK PF,1631000007,Control profia,203002,Ckd,BLANCO,CRUDO,UND,True
7700149158084,Pito RIK PF,1631000007,Control profia,203002,Ckd,BLANCO,CRUDO,UND,True
7700149158091,Regulador RIK PF,1631000007,Control profia,203002,Ckd,BLANCO,CRUDO,UND,True
7700149158107,Valvula Solenoide Comb RIK PF,1631000007,Control profia,203002,Ckd,BLANCO,CRUDO,UND,True
7700149158114,Guaya Freno Mano Larga RIK PF,1631000007,Control profia,203002,Ckd,BLANCO,CRUDO,UND,True
7700149158121,Guaya Freno Mano Corta RIK PF,1631000007,Control profia,203002,Ckd,BLANCO,CRUDO,UND,True
7700149158138,Caucho Spte Motor RIK PF,1631000007,Control profia,203002,Ckd,BLANCO,CRUDO,UND,True
7700149158145,Guardpolvo Eje Tras Izq RIK PF,1631000007,Control profia,203002,Ckd,BLANCO,CRUDO,UND,True
7700149158152,Mang Valv Regu Comb RIK PF,1631000007,Control profia,203002,Ckd,BLANCO,CRUDO,UND,True
7700149158169,Luz Portaplaca RIK PF,1631000007,Control profia,203002,Ckd,BLANCO,CRUDO,UND,True
7700149158176,Empaque Farola Der RIK PF,1631000007,Control profia,203002,Ckd,BLANCO,CRUDO,UND,True
7700149158183,Guaya Negra Cambios RIK PF,1631000007,Control profia,203002,Ckd,BLANCO,CRUDO,UND,True
7700149158190,Guardabarro Del Caucho RIK PF,1631000007,Control profia,203002,Ckd,BLANCO,CRUDO,UND,True
7700149158206,Posapies Conductor RIK PF,1631000007,Control profia,203002,Ckd,BLANCO,CRUDO,UND,True
7700149158213,Bobina de Alta RIK PF,1631000007,Control profia,203002,Ckd,BLANCO,CRUDO,UND,True
7700149158220,Unidad Electrica TCI RIK PF,1631000007,Control profia,203002,Ckd,BLANCO,CRUDO,UND,True
7700149158237,Cubierta Izq Interna RIK PF,1631000007,Control profia,203002,Ckd,BLANCO,CRUDO,UND,True
7700149158244,Cubierta Der Interna RIK PF,1631000007,Control profia,203002,Ckd,BLANCO,CRUDO,UND,True
7700149158251,Portabotellas RIK PF,1631000007,Control profia,203002,Ckd,BLANCO,CRUDO,UND,True
7700149158268,Batería RIK PF,1631000007,Control profia,203002,Ckd,BLANCO,CRUDO,UND,True
7700149158275,Empaque Farola Izq RIK PF,1631000007,Control profia,203002,Ckd,BLANCO,CRUDO,UND,True
7700149158282,Espejo Retrovisor Izq RIK PF,1631000007,Control profia,203002,Ckd,BLANCO,CRUDO,UND,True
7700149158299,Base Motor RIK PF,1631000007,Control profia,203002,Ckd,BLANCO,CRUDO,UND,True
7700149158305,Empaque Union Base RIK PF,1631000009,Partes Pequeñas,203002,Ckd,BLANCO,CRUDO,UND,True
7700149158312,MoFle RIK PF,1631000007,Control profia,203002,Ckd,BLANCO,CRUDO,UND,True
7700149158329,Guaya Acelerador RIK PF,1631000007,Control profia,203002,Ckd,BLANCO,CRUDO,UND,True
7700149158336,Cable Velocimetro RIK PF,1631000007,Control profia,203002,Ckd,BLANCO,CRUDO,UND,True
7700149158343,Luz Trasera Der RIK PF,1631000007,Control profia,203002,Ckd,BLANCO,CRUDO,UND,True
7700149158350,Radio FM RIK PF,1631000007,Control profia,203002,Ckd,BLANCO,CRUDO,UND,True
7700149158367,Luz Trasera Izq RIK PF,1631000007,Control profia,203002,Ckd,BLANCO,CRUDO,UND,True
7700149158374,Guaya Choke RIK PF,1631000007,Control profia,203002,Ckd,BLANCO,CRUDO,UND,True
7700149158381,Limpia Parabrisas RIK PF,1631000007,Control profia,203002,Ckd,BLANCO,CRUDO,UND,True
7700149158398,Guaya Blanca Cambios RIK PF,1631000007,Control profia,203002,Ckd,BLANCO,CRUDO,UND,True
7700149158404,Espejo Retrovisor Der RIK PF,1631000007,Control profia,203002,Ckd,BLANCO,CRUDO,UND,True
7700149158411,Placa Metal Manubrio RIK PF,1631000007,Control profia,203002,Ckd,BLANCO,CRUDO,UND,True
7700149158428,Switch Encendido RIK PF,1631000007,Control profia,203002,Ckd,BLANCO,CRUDO,UND,True
7700149158435,Pedal Freno RIK PF,1631000007,Control profia,203002,Ckd,BLANCO,CRUDO,UND,True
7700149158442,Flasher RIK PF,1631000007,Control profia,203002,Ckd,BLANCO,CRUDO,UND,True
7700149158459,Relay Arranque RIK PF,1631000007,Control profia,203002,Ckd,BLANCO,CRUDO,UND,True
7700149158466,Ramal Trasero RIK PF,1631000007,Control profia,203002,Ckd,BLANCO,CRUDO,UND,True
7700149158473,Bumper Trasero RIK PF,1631000007,Control profia,203002,Ckd,BLANCO,CRUDO,UND,True
7700149158480,Luz Cabina LED RIK PF,1631000007,Control profia,203002,Ckd,BLANCO,CRUDO,UND,True
7700149158497,Tornillo M6X20 RIK Mp,1631000009,Partes Pequeñas,203002,Ckd,BLANCO,CRUDO,UND,True
7700149158503,Cubierta Manubrio RIK Mp,1631000008,Sin control PROFIA,203002,Ckd,BLANCO,CRUDO,UND,True
7700149158510,Tornillería Cinturon RIK Mp,1631000009,Partes Pequeñas,203002,Ckd,BLANCO,CRUDO,UND,True
7700149158527,Puerta Lat Pasaj Der RIK Mp,1631000008,Sin control PROFIA,203002,Ckd,BLANCO,CRUDO,UND,True
7700149158534,Puerta Lat Pasaj Izq RIK Mp,1631000008,Sin control PROFIA,203002,Ckd,BLANCO,CRUDO,UND,True
7700149158541,Pasador Bisagra RIK Mp,1631000009,Partes Pequeñas,203002,Ckd,BLANCO,CRUDO,UND,True
7700149158558,Pin Plastico Gr RIK Mp,1631000009,Partes Pequeñas,203002,Ckd,BLANCO,CRUDO,UND,True
7700149158565,Tubería Mofle RIK Mp,1631000008,Sin control PROFIA,203002,Ckd,BLANCO,CRUDO,UND,True
7700149158572,Cubierta Tapa RIK Mp,1631000008,Sin control PROFIA,203002,Ckd,BLANCO,CRUDO,UND,True
7700149158589,Platina Parabrisas Izq RIK Mp,1631000009,Partes Pequeñas,203002,Ckd,BLANCO,CRUDO,UND,True
7700149158596,Conj Cierre Puerta Baja RIK Mp,1631000009,Partes Pequeñas,203002,Ckd,BLANCO,CRUDO,UND,True
7700149158602,Arandela 12X4.5X1 RIK Mp,1631000009,Partes Pequeñas,203002,Ckd,BLANCO,CRUDO,UND,True
7700149158619,Tuerca Ciega M6 RIK Mp,1631000009,Partes Pequeñas,203002,Ckd,BLANCO,CRUDO,UND,True
7700149158626,Platina Parabrisas Der RIK Mp,1631000009,Partes Pequeñas,203002,Ckd,BLANCO,CRUDO,UND,True
7700149158640,Correa Silla Pasaj RIK Mp,1631000008,Sin control PROFIA,203002,Ckd,BLANCO,CRUDO,UND,True
7700149158657,Arandela Bloqueo M6 RIK Mp,1631000009,Partes Pequeñas,203002,Ckd,BLANCO,CRUDO,UND,True
7700149158664,Miona RIK Mp,1631000008,Sin control PROFIA,203002,Ckd,BLANCO,CRUDO,UND,True
7700149158671,Conj Puerta Baja Motor RIK Mp,1631000008,Sin control PROFIA,203002,Ckd,BLANCO,CRUDO,UND,True
7700149158688,Alfombra Comp Equipaje RIK Mp,1631000008,Sin control PROFIA,203002,Ckd,BLANCO,CRUDO,UND,True
7700149158695,Empaque Logo Frontal RIK Mp,1631000008,Sin control PROFIA,203002,Ckd,BLANCO,CRUDO,UND,True
7700149158701,Clip M6 SHT3 RIK Mp,1631000009,Partes Pequeñas,203002,Ckd,BLANCO,CRUDO,UND,True
7700149158718,Logo Frontal Atul RIK Mp,1631000008,Sin control PROFIA,203002,Ckd,BLANCO,CRUDO,UND,True
7700149158725,Empaque Guardabarro RIK Mp,1631000008,Sin control PROFIA,203002,Ckd,BLANCO,CRUDO,UND,True
7700149158732,Guardabarro Lat Der RIK Mp,1631000008,Sin control PROFIA,203002,Ckd,BLANCO,CRUDO,UND,True
7700149158749,Guardabarro Lat Izq RIK Mp,1631000008,Sin control PROFIA,203002,Ckd,BLANCO,CRUDO,UND,True
7700149158763,Guardabarro Ext RIK Mp,1631000008,Sin control PROFIA,203002,Ckd,BLANCO,CRUDO,UND,True
7700149158770,Resorte Amort Tras RIK Mp,1631000009,Partes Pequeñas,203002,Ckd,BLANCO,CRUDO,UND,True
7700149158794,Grips o Puños Izq RIK Mp,1631000009,Partes Pequeñas,203002,Ckd,BLANCO,CRUDO,UND,True
7700149158800,Tubo Manubrio Izq RIK Mp,1631000008,Sin control PROFIA,203002,Ckd,BLANCO,CRUDO,UND,True
7700149158817,Tornillo M8X30 RIK Mp,1631000009,Partes Pequeñas,203002,Ckd,BLANCO,CRUDO,UND,True
7700149158824,Refuerzo Metal Manbr RIK Mp,1631000009,Partes Pequeñas,203002,Ckd,BLANCO,CRUDO,UND,True
7700149158831,Buje Manubrio 12X10 RIK Mp,1631000009,Partes Pequeñas,203002,Ckd,BLANCO,CRUDO,UND,True
7700149158848,Ens Placa Metl Manubrio RIK Mp,1631000008,Sin control PROFIA,203002,Ckd,BLANCO,CRUDO,UND,True
7700149158855,Switch Direccionales RIK Mp,1631000008,Sin control PROFIA,203002,Ckd,BLANCO,CRUDO,UND,True
7700149158862,Switch Regulador RIK Mp,1631000008,Sin control PROFIA,203002,Ckd,BLANCO,CRUDO,UND,True
7700149158879,Switch Pito RIK Mp,1631000008,Sin control PROFIA,203002,Ckd,BLANCO,CRUDO,UND,True
7700149158886,Grips o Puños Der RIK Mp,1631000008,Sin control PROFIA,203002,Ckd,BLANCO,CRUDO,UND,True
7700149158893,Montaje Spte Placa RIK Mp,1631000008,Sin control PROFIA,203002,Ckd,BLANCO,CRUDO,UND,True
7700149158909,Platina Spte Placa RIK Mp,1631000008,Sin control PROFIA,203002,Ckd,BLANCO,CRUDO,UND,True
7700149158916,Arandela M5 RIK Mp,1631000009,Partes Pequeñas,203002,Ckd,BLANCO,CRUDO,UND,True
7700149158923,Fusible 30A RIK Mp,1631000009,Partes Pequeñas,203002,Ckd,BLANCO,CRUDO,UND,True
7700149158930,Arandela RIK Mp,1631000009,Partes Pequeñas,203002,Ckd,BLANCO,CRUDO,UND,True
7700149158961,Llave 7/8 in RIK Mp,1631000009,Partes Pequeñas,203002,Ckd,BLANCO,CRUDO,UND,True
7700149158978,Destornillador RIK Mp,1631000009,Partes Pequeñas,203002,Ckd,BLANCO,CRUDO,UND,True
7700149158985,Tubo Llave Bujía RIK Mp,1631000009,Partes Pequeñas,203002,Ckd,BLANCO,CRUDO,UND,True
7700149158992,Conj Llave Bujía RIK Mp,1631000009,Partes Pequeñas,203002,Ckd,BLANCO,CRUDO,UND,True
7700149159005,Llave 14 a 17 mm RIK Mp,1631000008,Sin control PROFIA,203002,Ckd,BLANCO,CRUDO,UND,True
7700149159012,Llave 10 a 13 mm RIK Mp,1631000008,Sin control PROFIA,203002,Ckd,BLANCO,CRUDO,UND,True
7700149159029,Kit Herramientas RIK Mp,1631000008,Sin control PROFIA,203002,Ckd,BLANCO,CRUDO,UND,True
7700149159036,Tubo Miona RIK Mp,1631000009,Partes Pequeñas,203002,Ckd,BLANCO,CRUDO,UND,True
7700149159043,Spte Montaje Batería RIK Mp,1631000008,Sin control PROFIA,203002,Ckd,BLANCO,CRUDO,UND,True
7700149159050,Tornillo 4SGX19AB RIK Mp,1631000009,Partes Pequeñas,203002,Ckd,BLANCO,CRUDO,UND,True
7700149159067,Tope Goma RIK Mp,1631000009,Partes Pequeñas,203002,Ckd,BLANCO,CRUDO,UND,True
7700149159074,Conjnto Tapa Rueda ATUL RIK Mp,1631000008,Sin control PROFIA,203002,Ckd,BLANCO,CRUDO,UND,True
7700149159081,Caucho Tanque Gas RIK Mp,1631000009,Partes Pequeñas,203002,Ckd,BLANCO,CRUDO,UND,True
7700149159098,Tope Goma Pasaj RIK Mp,1631000009,Partes Pequeñas,203002,Ckd,BLANCO,CRUDO,UND,True
7700149159104,Pin Plastico Pe RIK Mp,1631000009,Partes Pequeñas,203002,Ckd,BLANCO,CRUDO,UND,True
7700149159111,Tornillo Hex M8X20 RIK Mp,1631000009,Partes Pequeñas,203002,Ckd,BLANCO,CRUDO,UND,True
7700149159128,Marco Asiento Pasaj RIK Mp,1631000008,Sin control PROFIA,203002,Ckd,BLANCO,CRUDO,UND,True
7700149159135,Asiento Conductor RIK Mp,1631000008,Sin control PROFIA,203002,Ckd,BLANCO,CRUDO,UND,True
7700149159142,Clip M5 SHT1.5 RIK Mp,1631000009,Partes Pequeñas,203002,Ckd,BLANCO,CRUDO,UND,True
7700149159159,Clip M5 SHT2.5 RIK Mp,1631000009,Partes Pequeñas,203002,Ckd,BLANCO,CRUDO,UND,True
7700149159166,Arandela Metal 15X5X1 RIK Mp,1631000009,Partes Pequeñas,203002,Ckd,BLANCO,CRUDO,UND,True
7700149159173,Arandela M12 RIK Mp,1631000009,Partes Pequeñas,203002,Ckd,BLANCO,CRUDO,UND,True
7700149159180,Arandela Plana M6 RIK Mp,1631000009,Partes Pequeñas,203002,Ckd,BLANCO,CRUDO,UND,True
7700149159197,Cuello Llenado Gas RIK Mp,1631000008,Sin control PROFIA,203002,Ckd,BLANCO,CRUDO,UND,True
7700149159203,Tubo Llenado Tanque Gas RIK Mp,1631000008,Sin control PROFIA,203002,Ckd,BLANCO,CRUDO,UND,True
7700149159210,Llanta 4X8 in RIK Mp,1631000008,Sin control PROFIA,203002,Ckd,BLANCO,CRUDO,UND,True
7700149159227,Manguera Tanque Gas RIK Mp,1631000009,Partes Pequeñas,203002,Ckd,BLANCO,CRUDO,UND,True
7700149159234,Neumatico 4X8 in RIK Mp,1631000008,Sin control PROFIA,203002,Ckd,BLANCO,CRUDO,UND,True
7700149159241,Tornillo 8SGX16AB RIK Mp,1631000009,Partes Pequeñas,203002,Ckd,BLANCO,CRUDO,UND,True
7700149159258,Tornillo M5X12 RIK Mp,1631000009,Partes Pequeñas,203002,Ckd,BLANCO,CRUDO,UND,True
7700149159265,Pasador RIK Mp,1631000009,Partes Pequeñas,203002,Ckd,BLANCO,CRUDO,UND,True
7700149159272,Montaje Correa RIK Mp,1631000009,Partes Pequeñas,203002,Ckd,BLANCO,CRUDO,UND,True
7700149159289,Abrazadera DIA67 RIK Mp,1631000009,Partes Pequeñas,203002,Ckd,BLANCO,CRUDO,UND,True
7700149159296,Tubo Filtro a Carb RIK Mp,1631000009,Partes Pequeñas,203002,Ckd,BLANCO,CRUDO,UND,True
7700149159302,Abrazadera DIA62 RIK Mp,1631000009,Partes Pequeñas,203002,Ckd,BLANCO,CRUDO,UND,True
7700149159319,Platina Mtje RIK Mp,1631000009,Partes Pequeñas,203002,Ckd,BLANCO,CRUDO,UND,True
7700149159326,Toma de Aire RIK Mp,1631000009,Partes Pequeñas,203002,Ckd,BLANCO,CRUDO,UND,True
7700149159333,Sub Platina Caja Filtro RIK Mp,1631000009,Partes Pequeñas,203002,Ckd,BLANCO,CRUDO,UND,True
7700149159340,Platina Caja Filtro RIK Mp,1631000009,Partes Pequeñas,203002,Ckd,BLANCO,CRUDO,UND,True
7700149159357,Pista Superio Dirección RIK Mp,1631000008,Sin control PROFIA,203002,Ckd,BLANCO,CRUDO,UND,True
7700149159364,Sello Sup Dirección RIK Mp,1631000008,Sin control PROFIA,203002,Ckd,BLANCO,CRUDO,UND,True
7700149159371,Abrazadera Cllera DIA45 RIK Mp,1631000009,Partes Pequeñas,203002,Ckd,BLANCO,CRUDO,UND,True
7700149159388,Tornillo Hex M8X35 RIK Mp,1631000009,Partes Pequeñas,203002,Ckd,BLANCO,CRUDO,UND,True
7700149159395,Guaya Reversa RIK Mp,1631000008,Sin control PROFIA,203002,Ckd,BLANCO,CRUDO,UND,True
7700149159401,Arandela Hombro RIK Mp,1631000009,Partes Pequeñas,203002,Ckd,BLANCO,CRUDO,UND,True
7700149159418,Marco Parabrisas RIK Blanco Mp,1631000008,Sin control PROFIA,203002,Ckd,BLANCO,CRUDO,UND,True
7700149159425,Tornillo Hex M8 RIK Mp,1631000009,Partes Pequeñas,203002,Ckd,BLANCO,CRUDO,UND,True
7700149159432,Grasero RIK Mp,1631000009,Partes Pequeñas,203002,Ckd,BLANCO,CRUDO,UND,True
7700149159449,Brida Lado Rueda RIK Mp,1631000008,Sin control PROFIA,203002,Ckd,BLANCO,CRUDO,UND,True
7700149159456,Sello Aceite 28X48X10 RIK Mp,1631000008,Sin control PROFIA,203002,Ckd,BLANCO,CRUDO,UND,True
7700149159463,Arandela Seguridad B47 RIK Mp,1631000009,Partes Pequeñas,203002,Ckd,BLANCO,CRUDO,UND,True
7700149159470,Rodamto Bolas 6204 RIK Mp,1631000009,Partes Pequeñas,203002,Ckd,BLANCO,CRUDO,UND,True
7700149159487,Cubo Rueda Tras RIK Mp,1631000008,Sin control PROFIA,203002,Ckd,BLANCO,CRUDO,UND,True
7700149159494,Rodamto Agujas SL3520 RIK Mp,1631000009,Partes Pequeñas,203002,Ckd,BLANCO,CRUDO,UND,True
7700149159500,Sello Aceite 35-47-7 RIK Mp,1631000008,Sin control PROFIA,203002,Ckd,BLANCO,CRUDO,UND,True
7700149159517,Gato Hidraulico RIK Mp,1631000008,Sin control PROFIA,203002,Ckd,BLANCO,CRUDO,UND,True
7700149159524,Tambor Freno Comp Izq RIK Mp,1631000008,Sin control PROFIA,203002,Ckd,BLANCO,CRUDO,UND,True
7700149159531,Leva Clutch RIK Mp,1631000008,Sin control PROFIA,203002,Ckd,BLANCO,CRUDO,UND,True
7700149159548,Arandela Presión Mp,1631000009,Partes Pequeñas,203002,Ckd,BLANCO,CRUDO,UND,True
7700149159555,Tornillo Eje Delantero RIK Mp,1631000009,Partes Pequeñas,203002,Ckd,BLANCO,CRUDO,UND,True
7700149159562,Tambor Freno con Esprgo RIK Mp,1631000008,Sin control PROFIA,203002,Ckd,BLANCO,CRUDO,UND,True
7700149159579,Esparrago M10X1.5P RIK Mp,1631000009,Partes Pequeñas,203002,Ckd,BLANCO,CRUDO,UND,True
7700149159586,Tuerca RIK Mp,1631000009,Partes Pequeñas,203002,Ckd,BLANCO,CRUDO,UND,True
7700149159593,Soporte Conector T RIK Mp,1631000008,Sin control PROFIA,203002,Ckd,BLANCO,CRUDO,UND,True
7700149159609,Arandel Banjo 10X15X1.5 RIK Mp,1631000009,Partes Pequeñas,203002,Ckd,BLANCO,CRUDO,UND,True
7700149159616,Tornillo Banjo RIK Mp,1631000009,Partes Pequeñas,203002,Ckd,BLANCO,CRUDO,UND,True
7700149159623,Tornillo M10X25 RIK Mp,1631000009,Partes Pequeñas,203002,Ckd,BLANCO,CRUDO,UND,True
7700149159630,Tornillo Ens Rueda Rpto RIK Mp,1631000009,Partes Pequeñas,203002,Ckd,BLANCO,CRUDO,UND,True
7700149159647,Tapa Rueda Rpto RIK Mp,1631000008,Sin control PROFIA,203002,Ckd,BLANCO,CRUDO,UND,True
7700149159654,Platina Spte Rueda Rpto RIK Mp,1631000008,Sin control PROFIA,203002,Ckd,BLANCO,CRUDO,UND,True
7700149159661,Conj Rueda Rin RIK Mp,1631000008,Sin control PROFIA,203002,Ckd,BLANCO,CRUDO,UND,True
7700149159678,Tambor Freno Comp Der RIK Mp,1631000008,Sin control PROFIA,203002,Ckd,BLANCO,CRUDO,UND,True
7700149159685,Rodamto Bolas 9904/W64 RIK Mp,1631000008,Sin control PROFIA,203002,Ckd,BLANCO,CRUDO,UND,True
7700149159692,Tornillo Brida M8X20 RIK Mp,1631000009,Partes Pequeñas,203002,Ckd,BLANCO,CRUDO,UND,True
7700149159708,Tuerca Seguridad M8 RIK Mp,1631000009,Partes Pequeñas,203002,Ckd,BLANCO,CRUDO,UND,True
7700149159715,Empaque Goma 207mm RIK Mp,1631000008,Sin control PROFIA,203002,Ckd,BLANCO,CRUDO,UND,True
7700149159722,Varilla SoporteBatería RIK Mp,1631000008,Sin control PROFIA,203002,Ckd,BLANCO,CRUDO,UND,True
7700149159739,Abrazadera Batería RIK Mp,1631000009,Partes Pequeñas,203002,Ckd,BLANCO,CRUDO,UND,True
7700149159746,Bandeja Batería RIK Mp,1631000008,Sin control PROFIA,203002,Ckd,BLANCO,CRUDO,UND,True
7700149159753,Manguera Freno Trasera RIK Mp,1631000008,Sin control PROFIA,203002,Ckd,BLANCO,CRUDO,UND,True
7700149159760,Switch Freno y Reversa RIK Mp,1631000008,Sin control PROFIA,203002,Ckd,BLANCO,CRUDO,UND,True
7700149159777,Manguera TMC Rueda Del RIK Mp,1631000008,Sin control PROFIA,203002,Ckd,BLANCO,CRUDO,UND,True
7700149159784,Tapa Caucho Direccion RIK Mp,1631000008,Sin control PROFIA,203002,Ckd,BLANCO,CRUDO,UND,True
7700149159791,Tapa Protección RIK Mp,1631000008,Sin control PROFIA,203002,Ckd,BLANCO,CRUDO,UND,True
7700149159807,Tuerca Seguridad RIK Mp,1631000009,Partes Pequeñas,203002,Ckd,BLANCO,CRUDO,UND,True
7700149159814,Tornillo Pivote Clutch RIK Mp,1631000009,Partes Pequeñas,203002,Ckd,BLANCO,CRUDO,UND,True
7700149159821,Cojinete Superior RIK Mp,1631000008,Sin control PROFIA,203002,Ckd,BLANCO,CRUDO,UND,True
7700149159845,Spte Guardabarro Del RIK Mp,1631000008,Sin control PROFIA,203002,Ckd,BLANCO,CRUDO,UND,True
7700149159852,Rodamto Bolas 9903/W64 RIK Mp,1631000008,Sin control PROFIA,203002,Ckd,BLANCO,CRUDO,UND,True
7700149159869,Tuerca Hex M10 RIK Mp,1631000009,Partes Pequeñas,203002,Ckd,BLANCO,CRUDO,UND,True
7700149159876,Tuerca Hex M8 RIK Mp,1631000009,Partes Pequeñas,203002,Ckd,BLANCO,CRUDO,UND,True
7700149159883,Clip Filtro Aire 14.8mm RIK Mp,1631000008,Sin control PROFIA,203002,Ckd,BLANCO,CRUDO,UND,True
7700149159890,Abrazadera 54mm RIK Mp,1631000009,Partes Pequeñas,203002,Ckd,BLANCO,CRUDO,UND,True
7700149159906,Abrazadera 11.6mm RIK Mp,1631000009,Partes Pequeñas,203002,Ckd,BLANCO,CRUDO,UND,True
7700149159913,Clip Filtro Aire 10mm RIK Mp,1631000008,Sin control PROFIA,203002,Ckd,BLANCO,CRUDO,UND,True
7700149159920,Mang Comb T a Carbu RIK Mp,1631000008,Sin control PROFIA,203002,Ckd,BLANCO,CRUDO,UND,True
7700149159937,Filtro Combustible RIK Mp,1631000008,Sin control PROFIA,203002,Ckd,BLANCO,CRUDO,UND,True
7700149159944,Tope Goma Rueda RIK Mp,1631000008,Sin control PROFIA,203002,Ckd,BLANCO,CRUDO,UND,True
7700149159951,Bloque Deslizante RIK Mp,1631000009,Partes Pequeñas,203002,Ckd,BLANCO,CRUDO,UND,True
7700149159968,Arandela Frenado RIK Mp,1631000009,Partes Pequeñas,203002,Ckd,BLANCO,CRUDO,UND,True
7700149159975,Arandela Presion M5 RIK Mp,1631000009,Partes Pequeñas,203002,Ckd,BLANCO,CRUDO,UND,True
7700149159982,Arandela Presion RIK Mp,1631000009,Partes Pequeñas,203002,Ckd,BLANCO,CRUDO,UND,True
7700149159999,Arandela Presion M10 RIK Mp,1631000009,Partes Pequeñas,203002,Ckd,BLANCO,CRUDO,UND,True
7700149160032,Tapa Luz Trasera RIK Mp,1631000008,Sin control PROFIA,203002,Ckd,BLANCO,CRUDO,UND,True
7700149160049,Caucho Ajuste Bat-Tanq RIK Mp,1631000008,Sin control PROFIA,203002,Ckd,BLANCO,CRUDO,UND,True
7700149160056,Caucho Ajuste Vertical RIK Mp,1631000008,Sin control PROFIA,203002,Ckd,BLANCO,CRUDO,UND,True
7700149160063,Caucho Ajuste Curva RIK Mp,1631000009,Partes Pequeñas,203002,Ckd,BLANCO,CRUDO,UND,True
7700149160087,Arandela Presion M8 RIK Mp,1631000009,Partes Pequeñas,203002,Ckd,BLANCO,CRUDO,UND,True
7700149160094,Empaque Stop RIK Mp,1631000008,Sin control PROFIA,203002,Ckd,BLANCO,CRUDO,UND,True
7700149160100,Tuerca Seguridad M6 RIK Mp,1631000009,Partes Pequeñas,203002,Ckd,BLANCO,CRUDO,UND,True
7700149160117,Arandela Presion M6 RIK Mp,1631000009,Partes Pequeñas,203002,Ckd,BLANCO,CRUDO,UND,True
7700149160124,Tuerca Brida M6 RIK Mp,1631000009,Partes Pequeñas,203002,Ckd,BLANCO,CRUDO,UND,True
7700149160131,Tornillo Hex Brda M8X40 RIK Mp,1631000009,Partes Pequeñas,203002,Ckd,BLANCO,CRUDO,UND,True
7700149160148,Goma Montaje Mofle RIK Mp,1631000009,Partes Pequeñas,203002,Ckd,BLANCO,CRUDO,UND,True
7700149160155,Buje Montaje Mofle RIK Mp,1631000009,Partes Pequeñas,203002,Ckd,BLANCO,CRUDO,UND,True
7700149160162,Tuerca Hex Brda M10X1.5 RIK Mp,1631000009,Partes Pequeñas,203002,Ckd,BLANCO,CRUDO,UND,True
7700149160179,Tornillo Hex M10X100 RIK Mp,1631000009,Partes Pequeñas,203002,Ckd,BLANCO,CRUDO,UND,True
7700149160186,Tuerca Larga M8 RIK Mp,1631000009,Partes Pequeñas,203002,Ckd,BLANCO,CRUDO,UND,True
7700149160193,Empaque Silenciador RIK Mp,1631000009,Partes Pequeñas,203002,Ckd,BLANCO,CRUDO,UND,True
7700149160209,Tuerca Brida M8 RIK Mp,1631000009,Partes Pequeñas,203002,Ckd,BLANCO,CRUDO,UND,True
7700149160216,Empaque Mofle RIK Mp,1631000009,Partes Pequeñas,203002,Ckd,BLANCO,CRUDO,UND,True
7700149160223,Clip RIK Mp,1631000009,Partes Pequeñas,203002,Ckd,BLANCO,CRUDO,UND,True
7700149160230,Tornillo Hex Brda M5X25 RIK Mp,1631000009,Partes Pequeñas,203002,Ckd,BLANCO,CRUDO,UND,True
7700149160247,Tapa Caja de Cambios RIK Mp,1631000008,Sin control PROFIA,203002,Ckd,BLANCO,CRUDO,UND,True
7700149160254,Tornillo Hex M10X80 RIK Mp,1631000009,Partes Pequeñas,203002,Ckd,BLANCO,CRUDO,UND,True
7700149160261,Pin Plastico RIK Mp,1631000009,Partes Pequeñas,203002,Ckd,BLANCO,CRUDO,UND,True
7700149160278,Platna Mtje Pedal Freno RIK Mp,1631000009,Partes Pequeñas,203002,Ckd,BLANCO,CRUDO,UND,True
7700149160285,Tope Goma Motor RIK Mp,1631000009,Partes Pequeñas,203002,Ckd,BLANCO,CRUDO,UND,True
7700149160292,Clip 250mm RIK Mp,1631000009,Partes Pequeñas,203002,Ckd,BLANCO,CRUDO,UND,True
7700149160308,Spte Caja Relay RIK Mp,1631000008,Sin control PROFIA,203002,Ckd,BLANCO,CRUDO,UND,True
7700149160315,Spte Caja Fusibles RIK Mp,1631000008,Sin control PROFIA,203002,Ckd,BLANCO,CRUDO,UND,True
7700149160322,Arandela M10 RIK Mp,1631000009,Partes Pequeñas,203002,Ckd,BLANCO,CRUDO,UND,True
7700149160339,Spte Luz Motor RIK Mp,1631000008,Sin control PROFIA,203002,Ckd,BLANCO,CRUDO,UND,True
7700149160346,Tornillo 4SGX9.5AB RIK Mp,1631000009,Partes Pequeñas,203002,Ckd,BLANCO,CRUDO,UND,True
7700149160353,Luz Motor RIK Mp,1631000008,Sin control PROFIA,203002,Ckd,BLANCO,CRUDO,UND,True
7700149160360,Arandela 15X8.5X1.5 RIK Mp,1631000009,Partes Pequeñas,203002,Ckd,BLANCO,CRUDO,UND,True
7700149160377,Pin Leva RIK Mp,1631000009,Partes Pequeñas,203002,Ckd,BLANCO,CRUDO,UND,True
7700149160384,Tornillo M10X45 RIK Mp,1631000009,Partes Pequeñas,203002,Ckd,BLANCO,CRUDO,UND,True
7700149160391,Cilindro Maestro Freno RIK Mp,1631000008,Sin control PROFIA,203002,Ckd,BLANCO,CRUDO,UND,True
7700149160407,Cable Negativo Batería RIK Mp,1631000008,Sin control PROFIA,203002,Ckd,BLANCO,CRUDO,UND,True
7700149160414,Cable Positivo Batería RIK Mp,1631000008,Sin control PROFIA,203002,Ckd,BLANCO,CRUDO,UND,True
7700149160421,Tornillo Hex M5X16 RIK Mp,1631000009,Partes Pequeñas,203002,Ckd,BLANCO,CRUDO,UND,True
7700149160438,Soporte Pedal Freno RIK Mp,1631000008,Sin control PROFIA,203002,Ckd,BLANCO,CRUDO,UND,True
7700149160445,Caucho Reposapies RIK Mp,1631000009,Partes Pequeñas,203002,Ckd,BLANCO,CRUDO,UND,True
7700149160469,Arandela M8 RIK Mp,1631000009,Partes Pequeñas,203002,Ckd,BLANCO,CRUDO,UND,True
7700149160476,Soporte Cubre Manubrio RIK Mp,1631000008,Sin control PROFIA,203002,Ckd,BLANCO,CRUDO,UND,True
7700149160483,Tuerca Seguridad M10 RIK Mp,1631000009,Partes Pequeñas,203002,Ckd,BLANCO,CRUDO,UND,True
7700149160490,Tornillo RIK Mp,1631000009,Partes Pequeñas,203002,Ckd,BLANCO,CRUDO,UND,True
7700149160506,Clip Bloqueo Polea RIK Mp,1631000009,Partes Pequeñas,203002,Ckd,BLANCO,CRUDO,UND,True
7700149160513,Polea Acelerador RIK Mp,1631000009,Partes Pequeñas,203002,Ckd,BLANCO,CRUDO,UND,True
7700149160520,Tubo Manubrio Der RIK Mp,1631000008,Sin control PROFIA,203002,Ckd,BLANCO,CRUDO,UND,True
7700149160537,Polea Cambios RIK Mp,1631000009,Partes Pequeñas,203002,Ckd,BLANCO,CRUDO,UND,True
7700149160544,Arandela Presion Len RIK Mp,1631000009,Partes Pequeñas,203002,Ckd,BLANCO,CRUDO,UND,True
7700149160551,Tuerca Sup Dirección RIK Mp,1631000009,Partes Pequeñas,203002,Ckd,BLANCO,CRUDO,UND,True
7700149160568,Resorte Pedal Freno RIK Mp,1631000009,Partes Pequeñas,203002,Ckd,BLANCO,CRUDO,UND,True
7700149160582,Arandela Presión Onda RIK Mp,1631000009,Partes Pequeñas,203002,Ckd,BLANCO,CRUDO,UND,True
7700149160599,Tuerca Hex M5 RIK Mp,1631000009,Partes Pequeñas,203002,Ckd,BLANCO,CRUDO,UND,True
7700149160605,Tornillo Hex Brda M6X25 RIK Mp,1631000009,Partes Pequeñas,203002,Ckd,BLANCO,CRUDO,UND,True
7700149160612,Tornillo Brida M6X20 RIK Mp,1631000009,Partes Pequeñas,203002,Ckd,BLANCO,CRUDO,UND,True
7700149160629,Tornillo Brida M6X18 RIK Mp,1631000009,Partes Pequeñas,203002,Ckd,BLANCO,CRUDO,UND,True
7700149160636,Tornillo Hex Brda M6X16 RIK Mp,1631000009,Partes Pequeñas,203002,Ckd,BLANCO,CRUDO,UND,True
7700149160643,Abrazadera Fuelle RIK Mp,1631000009,Partes Pequeñas,203002,Ckd,BLANCO,CRUDO,UND,True
7700149160650,Tuerca Hex M10X1.25 RIK Mp,1631000009,Partes Pequeñas,203002,Ckd,BLANCO,CRUDO,UND,True
7700149160667,Tornillo Hex Bri M10X78 RIK Mp,1631000009,Partes Pequeñas,203002,Ckd,BLANCO,CRUDO,UND,True
7700149160674,Arandela Caucho Motor RIK Mp,1631000009,Partes Pequeñas,203002,Ckd,BLANCO,CRUDO,UND,True
7700149160681,Caucho Spte Cent Motor RIK Mp,1631000009,Partes Pequeñas,203002,Ckd,BLANCO,CRUDO,UND,True
7700149160698,Tornillo Brida M8X16 RIK Mp,1631000009,Partes Pequeñas,203002,Ckd,BLANCO,CRUDO,UND,True
7700149160704,Tornillo Hex Perf M5X14 RIK Mp,1631000009,Partes Pequeñas,203002,Ckd,BLANCO,CRUDO,UND,True
7700149160711,Tornillo Hex Brda M6X12 RIK Mp,1631000009,Partes Pequeñas,203002,Ckd,BLANCO,CRUDO,UND,True
7700149160728,Tuerca M6 RIK Mp,1631000009,Partes Pequeñas,203002,Ckd,BLANCO,CRUDO,UND,True
7700149160735,Cubierta Protec Cables RIK Mp,1631000008,Sin control PROFIA,203002,Ckd,BLANCO,CRUDO,UND,True
7700149160742,Tornillo M8X25 RIK Mp,1631000009,Partes Pequeñas,203002,Ckd,BLANCO,CRUDO,UND,True
7700149160759,Retenedor Resrt RIK Mp,1631000009,Partes Pequeñas,203002,Ckd,BLANCO,CRUDO,UND,True
7700149160766,Tornillo Hex M8X16 RIK Mp,1631000009,Partes Pequeñas,203002,Ckd,BLANCO,CRUDO,UND,True
7700149160773,Rtrn Resrt Mando Revrsa RIK Mp,1631000009,Partes Pequeñas,203002,Ckd,BLANCO,CRUDO,UND,True
7700149160780,Espaciador Mando Revrsa RIK Mp,1631000009,Partes Pequeñas,203002,Ckd,BLANCO,CRUDO,UND,True
7700149160797,Resorte Leva RC RIK Mp,1631000009,Partes Pequeñas,203002,Ckd,BLANCO,CRUDO,UND,True
7700149160803,Plastico Reversa RIK Mp,1631000008,Sin control PROFIA,203002,Ckd,BLANCO,CRUDO,UND,True
7700149160810,Tornillo Hex M6X16 RIK Mp,1631000009,Partes Pequeñas,203002,Ckd,BLANCO,CRUDO,UND,True
7700149160827,Tornillo Hex M5X20 RIK Mp,1631000009,Partes Pequeñas,203002,Ckd,BLANCO,CRUDO,UND,True
7700149160834,Tuerca Segurid M12X1.75 RIK Mp,1631000009,Partes Pequeñas,203002,Ckd,BLANCO,CRUDO,UND,True
7700149160841,Tornillo M12X55X1.75 RIK Mp,1631000009,Partes Pequeñas,203002,Ckd,BLANCO,CRUDO,UND,True
7700149160858,Tornillo M5X18 RIK Mp,1631000009,Partes Pequeñas,203002,Ckd,BLANCO,CRUDO,UND,True
7700149160865,Palanca Reversa RIK Mp,1631000008,Sin control PROFIA,203002,Ckd,BLANCO,CRUDO,UND,True
7700149161039,Correa Limite Puerta RIK Mp,1631000000,Ckd,203002,Ckd,BLANCO,CRUDO,UND,True
7700149168687,Tornillo Pdal Freno RIK Mp,1631000009,Partes Pequeñas,203002,Ckd,BLANCO,CRUDO,UND,True
7700149168700,Arandela Plana Clutch RIK Mp,1631000009,Partes Pequeñas,203002,Ckd,BLANCO,CRUDO,UND,True
7700149168717,Arandela M8 Base Silla RIK Mp,1631000009,Partes Pequeñas,203002,Ckd,BLANCO,CRUDO,UND,True
7700149168724,Arandela M6 ATRIK Mp,1631000009,Partes Pequeñas,203002,Ckd,BLANCO,CRUDO,UND,True
7700149205856,Manual Prop ATUL Mp,1632000000,Integracion Nacional,203002,Integración Nacional,BLANCO,CRUDO,UND,True
7700149220170,Calco Lateral 2 TukTuk Mp,1632000000,Integracion Nacional,203002,Integración Nacional,BLANCO,CRUDO,UND,True
7700149220286,Calco Lateral 1 TukTuk Mp,1632000000,Integracion Nacional,203002,Integración Nacional,BLANCO,CRUDO,UND,True
7700149220309,Calco Lat Der TukTuk Mp,1632000000,Integracion Nacional,203002,Integración Nacional,BLANCO,CRUDO,UND,True
7700149220316,Calco Lat IzqTukTuk Mp,1632000000,Integracion Nacional,203002,Integración Nacional,BLANCO,CRUDO,UND,True
7700149220323,Calco Lateral 3 TukTuk Mp,1632000000,Integracion Nacional,203002,Integración Nacional,BLANCO,CRUDO,UND,True
7700149220330,Calco Lateral 4 TukTuk Mp,1632000000,Integracion Nacional,203002,Integración Nacional,BLANCO,CRUDO,UND,True
7700149220347,Calco TukTuk Mp,1632000000,Integracion Nacional,203002,Integración Nacional,BLANCO,CRUDO,UND,True
7700149220354,Calco Trasero TukTuk Mp,1632000000,Integracion Nacional,203002,Integración Nacional,BLANCO,CRUDO,UND,True
7700149220361,Calco Bandera TukTuk Mp,1632000000,Integracion Nacional,203002,Integración Nacional,BLANCO,CRUDO,UND,True
7700149220439,Calco Info moto TukTuk Pas Mp,1632000000,Integracion Nacional,203002,Integración Nacional,BLANCO,CRUDO,UND,True
7700149356718,Clip Retenedor RIK Mp,1631000008,Sin control PROFIA,203002,Ckd,BLANCO,CRUDO,UND,True
7700149356725,Carpa RIK V2 Mp,1631000008,Sin control PROFIA,203002,Ckd,BLANCO,CRUDO,UND,True
7700149356732,Agarraderas RIK Mp,1631000008,Sin control PROFIA,203002,Ckd,BLANCO,CRUDO,UND,True
7700149356749,Tornillo Campana M5x20 RIK Mp,1631000008,Sin control PROFIA,203002,Ckd,BLANCO,CRUDO,UND,True
7700149356756,Platina Correa Puerta RIK Mp,1631000008,Sin control PROFIA,203002,Ckd,BLANCO,CRUDO,UND,True
7700149356763,Tornillo Autorroscante RIK Mp,1631000008,Sin control PROFIA,203002,Ckd,BLANCO,CRUDO,UND,True
7700149357142,Platina Regulador RIK Mp,1631000008,Sin control PROFIA,203002,Ckd,BLANCO,CRUDO,UND,True
7705946670937,Cinturón Tuk-Tuk Dos Puntos MP,1632000000,Integracion Nacional,203002,Integración Nacional,BLANCO,CRUDO,UND,True
7700149218238,60P Sensor Veloc ABS XC15WX Mp,1631000000,Ckd,203002,Ckd,NEGRO,CRUDO,UND,True
7700149218269,Cauch Rueda Del Der XC15WX Mp,1631000009,Partes Pequeñas,203002,Ckd,NEGRO,CRUDO,UND,True
7700149218535,Caucho Protector A XC15WX Mp,1631000009,Partes Pequeñas,203002,Ckd,NEGRO,CRUDO,UND,True
7700149218672,Buje Rueda Del XC15WX Mp,1631000009,Partes Pequeñas,203002,Ckd,NEGRO,CRUDO,UND,True
7700149218689,Eje Rueda Del XC15WX Mp,1631000009,Partes Pequeñas,203002,Ckd,NEGRO,CRUDO,UND,True
7700149218733,60P Pito XC15WX Mp,1631000000,Ckd,203002,Ckd,NEGRO,CRUDO,UND,True
7700149218771,Cauch Rueda Del Izq XC15WX Mp,1631000009,Partes Pequeñas,203002,Ckd,NEGRO,CRUDO,UND,True
7700149218801,Reflectivo Del Lat XC15WX Mp,1631000009,Partes Pequeñas,203002,Ckd,NEGRO,CRUDO,UND,True
7700149218894,Tuerca Brida M12 XC15WX Mp,1631000009,Partes Pequeñas,203002,Ckd,NEGRO,CRUDO,UND,True
7700149218900,Abrazadera Manguera XC15WX Mp,1631000009,Partes Pequeñas,203002,Ckd,NEGRO,CRUDO,UND,True
7700149219150,Torn Camp M6x12 XC15WX Mp,1631000009,Partes Pequeñas,203002,Ckd,NEGRO,CRUDO,UND,True
7700149219174,Torn Camp M6x10Pav Mp,1631000009,Partes Pequeñas,203002,Ckd,NEGRO,CRUDO,UND,True
7700149219235,Tor Gol Punt Plan M5.12 Pav Mp,1631000009,Partes Pequeñas,203002,Ckd,NEGRO,CRUDO,UND,True
7700149219433,Buje Cubierta Front XC15WX Mp,1631000009,Partes Pequeñas,203002,Ckd,NEGRO,CRUDO,UND,True
7700149219440,Caucho Cubiert Front XC15WX Mp,1631000009,Partes Pequeñas,203002,Ckd,NEGRO,CRUDO,UND,True
7700149304542,Torn Camp M8x45 Orbit Mp,1631000009,Partes Pequeñas,203002,Ckd,NEGRO,CRUDO,UND,True
7700149583800,Calco Info Moto JET EVO Mp,1632000000,Integracion Nacional,203002,Integración Nacional,NEGRO,CRUDO,UND,True
7700149603133,Soporte Batería Jet Evo Mp,1631000000,Ckd,203002,Ckd,NEGRO,CRUDO,UND,True
7700149603140,Sistema ABS Jet Evo Mp,1631000000,Ckd,203002,Ckd,NEGRO,CRUDO,UND,True
7700149603157,Cubierta Inferior Jet Evo Mp,1631000000,Ckd,203002,Ckd,NEGRO,CRUDO,UND,True
7700149603164,Tapón Pedal Jet Evo Mp,1631000009,Partes Pequeñas,203002,Ckd,NEGRO,CRUDO,UND,True
7700149603171,Resort Soport Later Jet Evo Mp,1631000000,Ckd,203002,Ckd,NEGRO,CRUDO,UND,True
7700149603188,Gato Lateral Jet Evo Mp,1631000000,Ckd,203002,Ckd,NEGRO,CRUDO,UND,True
7700149603195,Resort Soport Centr Jet Evo Mp,1631000000,Ckd,203002,Ckd,NEGRO,CRUDO,UND,True
7700149603201,Torn Piv Soport cen Jet Evo Mp,1631000009,Partes Pequeñas,203002,Ckd,NEGRO,CRUDO,UND,True
7700149603218,Gato Central Jet Evo Mp,1631000000,Ckd,203002,Ckd,NEGRO,CRUDO,UND,True
7700149603225,Refuerzo Piso Izq Jet Evo Mp,1631000000,Ckd,203002,Ckd,NEGRO,CRUDO,UND,True
7700149603232,Suspensión Motor Jet Evo Mp,1631000000,Ckd,203002,Ckd,NEGRO,CRUDO,UND,True
7700149603249,Posapiés Derecho Jet Evo Mp,1631000000,Ckd,203002,Ckd,NEGRO,CRUDO,UND,True
7700149603256,Correa Batería Jet Evo Mp,1631000000,Ckd,203002,Ckd,NEGRO,CRUDO,UND,True
7700149603263,Soporte Farola Del Jet Evo Mp,1631000000,Ckd,203002,Ckd,NEGRO,CRUDO,UND,True
7700149603270,Soporte Controlador Jet Evo Mp,1631000000,Ckd,203002,Ckd,NEGRO,CRUDO,UND,True
7700149603287,Soport Cubie  Front Jet Evo Mp,1631000000,Ckd,203002,Ckd,NEGRO,CRUDO,UND,True
7700149603294,Tapa Goma Tubo Sec Jet Evo Mp,1631000000,Ckd,203002,Ckd,NEGRO,CRUDO,UND,True
7700149603300,Subchasis Izquierdo Jet Evo Mp,1631000000,Ckd,203002,Ckd,NEGRO,CRUDO,UND,True
7700149603317,Subchasis Derecho Jet Evo Mp,1631000000,Ckd,203002,Ckd,NEGRO,CRUDO,UND,True
7700149603324,Banda Cubierta Izq Jet Evo Mp,1631000000,Ckd,203002,Ckd,NEGRO,CRUDO,UND,True
7700149603331,Soport Unid Eléctri Jet Evo Mp,1631000000,Ckd,203002,Ckd,NEGRO,CRUDO,UND,True
7700149603348,Cubier Sup Manillar Jet Evo Mp,1631000000,Ckd,203002,Ckd,NEGRO,CRUDO,UND,True
7700149603355,Guarda Inter Dela B Jet Evo Mp,1631000000,Ckd,203002,Ckd,NEGRO,CRUDO,UND,True
7700149603362,Guarda Inter Dela A Jet Evo Mp,1631000000,Ckd,203002,Ckd,NEGRO,CRUDO,UND,True
7700149603386,Eje Direc Principal Jet Evo Mp,1631000000,Ckd,203002,Ckd,NEGRO,CRUDO,UND,True
7700149603393,Carenaje Velocime Jet Evo Mp,1631000000,Ckd,203002,Ckd,NEGRO,CRUDO,UND,True
7700149603409,Cubier Front Mani Jet Evo Mp,1631000000,Ckd,203002,Ckd,NEGRO,CRUDO,UND,True
7700149603416,Empuñadura Izquier Jet Evo Mp,1631000000,Ckd,203002,Ckd,NEGRO,CRUDO,UND,True
7700149603423,Tubo Acelerador Jet Evo Mp,1631000000,Ckd,203002,Ckd,NEGRO,CRUDO,UND,True
7700149603430,Refuerzo Piso Dere Jet Evo Mp,1631000000,Ckd,203002,Ckd,NEGRO,CRUDO,UND,True
7700149603454,Sens Velocidad Del Jet Evo Mp,1631000000,Ckd,203002,Ckd,NEGRO,CRUDO,UND,True
7700149603461,Contrapeso Manillar Jet Evo Mp,1631000000,Ckd,203002,Ckd,NEGRO,CRUDO,UND,True
7700149603478,Manillar Dirección Jet Evo Mp,1631000000,Ckd,203002,Ckd,NEGRO,CRUDO,UND,True
7700149603485,Amortiguad Tras Izq Jet Evo Mp,1631000000,Ckd,203002,Ckd,NEGRO,CRUDO,UND,True
7700149603492,Amortiguad Tras Der Jet Evo Mp,1631000000,Ckd,203002,Ckd,NEGRO,CRUDO,UND,True
7700149603508,Horquilla Trasera Jet Evo Mp,1631000000,Ckd,203002,Ckd,NEGRO,CRUDO,UND,True
7700149603515,Amortiguad Del Izq Jet Evo Mp,1631000000,Ckd,203002,Ckd,NEGRO,CRUDO,UND,True
7700149603522,Amortiguad Del Der Jet Evo Mp,1631000000,Ckd,203002,Ckd,NEGRO,CRUDO,UND,True
7700149603539,Posapiés Izquierdo Jet Evo Mp,1631000000,Ckd,203002,Ckd,NEGRO,CRUDO,UND,True
7700149603546,Anillo Eje Manillar Jet Evo Mp,1631000000,Ckd,203002,Ckd,NEGRO,CRUDO,UND,True
7700149603553,Tubo Ventilación B Jet Evo Mp,1631000000,Ckd,203002,Ckd,NEGRO,CRUDO,UND,True
7700149603577,Soport Tanq Reserva Jet Evo Mp,1631000000,Ckd,203002,Ckd,NEGRO,CRUDO,UND,True
7700149603584,Mofle Jet Evo Mp,1631000000,Ckd,203002,Ckd,NEGRO,CRUDO,UND,True
7700149603591,Cable Acelerador Jet Evo Mp,1631000000,Ckd,203002,Ckd,NEGRO,CRUDO,UND,True
7700149603607,Sopor Conex Sens O2 Jet Evo Mp,1631000000,Ckd,203002,Ckd,NEGRO,CRUDO,UND,True
7700149603614,Tubo Retor Combusti Jet Evo Mp,1631000000,Ckd,203002,Ckd,NEGRO,CRUDO,UND,True
7700149603621,Tubo Combus Canist Jet Evo Mp,1631000000,Ckd,203002,Ckd,NEGRO,CRUDO,UND,True
7700149603638,Tubo A Combu canist Jet Evo Mp,1631000000,Ckd,203002,Ckd,NEGRO,CRUDO,UND,True
7700149603645,Bobina Encendido Jet Evo Mp,1631000000,Ckd,203002,Ckd,NEGRO,CRUDO,UND,True
7700149603652,Tubo Llenado Jet Evo Mp,1631000000,Ckd,203002,Ckd,NEGRO,CRUDO,UND,True
7700149603669,Bateria Jet Evo Mp,1631000000,Ckd,203002,Ckd,NEGRO,CRUDO,UND,True
7700149603676,Tubo Llenado Combus Jet Evo Mp,1631000000,Ckd,203002,Ckd,NEGRO,CRUDO,UND,True
7700149603683,Válvula Combustible Jet Evo Mp,1631000000,Ckd,203002,Ckd,NEGRO,CRUDO,UND,True
7700149603690,Abraz Tubo Canister Jet Evo Mp,1631000009,Partes Pequeñas,203002,Ckd,NEGRO,CRUDO,UND,True
7700149603706,Canister Jet Evo Mp,1631000000,Ckd,203002,Ckd,NEGRO,CRUDO,UND,True
7700149603713,Tanq Combus Compl Jet Evo Mp,1631000000,Ckd,203002,Ckd,NEGRO,CRUDO,UND,True
7700149603737,Filtro Aire Jet Evo Mp,1631000000,Ckd,203002,Ckd,NEGRO,CRUDO,UND,True
7700149603744,Cubierta Izq Jet Evo Mp,1631000000,Ckd,203002,Ckd,NEGRO,CRUDO,UND,True
7700149603751,Mangue Combustible Jet Evo Mp,1631000000,Ckd,203002,Ckd,NEGRO,CRUDO,UND,True
7700149603768,Dirreccionales Jet Evo Mp,1631000000,Ckd,203002,Ckd,NEGRO,CRUDO,UND,True
7700149603775,Rueda Delantera Jet Evo Mp,1631000000,Ckd,203002,Ckd,NEGRO,CRUDO,UND,True
7700149603782,Rueda Trasera Jet Evo Mp,1631000000,Ckd,203002,Ckd,NEGRO,CRUDO,UND,True
7700149603799,Anillo Eje Trasero Jet Evo Mp,1631000000,Ckd,203002,Ckd,NEGRO,CRUDO,UND,True
7700149603805,Sist Frenado Emerge Jet Evo Mp,1631000000,Ckd,203002,Ckd,NEGRO,CRUDO,UND,True
7700149603812,Control Luces Emerg Jet Evo Mp,1631000000,Ckd,203002,Ckd,NEGRO,CRUDO,UND,True
7700149603829,Conector USB Jet Evo Mp,1631000000,Ckd,203002,Ckd,NEGRO,CRUDO,UND,True
7700149603836,Sensor Oxígeno Jet Evo Mp,1631000000,Ckd,203002,Ckd,NEGRO,CRUDO,UND,True
7700149603843,Sensor Temperatura Jet Evo Mp,1631000000,Ckd,203002,Ckd,NEGRO,CRUDO,UND,True
7700149603850,Tanque Reserva Jet Evo Mp,1631000000,Ckd,203002,Ckd,NEGRO,CRUDO,UND,True
7700149603867,Componente PKE Jet Evo Mp,1631000000,Ckd,203002,Ckd,NEGRO,CRUDO,UND,True
7700149603874,Cubierta delantera Jet Evo Mp,1631000000,Ckd,203002,Ckd,NEGRO,CRUDO,UND,True
7700149603881,Inter Manillar Izq Jet Evo Mp,1631000000,Ckd,203002,Ckd,NEGRO,CRUDO,UND,True
7700149603898,Inter Manillar Der Jet Evo Mp,1631000000,Ckd,203002,Ckd,NEGRO,CRUDO,UND,True
7700149603904,Juego Llaves Jet Evo Mp,1631000000,Ckd,203002,Ckd,NEGRO,CRUDO,UND,True
7700149603911,Luz Trasera Jet Evo Mp,1631000000,Ckd,203002,Ckd,NEGRO,CRUDO,UND,True
7700149603928,Farola Delantera Jet Evo Mp,1631000000,Ckd,203002,Ckd,NEGRO,CRUDO,UND,True
7700149603935,Cable Tierra B Jet Evo Mp,1631000000,Ckd,203002,Ckd,NEGRO,CRUDO,UND,True
7700149603942,Cable Batería Jet Evo Mp,1631000000,Ckd,203002,Ckd,NEGRO,CRUDO,UND,True
7700149603959,Sistema Electrico Jet Evo Mp,1631000000,Ckd,203002,Ckd,NEGRO,CRUDO,UND,True
7700149603966,Velocímetro Jet Evo Mp,1631000000,Ckd,203002,Ckd,NEGRO,CRUDO,UND,True
7700149603997,Tor Hex Brida 6 mm Jet Evo Mp,1631000009,Partes Pequeñas,203002,Ckd,NEGRO,CRUDO,UND,True
7700149604000,Tor Hex Bri 10×201 Jet Evo Mp,1631000009,Partes Pequeñas,203002,Ckd,NEGRO,CRUDO,UND,True
7700149604017,Tor Bri Hexa 10×308 Jet Evo Mp,1631000009,Partes Pequeñas,203002,Ckd,NEGRO,CRUDO,UND,True
7700149604024,Torni Especial 6×56 Jet Evo Mp,1631000009,Partes Pequeñas,203002,Ckd,NEGRO,CRUDO,UND,True
7700149604031,Tornillo Seguridad Jet Evo Mp,1631000009,Partes Pequeñas,203002,Ckd,NEGRO,CRUDO,UND,True
7700149604062,Torni Especial 6 mm Jet Evo Mp,1631000009,Partes Pequeñas,203002,Ckd,NEGRO,CRUDO,UND,True
7700149604086,Tapón angular Jet Evo Mp,1631000009,Partes Pequeñas,203002,Ckd,NEGRO,CRUDO,UND,True
7700149604116,Cubierta Cent Tras Jet Evo Mp,1631000000,Ckd,203002,Ckd,NEGRO,CRUDO,UND,True
7700149604123,Cubierta Dec B Izq Jet Evo Mp,1631000000,Ckd,203002,Ckd,NEGRO,CRUDO,UND,True
7700149604130,Cubier  Dec Izq Jet Evo Mp,1631000000,Ckd,203002,Ckd,NEGRO,CRUDO,UND,True
7700149604147,Cubierta Dec A Izq Jet Evo Mp,1631000000,Ckd,203002,Ckd,NEGRO,CRUDO,UND,True
7700149604154,Posapie Lateral Izq Jet Evo Mp,1631000000,Ckd,203002,Ckd,NEGRO,CRUDO,UND,True
7700149604185,Torn hexagonal 6×20 Jet Evo Mp,1631000009,Partes Pequeñas,203002,Ckd,NEGRO,CRUDO,UND,True
7700149604208,Torni hexagon 6×16 Jet Evo Mp,1631000009,Partes Pequeñas,203002,Ckd,NEGRO,CRUDO,UND,True
7700149604215,Torni Hexagon 6×12 Jet Evo Mp,1631000009,Partes Pequeñas,203002,Ckd,NEGRO,CRUDO,UND,True
7700149604222,Torn Tub Escap 8×60 Jet Evo Mp,1631000009,Partes Pequeñas,203002,Ckd,NEGRO,CRUDO,UND,True
7700149604239,Torn Hexagon M10×35 Jet Evo Mp,1631000009,Partes Pequeñas,203002,Ckd,NEGRO,CRUDO,UND,True
7700149604246,Torni Hexagon M8×50 Jet Evo Mp,1631000009,Partes Pequeñas,203002,Ckd,NEGRO,CRUDO,UND,True
7700149604253,Torni Hexagon M8×35 Jet Evo Mp,1631000009,Partes Pequeñas,203002,Ckd,NEGRO,CRUDO,UND,True
7700149604260,Torn Hexagonal 8×12 Jet Evo Mp,1631000009,Partes Pequeñas,203002,Ckd,NEGRO,CRUDO,UND,True
7700149604277,Tuer Plástica 6 mm Jet Evo Mp,1631000009,Partes Pequeñas,203002,Ckd,NEGRO,CRUDO,UND,True
7700149604284,Torn Hexagonal 6×22 Jet Evo Mp,1631000009,Partes Pequeñas,203002,Ckd,NEGRO,CRUDO,UND,True
7700149604291,Cubierta Dec B Der Jet Evo Mp,1631000000,Ckd,203002,Ckd,NEGRO,CRUDO,UND,True
7700149604307,Torn hexagonal 6×16 Jet Evo Mp,1631000009,Partes Pequeñas,203002,Ckd,NEGRO,CRUDO,UND,True
7700149604314,Goma Tope Freno Jet Evo Mp,1631000009,Partes Pequeñas,203002,Ckd,NEGRO,CRUDO,UND,True
7700149604321,Tuerc Hexagonal 6mm Jet Evo Mp,1631000009,Partes Pequeñas,203002,Ckd,NEGRO,CRUDO,UND,True
7700149604338,Tuer Hexagonal 8 mm Jet Evo Mp,1631000009,Partes Pequeñas,203002,Ckd,NEGRO,CRUDO,UND,True
7700149604345,Torn Autorros 4×16 Jet Evo Mp,1631000009,Partes Pequeñas,203002,Ckd,NEGRO,CRUDO,UND,True
7700149604352,Torni Autorroscante Jet Evo Mp,1631000009,Partes Pequeñas,203002,Ckd,NEGRO,CRUDO,UND,True
7700149604369,Torni Cab Plan 4×11 Jet Evo Mp,1631000009,Partes Pequeñas,203002,Ckd,NEGRO,CRUDO,UND,True
7700149604376,Torni Arandela 6×13 Jet Evo Mp,1631000009,Partes Pequeñas,203002,Ckd,NEGRO,CRUDO,UND,True
7700149604383,Torn Hexagonal 6×25 Jet Evo Mp,1631000009,Partes Pequeñas,203002,Ckd,NEGRO,CRUDO,UND,True
7700149604390,Cubier B Cupula Jet Evo Mp,1631000000,Ckd,203002,Ckd,NEGRO,CRUDO,UND,True
7700149604406,Cubierta Interna Jet Evo Mp,1631000000,Ckd,203002,Ckd,NEGRO,CRUDO,UND,True
7700149604413,Cubierta Central Jet Evo Mp,1631000000,Ckd,203002,Ckd,NEGRO,CRUDO,UND,True
7700149604420,Guardaba Trasero Jet Evo Mp,1631000000,Ckd,203002,Ckd,NEGRO,CRUDO,UND,True
7700149604437,Guardaba Inter Tras Jet Evo Mp,1631000000,Ckd,203002,Ckd,NEGRO,CRUDO,UND,True
7700149604444,Guar Fender Trasero Jet Evo Mp,1631000000,Ckd,203002,Ckd,NEGRO,CRUDO,UND,True
7700149604451,Cable Bloq Asiento Jet Evo Mp,1631000000,Ckd,203002,Ckd,NEGRO,CRUDO,UND,True
7700149604468,Goma Freno Jet Evo Mp,1631000009,Partes Pequeñas,203002,Ckd,NEGRO,CRUDO,UND,True
7700149604475,Sillin JetEvo Mp,1631000000,Ckd,203002,Ckd,NEGRO,CRUDO,UND,True
7700149604482,Cubier Lateral Izq Jet Evo Mp,1631000000,Ckd,203002,Ckd,NEGRO,CRUDO,UND,True
7700149604512,Cubier A Cupula Jet Evo Mp,1631000000,Ckd,203002,Ckd,NEGRO,CRUDO,UND,True
7700149604529,Cúpula Jet Evo Mp,1631000000,Ckd,203002,Ckd,NEGRO,CRUDO,UND,True
7700149604536,Tap Dec Frontal B Jet Evo Mp,1631000000,Ckd,203002,Ckd,NEGRO,CRUDO,UND,True
7700149604550,Piso Izquierdo Jet Evo Mp,1631000000,Ckd,203002,Ckd,NEGRO,CRUDO,UND,True
7700149604567,Cubie Número Chasis Jet Evo Mp,1631000000,Ckd,203002,Ckd,NEGRO,CRUDO,UND,True
7700149604574,Piso Derecho Jet Evo Mp,1631000000,Ckd,203002,Ckd,NEGRO,CRUDO,UND,True
7700149604581,Motor Completo Jet Evo VIN Mp,1631000002,Materia Prima Motor,203002,Ckd,NEGRO,CRUDO,UND,True
7700149604598,Soporte Asiento Jet Evo Mp,1631000000,Ckd,203002,Ckd,NEGRO,CRUDO,UND,True
7700149604604,Asiento Caja Equi Jet Evo Mp,1631000000,Ckd,203002,Ckd,NEGRO,CRUDO,UND,True
7700149604628,Goma Cubi Tras Care Jet Evo Mp,1631000009,Partes Pequeñas,203002,Ckd,NEGRO,CRUDO,UND,True
7700149604635,Cubier Dec Der Jet Evo Mp,1631000000,Ckd,203002,Ckd,NEGRO,CRUDO,UND,True
7700149604642,Anillo Cubi Carenad Jet Evo Mp,1631000000,Ckd,203002,Ckd,NEGRO,CRUDO,UND,True
7700149604659,Cubierta Dec A Der Jet Evo Mp,1631000000,Ckd,203002,Ckd,NEGRO,CRUDO,UND,True
7700149604666,Posapie lateral der Jet Evo Mp,1631000000,Ckd,203002,Ckd,NEGRO,CRUDO,UND,True
7700149604680,Cubierta Lat Der Jet Evo Mp,1631000000,Ckd,203002,Ckd,NEGRO,CRUDO,UND,True
7700149604697,Gancho Equipaje Jet Evo Mp,1631000000,Ckd,203002,Ckd,NEGRO,CRUDO,UND,True
7700149604703,Soporte Cubiert Int Jet Evo Mp,1631000000,Ckd,203002,Ckd,NEGRO,CRUDO,UND,True
7700149604727,Cubierta Maletero Jet Evo Mp,1631000000,Ckd,203002,Ckd,NEGRO,CRUDO,UND,True
7700149604734,Maletero Jet Evo Mp,1631000000,Ckd,203002,Ckd,NEGRO,CRUDO,UND,True
7700149604741,Sopor Cerradu Asien Jet Evo Mp,1631000000,Ckd,203002,Ckd,NEGRO,CRUDO,UND,True
7700149604758,Buje Portaequi tras Jet Evo Mp,1631000009,Partes Pequeñas,203002,Ckd,NEGRO,CRUDO,UND,True
7700149604765,Cubie Portaeq Tras Jet Evo Mp,1631000000,Ckd,203002,Ckd,NEGRO,CRUDO,UND,True
7700149604772,Parrilla Jet Evo Mp,1631000000,Ckd,203002,Ckd,NEGRO,CRUDO,UND,True
7700149604789,Cubierta Sup Inter Jet Evo Mp,1631000000,Ckd,203002,Ckd,NEGRO,CRUDO,UND,True
7700149604796,Tapa Sensor EFI Jet Evo Mp,1631000000,Ckd,203002,Ckd,NEGRO,CRUDO,UND,True
7700149609289,Calco Tecno ABS Der JET EVO,1632000000,Integracion Nacional,203002,Integración Nacional,NEGRO,CRUDO,UND,True
7700149609296,Calco Tecno EFI Izq JET EVO MP,1632000000,Integracion Nacional,203002,Integración Nacional,NEGRO,CRUDO,UND,True
7700149609319,Calco Tecno LC Izq JET EVO MP,1632000000,Integracion Nacional,203002,Integración Nacional,NEGRO,CRUDO,UND,True
7700149609326,Calco Tecno LC Der JET EVO MP,1632000000,Integracion Nacional,203002,Integración Nacional,NEGRO,CRUDO,UND,True
7700149609333,Emblema JET EVO Der MP,1632000000,Integracion Nacional,203002,Integración Nacional,NEGRO,CRUDO,UND,True
7700149609340,Emblema JET EVO Izq MP,1632000000,Integracion Nacional,203002,Integración Nacional,NEGRO,CRUDO,UND,True
7700149629171,Manual CBS JET EVO 3*1 MP,1632000000,Integracion Nacional,203002,Integración Nacional,NEGRO,CRUDO,UND,True
7700149639019,Calco Tecno TCS JET EVO MP,1632000000,Integracion Nacional,203002,Integración Nacional,NEGRO,CRUDO,UND,True
7700149639026,Calco Tecno 4V JET EVO MP,1632000000,Integracion Nacional,203002,Integración Nacional,NEGRO,CRUDO,UND,True
7700149639033,Calco Rin JET EVO MP,1632000000,Integracion Nacional,203002,Integración Nacional,NEGRO,CRUDO,UND,True
7701023563529,Guia Mordaza freno 125SC Mp,1631000009,Partes Pequeñas,203002,Ckd,NEGRO,CRUDO,UND,True
7701023583879,Tor Hex Aran M5x14 Pav SC Mp,1631000009,Partes Pequeñas,203002,Ckd,NEGRO,CRUDO,UND,True
7705946795241,Abrazadera Manguera Orbit Mp,1631000009,Partes Pequeñas,203002,Ckd,NEGRO,CRUDO,UND,True
7705946803038,Calc Sello Jet125 MP,1632000000,Integracion Nacional,203002,Integración Nacional,NEGRO,CRUDO,UND,True
7700149363174,Asiento Del HY450 Mp,1631000000,Ckd,203002,Ckd,ARENA,CRUDO,UND,True
7700149363433,Asiento Tras HY450 Mp,1631000000,Ckd,203002,Ckd,ARENA,CRUDO,UND,True
7700149366571,Cal Inf Gbro Iz Crem Hy 450 Mp,1631000000,Ckd,203002,Ckd,ARENA,CRUDO,UND,True
7700149366656,Cal Inf Gbro De Crem Hy 450 Mp,1631000000,Ckd,203002,Ckd,ARENA,CRUDO,UND,True
7700149689939,Barra Lat Der Cafe HY450 Mp,1631000000,Ckd,203002,Ckd,ARENA,CRUDO,UND,True
7700149689946,Barra Lat Izq Cafe HY450 Mp,1631000000,Ckd,203002,Ckd,ARENA,CRUDO,UND,True
7700149197236,Buje Campana Galv M9x22x18 Mp,1631000009,Partes Pequeñas,203002,Ckd,NEGRO MATE,CRUDO,UND,True
7700149213110,Arandela Buje 18X9X6.3X5.5 Mp,1631000009,Partes Pequeñas,203002,Ckd,NEGRO MATE,CRUDO,UND,True
7700149213240,Clip Plastico M6 300Rally Mp,1631000009,Partes Pequeñas,203002,Ckd,NEGRO MATE,CRUDO,UND,True
7700149356589,Correa Plastca 202 300Rally Mp,1631000009,Partes Pequeñas,203002,Ckd,NEGRO MATE,CRUDO,UND,True
7700149388160,Tornillo M10x1x10 200DS+ Mp,1631000009,Partes Pequeñas,203002,Ckd,NEGRO MATE,CRUDO,UND,True
7700149549868,Regulador Rect 500DSX Mp,1631000000,Ckd,203002,Ckd,NEGRO MATE,CRUDO,UND,True
7700149595810,Torn Horquilla Sup 900DS Mp,1631000009,Partes Pequeñas,203002,Ckd,NEGRO MATE,CRUDO,UND,True
7700149595827,Suspension Del Der 900DS Mp,1631000000,Ckd,203002,Ckd,NEGRO MATE,CRUDO,UND,True
7700149595834,Soporte Tanque 900DS Mp,1631000000,Ckd,203002,Ckd,NEGRO MATE,CRUDO,UND,True
7700149595841,Soporte Filtro Aire 1 900DS Mp,1631000000,Ckd,203002,Ckd,NEGRO MATE,CRUDO,UND,True
7700149595858,Soporte Filtro Aire 2 900DS Mp,1631000000,Ckd,203002,Ckd,NEGRO MATE,CRUDO,UND,True
7700149595865,Soporte Sillin Tras 900DS Mp,1631000000,Ckd,203002,Ckd,NEGRO MATE,CRUDO,UND,True
7700149595872,Soporte Catalizador 900DS Mp,1631000000,Ckd,203002,Ckd,NEGRO MATE,CRUDO,UND,True
7700149595889,Chasis Trasero 900DS Mp,1631000000,Ckd,203002,Ckd,NEGRO MATE,CRUDO,UND,True
7700149595896,Base Gato Central Izq 900DS Mp,1631000000,Ckd,203002,Ckd,NEGRO MATE,CRUDO,UND,True
7700149595902,Spte Sup Manubrio 900DS Mp,1631000000,Ckd,203002,Ckd,NEGRO MATE,CRUDO,UND,True
7700149595919,Soporte ABS 900DS Mp,1631000000,Ckd,203002,Ckd,NEGRO MATE,CRUDO,UND,True
7700149595926,Tuer Horquilla Inf 900DS Mp,1631000009,Partes Pequeñas,203002,Ckd,NEGRO MATE,CRUDO,UND,True
7700149595933,Arand Bloq Horq Inf 900DS Mp,1631000009,Partes Pequeñas,203002,Ckd,NEGRO MATE,CRUDO,UND,True
7700149595940,Arandela Horq Inf 900DS Mp,1631000009,Partes Pequeñas,203002,Ckd,NEGRO MATE,CRUDO,UND,True
7700149595957,Guardapolvo Horq Inf 900DS Mp,1631000000,Ckd,203002,Ckd,NEGRO MATE,CRUDO,UND,True
7700149595964,Balinera Horquilla 900DS Mp,1631000009,Partes Pequeñas,203002,Ckd,NEGRO MATE,CRUDO,UND,True
7700149595971,Balines 900DS Mp,1631000009,Partes Pequeñas,203002,Ckd,NEGRO MATE,CRUDO,UND,True
7700149595988,Tapa Lateral Izquierd 900DS Mp,1631000000,Ckd,203002,Ckd,NEGRO MATE,CRUDO,UND,True
7700149595995,Horquilla Superior 900DS Mp,1631000000,Ckd,203002,Ckd,NEGRO MATE,CRUDO,UND,True
7700149596008,Sistema ABS 900DS Mp,1631000000,Ckd,203002,Ckd,NEGRO MATE,CRUDO,UND,True
7700149596015,Bomba Freno Delant 900DS Mp,1631000000,Ckd,203002,Ckd,NEGRO MATE,CRUDO,UND,True
7700149596022,Switch Freno Delant 900DS Mp,1631000000,Ckd,203002,Ckd,NEGRO MATE,CRUDO,UND,True
7700149596039,Caliper Delantero Izq 900DS Mp,1631000000,Ckd,203002,Ckd,NEGRO MATE,CRUDO,UND,True
7700149596046,Caliper Delantero Der 900DS Mp,1631000000,Ckd,203002,Ckd,NEGRO MATE,CRUDO,UND,True
7700149596053,Tapa Protectora Torn 900DS Mp,1631000000,Ckd,203002,Ckd,NEGRO MATE,CRUDO,UND,True
7700149596060,Mang Conexion Caliper 900DS Mp,1631000000,Ckd,203002,Ckd,NEGRO MATE,CRUDO,UND,True
7700149596077,Torn Mang Fren M10x1.25x22 Mp,1631000009,Partes Pequeñas,203002,Ckd,NEGRO MATE,CRUDO,UND,True
7700149596084,Base Gato Central Der 900DS Mp,1631000000,Ckd,203002,Ckd,NEGRO MATE,CRUDO,UND,True
7700149596091,Torn Mang Fren M10x1x32 Mp,1631000009,Partes Pequeñas,203002,Ckd,NEGRO MATE,CRUDO,UND,True
7700149596107,Amortiguador Tras 900DS Mp,1631000000,Ckd,203002,Ckd,NEGRO MATE,CRUDO,UND,True
7700149596114,Spte Disco Freno Tras 900DS Mp,1631000000,Ckd,203002,Ckd,NEGRO MATE,CRUDO,UND,True
7700149596121,Bomba Freno Tras 900DS Mp,1631000000,Ckd,203002,Ckd,NEGRO MATE,CRUDO,UND,True
7700149596138,Caliper Trasero 900DS Mp,1631000000,Ckd,203002,Ckd,NEGRO MATE,CRUDO,UND,True
7700149596145,Mang Bomba Del ABS 900DS Mp,1631000000,Ckd,203002,Ckd,NEGRO MATE,CRUDO,UND,True
7700149596152,Mang ABS-Caliper Del 900DS Mp,1631000000,Ckd,203002,Ckd,NEGRO MATE,CRUDO,UND,True
7700149596169,Mang Bomba Tras/ ABS 900DS Mp,1631000000,Ckd,203002,Ckd,NEGRO MATE,CRUDO,UND,True
7700149596176,Mang ABS/Caliper Tras 900DS Mp,1631000000,Ckd,203002,Ckd,NEGRO MATE,CRUDO,UND,True
7700149596183,Torn Mang Fren M10x1x20 Mp,1631000009,Partes Pequeñas,203002,Ckd,NEGRO MATE,CRUDO,UND,True
7700149596206,Suspension Del Izq 900DS Mp,1631000000,Ckd,203002,Ckd,NEGRO MATE,CRUDO,UND,True
7700149596213,Sillin Completo 900DS Mp,1631000000,Ckd,203002,Ckd,NEGRO MATE,CRUDO,UND,True
7700149596220,Tapa Bisagra Sillin 900DS Mp,1631000000,Ckd,203002,Ckd,NEGRO MATE,CRUDO,UND,True
7700149596237,Cable Sillin 900DS Mp,1631000000,Ckd,203002,Ckd,NEGRO MATE,CRUDO,UND,True
7700149596244,Union Defensa 900DS Mp,1631000000,Ckd,203002,Ckd,NEGRO MATE,CRUDO,UND,True
7700149596251,Soporte Maletero 900DS Mp,1631000000,Ckd,203002,Ckd,NEGRO MATE,CRUDO,UND,True
7700149596268,Defensa Izq 900DS Mp,1631000000,Ckd,203002,Ckd,NEGRO MATE,CRUDO,UND,True
7700149596275,Cable Clutch 900DS Mp,1631000000,Ckd,203002,Ckd,NEGRO MATE,CRUDO,UND,True
7700149596299,Carretel Acelerador 900DS Mp,1631000000,Ckd,203002,Ckd,NEGRO MATE,CRUDO,UND,True
7700149596305,Spte Tapa Tanq Combus 900DS Mp,1631000000,Ckd,203002,Ckd,NEGRO MATE,CRUDO,UND,True
7700149596312,Guardabarro Delantero 900DS Mp,1631000000,Ckd,203002,Ckd,NEGRO MATE,CRUDO,UND,True
7700149596329,Caucho Antivibrante 2 900DS Mp,1631000009,Partes Pequeñas,203002,Ckd,NEGRO MATE,CRUDO,UND,True
7700149596336,Soporte Placa 900DS Mp,1631000000,Ckd,203002,Ckd,NEGRO MATE,CRUDO,UND,True
7700149596343,Guardab Tras Int Inf 900DS Mp,1631000000,Ckd,203002,Ckd,NEGRO MATE,CRUDO,UND,True
7700149596350,Guardabarro Trasero 900DS Mp,1631000000,Ckd,203002,Ckd,NEGRO MATE,CRUDO,UND,True
7700149596374,Defensa Der 900DS Mp,1631000000,Ckd,203002,Ckd,NEGRO MATE,CRUDO,UND,True
7700149596381,Gato Central 900DS Mp,1631000000,Ckd,203002,Ckd,NEGRO MATE,CRUDO,UND,True
7700149596398,Guardapolvo Tijera 900DS Mp,1631000000,Ckd,203002,Ckd,NEGRO MATE,CRUDO,UND,True
7700149596404,Deslizador Cadena 900DS Mp,1631000000,Ckd,203002,Ckd,NEGRO MATE,CRUDO,UND,True
7700149596411,Protector Cadena 900DS Mp,1631000000,Ckd,203002,Ckd,NEGRO MATE,CRUDO,UND,True
7700149596428,Tensor Cadena Izq 900DS Mp,1631000000,Ckd,203002,Ckd,NEGRO MATE,CRUDO,UND,True
7700149596435,Tensor Cadena Der 900DS Mp,1631000000,Ckd,203002,Ckd,NEGRO MATE,CRUDO,UND,True
7700149596442,Posapie Del Izq 900DS Mp,1631000000,Ckd,203002,Ckd,NEGRO MATE,CRUDO,UND,True
7700149596459,Posapie Del Der 900DS Mp,1631000000,Ckd,203002,Ckd,NEGRO MATE,CRUDO,UND,True
7700149596466,Estabilizador Direcc 900DS Mp,1631000000,Ckd,203002,Ckd,NEGRO MATE,CRUDO,UND,True
7700149596473,Soporte Gato Lateral 900DS Mp,1631000000,Ckd,203002,Ckd,NEGRO MATE,CRUDO,UND,True
7700149596480,Caucho Sprocket 900DS Mp,1631000009,Partes Pequeñas,203002,Ckd,NEGRO MATE,CRUDO,UND,True
7700149596497,Plat Resort GatoCentr 900DS Mp,1631000009,Partes Pequeñas,203002,Ckd,NEGRO MATE,CRUDO,UND,True
7700149596503,Posapie Tras Izq 900DS Mp,1631000000,Ckd,203002,Ckd,NEGRO MATE,CRUDO,UND,True
7700149596510,Posapie Tras Der 900DS Mp,1631000000,Ckd,203002,Ckd,NEGRO MATE,CRUDO,UND,True
7700149596527,Tope Posapie Del Izq 900DS Mp,1631000000,Ckd,203002,Ckd,NEGRO MATE,CRUDO,UND,True
7700149596534,Tope Posapie Del Der 900DS Mp,1631000000,Ckd,203002,Ckd,NEGRO MATE,CRUDO,UND,True
7700149596541,Manubrio 900DS Mp,1631000000,Ckd,203002,Ckd,NEGRO MATE,CRUDO,UND,True
7700149596558,Manilar 900DS Mp,1631000000,Ckd,203002,Ckd,NEGRO MATE,CRUDO,UND,True
7700149596565,Gatol Lateral 900DS Mp,1631000000,Ckd,203002,Ckd,NEGRO MATE,CRUDO,UND,True
7700149596572,Relay Arranque 900DS Mp,1631000000,Ckd,203002,Ckd,NEGRO MATE,CRUDO,UND,True
7700149596589,Pedal Freno 900DS Mp,1631000000,Ckd,203002,Ckd,NEGRO MATE,CRUDO,UND,True
7700149596602,Platina Canister 900DS Mp,1631000009,Partes Pequeñas,203002,Ckd,NEGRO MATE,CRUDO,UND,True
7700149596619,Parte Media Mofle 900DS Mp,1631000000,Ckd,203002,Ckd,NEGRO MATE,CRUDO,UND,True
7700149596626,Pedal Cambio 900DS Mp,1631000000,Ckd,203002,Ckd,NEGRO MATE,CRUDO,UND,True
7700149596633,Cuerpo Acople 900DS Mp,1631000000,Ckd,203002,Ckd,NEGRO MATE,CRUDO,UND,True
7700149596640,Cadena 900DS Mp,1631000000,Ckd,203002,Ckd,NEGRO MATE,CRUDO,UND,True
7700149596657,Arandela Refuerzo 900DS Mp,1631000009,Partes Pequeñas,203002,Ckd,NEGRO MATE,CRUDO,UND,True
7700149596664,Platina Cable Presión 900DS Mp,1631000009,Partes Pequeñas,203002,Ckd,NEGRO MATE,CRUDO,UND,True
7700149596671,Parte Trasera Mofle 900DS Mp,1631000000,Ckd,203002,Ckd,NEGRO MATE,CRUDO,UND,True
7700149596688,Spte Partes Electr 1 900DS Mp,1631000000,Ckd,203002,Ckd,NEGRO MATE,CRUDO,UND,True
7700149596695,Spte Partes Electr 2 900DS Mp,1631000000,Ckd,203002,Ckd,NEGRO MATE,CRUDO,UND,True
7700149596701,Soporte Regulador 900DS Mp,1631000000,Ckd,203002,Ckd,NEGRO MATE,CRUDO,UND,True
7700149596718,Bobina Encendido 900DS Mp,1631000000,Ckd,203002,Ckd,NEGRO MATE,CRUDO,UND,True
7700149596725,Bateria 900DS Mp,1631000000,Ckd,203002,Ckd,NEGRO MATE,CRUDO,UND,True
7700149596732,Platina Bateria 900DS Mp,1631000009,Partes Pequeñas,203002,Ckd,NEGRO MATE,CRUDO,UND,True
7700149596749,Sistema Electrico 900DS Mp,1631000000,Ckd,203002,Ckd,NEGRO MATE,CRUDO,UND,True
7700149596756,Guardacadena 900DS Mp,1631000000,Ckd,203002,Ckd,NEGRO MATE,CRUDO,UND,True
7700149596763,Sistema EVAP 900DS Mp,1631000000,Ckd,203002,Ckd,NEGRO MATE,CRUDO,UND,True
7700149596770,Tubo Respirador 900DS Mp,1631000000,Ckd,203002,Ckd,NEGRO MATE,CRUDO,UND,True
7700149596787,Radiador 900DS Mp,1631000000,Ckd,203002,Ckd,NEGRO MATE,CRUDO,UND,True
7700149596794,Cbta Inf Radiador 900DS Mp,1631000000,Ckd,203002,Ckd,NEGRO MATE,CRUDO,UND,True
7700149596800,Cubt Ventilador 900DS Mp,1631000000,Ckd,203002,Ckd,NEGRO MATE,CRUDO,UND,True
7700149596817,Cbta Protect Radiador 900DS Mp,1631000000,Ckd,203002,Ckd,NEGRO MATE,CRUDO,UND,True
7700149596824,Deposito Supementario 900DS Mp,1631000000,Ckd,203002,Ckd,NEGRO MATE,CRUDO,UND,True
7700149596831,Cbta Decor Radiador 900DS Mp,1631000000,Ckd,203002,Ckd,NEGRO MATE,CRUDO,UND,True
7700149596848,Soporte Mofle 900DS Mp,1631000000,Ckd,203002,Ckd,NEGRO MATE,CRUDO,UND,True
7700149596855,Cuerpo Acelerador 900DS Mp,1631000000,Ckd,203002,Ckd,NEGRO MATE,CRUDO,UND,True
7700149596862,Comando Izquierdo 900DS Mp,1631000000,Ckd,203002,Ckd,NEGRO MATE,CRUDO,UND,True
7700149596879,Valv Magentica Canist 900DS Mp,1631000000,Ckd,203002,Ckd,NEGRO MATE,CRUDO,UND,True
7700149596886,Tanque Combustible 900DS Mp,1631000000,Ckd,203002,Ckd,NEGRO MATE,CRUDO,UND,True
7700149596893,Llave Gasolina 900DS Mp,1631000000,Ckd,203002,Ckd,NEGRO MATE,CRUDO,UND,True
7700149596909,Caja Filtro 900DS Mp,1631000000,Ckd,203002,Ckd,NEGRO MATE,CRUDO,UND,True
7700149596916,Tubo Adm CajaFiltro 1 900DS Mp,1631000000,Ckd,203002,Ckd,NEGRO MATE,CRUDO,UND,True
7700149596923,Tubo Adm CajaFiltro 2 900DS Mp,1631000000,Ckd,203002,Ckd,NEGRO MATE,CRUDO,UND,True
7700149596930,Empaque Mofle 900DS Mp,1631000000,Ckd,203002,Ckd,NEGRO MATE,CRUDO,UND,True
7700149596954,Brazo Spte Explor Der 900DS Mp,1631000000,Ckd,203002,Ckd,NEGRO MATE,CRUDO,UND,True
7700149596961,Direc 300 Del Izq 900DS Mp,1631000000,Ckd,203002,Ckd,NEGRO MATE,CRUDO,UND,True
7700149596978,Direc 200 Del Izq 900DS Mp,1631000000,Ckd,203002,Ckd,NEGRO MATE,CRUDO,UND,True
7700149596985,Direc 300 Del Der 900DS Mp,1631000000,Ckd,203002,Ckd,NEGRO MATE,CRUDO,UND,True
7700149596992,Direc 200 Del Der 900DS Mp,1631000000,Ckd,203002,Ckd,NEGRO MATE,CRUDO,UND,True
7700149597005,Buje Caucho 900DS Mp,1631000009,Partes Pequeñas,203002,Ckd,NEGRO MATE,CRUDO,UND,True
7700149597012,Velocimetro 900DS Mp,1631000000,Ckd,203002,Ckd,NEGRO MATE,CRUDO,UND,True
7700149597029,Soporte Velocimetro 900DS Mp,1631000000,Ckd,203002,Ckd,NEGRO MATE,CRUDO,UND,True
7700149597036,Socket DC 900DS Mp,1631000000,Ckd,203002,Ckd,NEGRO MATE,CRUDO,UND,True
7700149597043,Brazo Spte Explor Izq 900DS Mp,1631000000,Ckd,203002,Ckd,NEGRO MATE,CRUDO,UND,True
7700149597050,Platina Farola 900DS Mp,1631000009,Partes Pequeñas,203002,Ckd,NEGRO MATE,CRUDO,UND,True
7700149597067,Spte Sensor Veloc 900DS Mp,1631000000,Ckd,203002,Ckd,NEGRO MATE,CRUDO,UND,True
7700149597074,Puerto USB 900DS Mp,1631000000,Ckd,203002,Ckd,NEGRO MATE,CRUDO,UND,True
7700149597081,Sensor Radar 900DS Mp,1631000000,Ckd,203002,Ckd,NEGRO MATE,CRUDO,UND,True
7700149597098,Rueda Delantera 900DS Mp,1631000000,Ckd,203002,Ckd,NEGRO MATE,CRUDO,UND,True
7700149597104,Rueda Trasera 900DS Mp,1631000000,Ckd,203002,Ckd,NEGRO MATE,CRUDO,UND,True
7700149597111,PortaSprocket Interno 900DS Mp,1631000000,Ckd,203002,Ckd,NEGRO MATE,CRUDO,UND,True
7700149597128,Soporte Tapa Lat Izq 900DS Mp,1631000000,Ckd,203002,Ckd,NEGRO MATE,CRUDO,UND,True
7700149597135,Exploradoras 900DS Mp,1631000000,Ckd,203002,Ckd,NEGRO MATE,CRUDO,UND,True
7700149597142,Sensor Inercial 900DS Mp,1631000000,Ckd,203002,Ckd,NEGRO MATE,CRUDO,UND,True
7700149597159,Caucho Antivibrante 900DS Mp,1631000009,Partes Pequeñas,203002,Ckd,NEGRO MATE,CRUDO,UND,True
7700149597166,Leva Izquierda 900DS Mp,1631000000,Ckd,203002,Ckd,NEGRO MATE,CRUDO,UND,True
7700149597173,Comando Derecho 900DS Mp,1631000000,Ckd,203002,Ckd,NEGRO MATE,CRUDO,UND,True
7700149597180,Switch Freno Trasero 900DS Mp,1631000000,Ckd,203002,Ckd,NEGRO MATE,CRUDO,UND,True
7700149597197,Sistema Electrico Aux 900DS Mp,1631000000,Ckd,203002,Ckd,NEGRO MATE,CRUDO,UND,True
7700149597203,Caja Electrica 900DS Mp,1631000000,Ckd,203002,Ckd,NEGRO MATE,CRUDO,UND,True
7700149597210,Sensor Inclinacion 900DS Mp,1631000000,Ckd,203002,Ckd,NEGRO MATE,CRUDO,UND,True
7700149597227,Luz Placa 900DS Mp,1631000000,Ckd,203002,Ckd,NEGRO MATE,CRUDO,UND,True
7700149597234,Controlador BCM 900DS Mp,1631000000,Ckd,203002,Ckd,NEGRO MATE,CRUDO,UND,True
7700149597241,Stop 900DS Mp,1631000000,Ckd,203002,Ckd,NEGRO MATE,CRUDO,UND,True
7700149597258,Llave Control Remoto 900DS Mp,1631000000,Ckd,203002,Ckd,NEGRO MATE,CRUDO,UND,True
7700149597265,Clip Fijacion 900DS Mp,1631000009,Partes Pequeñas,203002,Ckd,NEGRO MATE,CRUDO,UND,True
7700149597272,Sensor Cambios 900DS Mp,1631000000,Ckd,203002,Ckd,NEGRO MATE,CRUDO,UND,True
7700149597289,Reflectivo Lateral 900DS Mp,1631000000,Ckd,203002,Ckd,NEGRO MATE,CRUDO,UND,True
7700149597296,Platina Pito 900DS Mp,1631000009,Partes Pequeñas,203002,Ckd,NEGRO MATE,CRUDO,UND,True
7700149597302,Farola Izq 900DS Mp,1631000000,Ckd,203002,Ckd,NEGRO MATE,CRUDO,UND,True
7700149597319,Cubierta Farola 900DS Mp,1631000000,Ckd,203002,Ckd,NEGRO MATE,CRUDO,UND,True
7700149597326,Switch Encendido 900DS Mp,1631000000,Ckd,203002,Ckd,NEGRO MATE,CRUDO,UND,True
7700149597333,Union Cambio 900DS Mp,1631000000,Ckd,203002,Ckd,NEGRO MATE,CRUDO,UND,True
7700149597340,Abrazadera Tubo Neg D2 Mp,1631000009,Partes Pequeñas,203002,Ckd,NEGRO MATE,CRUDO,UND,True
7700149597357,Resort Gato Lateral 1 900DS Mp,1631000009,Partes Pequeñas,203002,Ckd,NEGRO MATE,CRUDO,UND,True
7700149597364,Caucho 21x17 Mp,1631000009,Partes Pequeñas,203002,Ckd,NEGRO MATE,CRUDO,UND,True
7700149597371,Arandela Goma 22×10.5×2 Mp,1631000009,Partes Pequeñas,203002,Ckd,NEGRO MATE,CRUDO,UND,True
7700149597388,Abrazadera Cable Galv D3 Mp,1631000009,Partes Pequeñas,203002,Ckd,NEGRO MATE,CRUDO,UND,True
7700149597395,Abrazadera Cable Trop D3 Mp,1631000009,Partes Pequeñas,203002,Ckd,NEGRO MATE,CRUDO,UND,True
7700149597401,Abrazadera Tubo Galv D10 Mp,1631000009,Partes Pequeñas,203002,Ckd,NEGRO MATE,CRUDO,UND,True
7700149597418,Abrazadera Tubo Galv D10.5 Mp,1631000009,Partes Pequeñas,203002,Ckd,NEGRO MATE,CRUDO,UND,True
7700149597425,Banda Freno Del 900DS Mp,1631000000,Ckd,203002,Ckd,NEGRO MATE,CRUDO,UND,True
7700149597432,Abrazadera Tubo Neg D24 Mp,1631000009,Partes Pequeñas,203002,Ckd,NEGRO MATE,CRUDO,UND,True
7700149597449,Caucho Diametro 10.5 Mp,1631000009,Partes Pequeñas,203002,Ckd,NEGRO MATE,CRUDO,UND,True
7700149597456,Abrazadera Tubo Neg D33 Mp,1631000009,Partes Pequeñas,203002,Ckd,NEGRO MATE,CRUDO,UND,True
7700149597463,Abrazadera Tubo Neg D37 Mp,1631000009,Partes Pequeñas,203002,Ckd,NEGRO MATE,CRUDO,UND,True
7700149597470,Abrazadera Tubo Neg D22 Mp,1631000009,Partes Pequeñas,203002,Ckd,NEGRO MATE,CRUDO,UND,True
7700149597487,Aro 40x60 900DS Mp,1631000009,Partes Pequeñas,203002,Ckd,NEGRO MATE,CRUDO,UND,True
7700149597494,Aro 1.2mm 900DS Mp,1631000009,Partes Pequeñas,203002,Ckd,NEGRO MATE,CRUDO,UND,True
7700149597500,Aro 1.2mm x52.5 Mp,1631000009,Partes Pequeñas,203002,Ckd,NEGRO MATE,CRUDO,UND,True
7700149597517,Parte Int GuardabTras 900DS Mp,1631000000,Ckd,203002,Ckd,NEGRO MATE,CRUDO,UND,True
7700149597524,Abrazadera Tubo Galv D13.5 Mp,1631000009,Partes Pequeñas,203002,Ckd,NEGRO MATE,CRUDO,UND,True
7700149597531,Anillo Sello 11x14x1.5 Mp,1631000009,Partes Pequeñas,203002,Ckd,NEGRO MATE,CRUDO,UND,True
7700149597548,Buje Horq 30x24x51 Mp,1631000009,Partes Pequeñas,203002,Ckd,NEGRO MATE,CRUDO,UND,True
7700149597555,Buje Porta Sprocket 50x3 Mp,1631000009,Partes Pequeñas,203002,Ckd,NEGRO MATE,CRUDO,UND,True
7700149597562,Buje Rueda Trasera 47x3 Mp,1631000009,Partes Pequeñas,203002,Ckd,NEGRO MATE,CRUDO,UND,True
7700149597579,Buje Eje Rueda Tras 900DS Mp,1631000009,Partes Pequeñas,203002,Ckd,NEGRO MATE,CRUDO,UND,True
7700149597586,Buje Neg 12x8.2x7 Mp,1631000009,Partes Pequeñas,203002,Ckd,NEGRO MATE,CRUDO,UND,True
7700149597593,Buje Neg 12x8.2x28.2 Mp,1631000009,Partes Pequeñas,203002,Ckd,NEGRO MATE,CRUDO,UND,True
7700149597609,Buje 8x6.2x29.5 Mp,1631000009,Partes Pequeñas,203002,Ckd,NEGRO MATE,CRUDO,UND,True
7700149597616,Banda 4x150 Mp,1631000000,Ckd,203002,Ckd,NEGRO MATE,CRUDO,UND,True
7700149597623,Buje 15x9x31 Mp,1631000009,Partes Pequeñas,203002,Ckd,NEGRO MATE,CRUDO,UND,True
7700149597630,Resorte Gato Central 900DS Mp,1631000009,Partes Pequeñas,203002,Ckd,NEGRO MATE,CRUDO,UND,True
7700149597647,Eje Rueda Delantera 900DS Mp,1631000009,Partes Pequeñas,203002,Ckd,NEGRO MATE,CRUDO,UND,True
7700149597654,Eje Tijera 900DS Mp,1631000009,Partes Pequeñas,203002,Ckd,NEGRO MATE,CRUDO,UND,True
7700149597661,Eje Rueda Trasera 900DS Mp,1631000009,Partes Pequeñas,203002,Ckd,NEGRO MATE,CRUDO,UND,True
7700149597678,Eje Pedal Cambios 900DS Mp,1631000009,Partes Pequeñas,203002,Ckd,NEGRO MATE,CRUDO,UND,True
7700149597685,Caucho 15×22×28 15mm Mp,1631000009,Partes Pequeñas,203002,Ckd,NEGRO MATE,CRUDO,UND,True
7700149597692,Caucho Diametro 8.75 Mp,1631000009,Partes Pequeñas,203002,Ckd,NEGRO MATE,CRUDO,UND,True
7700149597708,Caucho 20×10×8 Mp,1631000009,Partes Pequeñas,203002,Ckd,NEGRO MATE,CRUDO,UND,True
7700149597715,Buje 14x12x2.8 Mp,1631000009,Partes Pequeñas,203002,Ckd,NEGRO MATE,CRUDO,UND,True
7700149597722,Soporte Quick Shifter 900DS Mp,1631000000,Ckd,203002,Ckd,NEGRO MATE,CRUDO,UND,True
7700149597739,Tapon Tijera 900DS Mp,1631000009,Partes Pequeñas,203002,Ckd,NEGRO MATE,CRUDO,UND,True
7700149597746,Torn Hex Brida M10x30x8.8 Mp,1631000009,Partes Pequeñas,203002,Ckd,NEGRO MATE,CRUDO,UND,True
7700149597753,Torn Hex Brida M10x45x25 Mp,1631000009,Partes Pequeñas,203002,Ckd,NEGRO MATE,CRUDO,UND,True
7700149597777,Torn Hex Brida M12x40x10 Mp,1631000009,Partes Pequeñas,203002,Ckd,NEGRO MATE,CRUDO,UND,True
7700149597784,Torn Hex Brida M8x40x10 Mp,1631000009,Partes Pequeñas,203002,Ckd,NEGRO MATE,CRUDO,UND,True
7700149597791,Torn Hex Brida M8x55x10.9 Mp,1631000009,Partes Pequeñas,203002,Ckd,NEGRO MATE,CRUDO,UND,True
7700149597807,Tor Hex Posap DelDer M10x95 Mp,1631000009,Partes Pequeñas,203002,Ckd,NEGRO MATE,CRUDO,UND,True
7700149597814,Caucho Amortiguador 900DS Mp,1631000009,Partes Pequeñas,203002,Ckd,NEGRO MATE,CRUDO,UND,True
7700149597821,Torn Hex Brida M10x50x25 Mp,1631000009,Partes Pequeñas,203002,Ckd,NEGRO MATE,CRUDO,UND,True
7700149597838,Kit Switch 900DS Mp,1631000000,Ckd,203002,Ckd,NEGRO MATE,CRUDO,UND,True
7700149597852,Horquilla Inf-Sup 900DS Mp,1631000000,Ckd,203002,Ckd,NEGRO MATE,CRUDO,UND,True
7700149597869,Horquilla Trasera 900DS Mp,1631000000,Ckd,203002,Ckd,NEGRO MATE,CRUDO,UND,True
7700149597876,Vidrio Cupula 900DS Mp,1631000000,Ckd,203002,Ckd,NEGRO MATE,CRUDO,UND,True
7700149597883,Banda 900DS Mp,1631000000,Ckd,203002,Ckd,NEGRO MATE,CRUDO,UND,True
7700149597890,Arandela Caucho 42X2.5 Mp,1631000009,Partes Pequeñas,203002,Ckd,NEGRO MATE,CRUDO,UND,True
7700149597906,Torn Hex Brida M6x40x8.8 Mp,1631000009,Partes Pequeñas,203002,Ckd,NEGRO MATE,CRUDO,UND,True
7700149597913,Tope Gato Central 900DS Mp,1631000009,Partes Pequeñas,203002,Ckd,NEGRO MATE,CRUDO,UND,True
7700149597920,Resort Gato Lateral 2 900DS Mp,1631000009,Partes Pequeñas,203002,Ckd,NEGRO MATE,CRUDO,UND,True
7700149597937,Resorte Pedal Freno 900DS Mp,1631000009,Partes Pequeñas,203002,Ckd,NEGRO MATE,CRUDO,UND,True
7700149597944,Torn Ave Hex M8x30x7 Mp,1631000009,Partes Pequeñas,203002,Ckd,NEGRO MATE,CRUDO,UND,True
7700149597951,Torn Ave Hex M5x12 Mp,1631000009,Partes Pequeñas,203002,Ckd,NEGRO MATE,CRUDO,UND,True
7700149597968,Torn Ave Hex M5x20x8.8 Mp,1631000009,Partes Pequeñas,203002,Ckd,NEGRO MATE,CRUDO,UND,True
7700149597975,Torn Ave Hex M6x12 Mp,1631000009,Partes Pequeñas,203002,Ckd,NEGRO MATE,CRUDO,UND,True
7700149597982,Torn Ave Hex M6x20x8.8 Mp,1631000009,Partes Pequeñas,203002,Ckd,NEGRO MATE,CRUDO,UND,True
7700149597999,Tor Hex Posap DelDer M12x50 Mp,1631000009,Partes Pequeñas,203002,Ckd,NEGRO MATE,CRUDO,UND,True
7700149598002,Espuma Neg 12×24×7 Mp,1631000009,Partes Pequeñas,203002,Ckd,NEGRO MATE,CRUDO,UND,True
7700149598019,Buje Rueda Delantera 34x2.2 Mp,1631000009,Partes Pequeñas,203002,Ckd,NEGRO MATE,CRUDO,UND,True
7700149598026,Torn Hex Brida M6x12x8.8 Mp,1631000009,Partes Pequeñas,203002,Ckd,NEGRO MATE,CRUDO,UND,True
7700149598033,Torn Hex Brida M8x25x8 Mp,1631000009,Partes Pequeñas,203002,Ckd,NEGRO MATE,CRUDO,UND,True
7700149598040,Torn Hex Brida M6x20x8.8 Mp,1631000009,Partes Pequeñas,203002,Ckd,NEGRO MATE,CRUDO,UND,True
7700149598057,Torn Hex Brida M8x12x8.8 Mp,1631000009,Partes Pequeñas,203002,Ckd,NEGRO MATE,CRUDO,UND,True
7700149598071,Torn Hex Brida M8x20x8.8 Mp,1631000009,Partes Pequeñas,203002,Ckd,NEGRO MATE,CRUDO,UND,True
7700149598088,Torn Hex Brida M8x45 Mp,1631000009,Partes Pequeñas,203002,Ckd,NEGRO MATE,CRUDO,UND,True
7700149598095,Torn Ave Hex M12x18x10.9 Mp,1631000009,Partes Pequeñas,203002,Ckd,NEGRO MATE,CRUDO,UND,True
7700149598101,Clip Expansion 900DS Mp,1631000009,Partes Pequeñas,203002,Ckd,NEGRO MATE,CRUDO,UND,True
7700149598118,Buje Soporte Motor 900DS Mp,1631000009,Partes Pequeñas,203002,Ckd,NEGRO MATE,CRUDO,UND,True
7700149598125,Cbta Inferior Stop 900DS Mp,1631000000,Ckd,203002,Ckd,NEGRO MATE,CRUDO,UND,True
7700149598132,Conector Regulador 900DS Mp,1631000000,Ckd,203002,Ckd,NEGRO MATE,CRUDO,UND,True
7700149598149,Tapa Central Tanque 900DS Mp,1631000000,Ckd,203002,Ckd,NEGRO MATE,CRUDO,UND,True
7700149598156,Spte Tapa Tanq Izq 900DS Mp,1631000000,Ckd,203002,Ckd,NEGRO MATE,CRUDO,UND,True
7700149598163,Spte Tapa Tanq Der 900DS Mp,1631000000,Ckd,203002,Ckd,NEGRO MATE,CRUDO,UND,True
7700149598194,Guardabarro Del Sup 900DS Mp,1631000000,Ckd,203002,Ckd,NEGRO MATE,CRUDO,UND,True
7700149598217,Kit Herramientas 900DS Mp,1631000000,Ckd,203002,Ckd,NEGRO MATE,CRUDO,UND,True
7700149598224,Retrovisor Izquierdo 900DS Mp,1631000000,Ckd,203002,Ckd,NEGRO MATE,CRUDO,UND,True
7700149598231,Retrovisor Derecho 900DS Mp,1631000000,Ckd,203002,Ckd,NEGRO MATE,CRUDO,UND,True
7700149598248,Espuma Tapa Tanq 1 900DS Mp,1631000000,Ckd,203002,Ckd,NEGRO MATE,CRUDO,UND,True
7700149598255,Espuma Tapa Tanq 2 900DS Mp,1631000000,Ckd,203002,Ckd,NEGRO MATE,CRUDO,UND,True
7700149598262,Fieltro 900DS Mp,1631000000,Ckd,203002,Ckd,NEGRO MATE,CRUDO,UND,True
7700149598279,Calco Tension Cadena 900DS Mp,1631000000,Ckd,203002,Ckd,NEGRO MATE,CRUDO,UND,True
7700149598293,Cbta Velocimetro Der 900DS Mp,1631000000,Ckd,203002,Ckd,NEGRO MATE,CRUDO,UND,True
7700149598309,Tapa Lateral Derecha 900DS Mp,1631000000,Ckd,203002,Ckd,NEGRO MATE,CRUDO,UND,True
7700149598316,Soporte Tapa Lat Der 900DS Mp,1631000000,Ckd,203002,Ckd,NEGRO MATE,CRUDO,UND,True
7700149598323,Cupula Izquierda 900DS Mp,1631000000,Ckd,203002,Ckd,NEGRO MATE,CRUDO,UND,True
7700149598330,Cupula Derecha 900DS Mp,1631000000,Ckd,203002,Ckd,NEGRO MATE,CRUDO,UND,True
7700149598361,Cupula 900DS Mp,1631000000,Ckd,203002,Ckd,NEGRO MATE,CRUDO,UND,True
7700149598385,Cbta Velocimetro Izq 900DS Mp,1631000000,Ckd,203002,Ckd,NEGRO MATE,CRUDO,UND,True
7700149598392,Torn Hex Brida M6x45 Mp,1631000009,Partes Pequeñas,203002,Ckd,NEGRO MATE,CRUDO,UND,True
7700149598408,Spte Handsaver Izq 900DS Mp,1631000000,Ckd,203002,Ckd,NEGRO MATE,CRUDO,UND,True
7700149598415,Spte Handsaver Der 900DS Mp,1631000000,Ckd,203002,Ckd,NEGRO MATE,CRUDO,UND,True
7700149598422,Carenaje Izq 900DS Mp,1631000000,Ckd,203002,Ckd,NEGRO MATE,CRUDO,UND,True
7700149598439,Carenaje Der 900DS Mp,1631000000,Ckd,203002,Ckd,NEGRO MATE,CRUDO,UND,True
7700149598446,Pechera 900DS Mp,1631000000,Ckd,203002,Ckd,NEGRO MATE,CRUDO,UND,True
7700149598484,Tubo Desfogue 5x9 Mp,1631000000,Ckd,203002,Ckd,NEGRO MATE,CRUDO,UND,True
7700149598491,Arandela Galv 9.5x6.5x12 Mp,1631000009,Partes Pequeñas,203002,Ckd,NEGRO MATE,CRUDO,UND,True
7700149598507,Arandela Galv 9x3.8x16.3 Mp,1631000009,Partes Pequeñas,203002,Ckd,NEGRO MATE,CRUDO,UND,True
7700149598514,Buje Tope Elastico 900DS Mp,1631000009,Partes Pequeñas,203002,Ckd,NEGRO MATE,CRUDO,UND,True
7700149598521,Pasador Bisagra 2.5x25 Mp,1631000009,Partes Pequeñas,203002,Ckd,NEGRO MATE,CRUDO,UND,True
7700149598538,Tubo Canist-CajaFiltr 900DS Mp,1631000000,Ckd,203002,Ckd,NEGRO MATE,CRUDO,UND,True
7700149598545,Tubo Refrigerante 24x32x430 Mp,1631000000,Ckd,203002,Ckd,NEGRO MATE,CRUDO,UND,True
7700149598552,Tubo Refrigerante 24x32x185 Mp,1631000000,Ckd,203002,Ckd,NEGRO MATE,CRUDO,UND,True
7700149598569,Emblema Guardapierna 900DS Mp,1631000000,Ckd,203002,Ckd,NEGRO MATE,CRUDO,UND,True
7700149598576,Tubo Refrig Radiad-Motor 2 Mp,1631000000,Ckd,203002,Ckd,NEGRO MATE,CRUDO,UND,True
7700149598583,Arandela Plana 12x14x1.2 Mp,1631000009,Partes Pequeñas,203002,Ckd,NEGRO MATE,CRUDO,UND,True
7700149598590,Tubo Refrigerante 6x10 Mp,1631000000,Ckd,203002,Ckd,NEGRO MATE,CRUDO,UND,True
7700149598606,Tubo Gasolina 867 Mp,1631000000,Ckd,203002,Ckd,NEGRO MATE,CRUDO,UND,True
7700149598613,Union Tubo 17x12x45 Mp,1631000000,Ckd,203002,Ckd,NEGRO MATE,CRUDO,UND,True
7700149598620,Torn Brida 9x6x10 Mp,1631000009,Partes Pequeñas,203002,Ckd,NEGRO MATE,CRUDO,UND,True
7700149598637,Buje Guardabarro 9x6.5x7 Mp,1631000009,Partes Pequeñas,203002,Ckd,NEGRO MATE,CRUDO,UND,True
7700149598644,Buje 18x8.2x5 Mp,1631000009,Partes Pequeñas,203002,Ckd,NEGRO MATE,CRUDO,UND,True
7700149598651,Motor 900DS VIN Mp,1631000002,Materia Prima Motor,203002,Ckd,NEGRO MATE,CRUDO,UND,True
7700149598668,Tubo Refrig Radiad-Motor 1 Mp,1631000000,Ckd,203002,Ckd,NEGRO MATE,CRUDO,UND,True
7700149598675,Torn Cabeza Redonda M3x6 Mp,1631000009,Partes Pequeñas,203002,Ckd,NEGRO MATE,CRUDO,UND,True
7700149598682,Buje Amortiguador 19x12x14 Mp,1631000009,Partes Pequeñas,203002,Ckd,NEGRO MATE,CRUDO,UND,True
7700149598699,Torn Hex Brida M10x20 Mp,1631000009,Partes Pequeñas,203002,Ckd,NEGRO MATE,CRUDO,UND,True
7700149598705,Torn Hex Socket M5x16 Mp,1631000009,Partes Pequeñas,203002,Ckd,NEGRO MATE,CRUDO,UND,True
7700149598712,Torn Eje Rueda Del 900DS Mp,1631000009,Partes Pequeñas,203002,Ckd,NEGRO MATE,CRUDO,UND,True
7700149598729,Torn Hex Socket M24x2x58 Mp,1631000009,Partes Pequeñas,203002,Ckd,NEGRO MATE,CRUDO,UND,True
7700149598736,Torn Hex Socket M24x2x65 Mp,1631000009,Partes Pequeñas,203002,Ckd,NEGRO MATE,CRUDO,UND,True
7700149598743,Tornillo Tijera M20x1.5 Mp,1631000009,Partes Pequeñas,203002,Ckd,NEGRO MATE,CRUDO,UND,True
7700149598750,Arandela Eje Rueda Tras Mp,1631000009,Partes Pequeñas,203002,Ckd,NEGRO MATE,CRUDO,UND,True
7700149598767,Torn Cabeza Redonda M4x30 Mp,1631000009,Partes Pequeñas,203002,Ckd,NEGRO MATE,CRUDO,UND,True
7700149598774,Arandela Plana 8.5x28x2 Mp,1631000009,Partes Pequeñas,203002,Ckd,NEGRO MATE,CRUDO,UND,True
7700149598781,Torn Autorroscante 2.5x10 Mp,1631000009,Partes Pequeñas,203002,Ckd,NEGRO MATE,CRUDO,UND,True
7700149598798,Tuerca Ciega M6 Mp,1631000009,Partes Pequeñas,203002,Ckd,NEGRO MATE,CRUDO,UND,True
7700149598804,Tuer Hex Brida M24x2 Mp,1631000009,Partes Pequeñas,203002,Ckd,NEGRO MATE,CRUDO,UND,True
7700149598811,Tuer Hex Brida M7x8 Mp,1631000009,Partes Pequeñas,203002,Ckd,NEGRO MATE,CRUDO,UND,True
7700149598828,Tuerca Hex M8 900DS Mp,1631000009,Partes Pequeñas,203002,Ckd,NEGRO MATE,CRUDO,UND,True
7700149598842,Tuerca Hex Brida M12x10 Mp,1631000009,Partes Pequeñas,203002,Ckd,NEGRO MATE,CRUDO,UND,True
7700149598859,Calco Info Tecnica 900DS Mp,1631000000,Ckd,203002,Ckd,NEGRO MATE,CRUDO,UND,True
7700149598866,Torn Hex M12x75 Mp,1631000009,Partes Pequeñas,203002,Ckd,NEGRO MATE,CRUDO,UND,True
7700149621342,Manual Prop Gar DSX900 3*1 MP,1632000000,Integracion Nacional,203002,Integración Nacional,NEGRO MATE,CRUDO,UND,True
7700149629133,ECU Control DS900X Mp,1631000000,Ckd,203002,Ckd,NEGRO MATE,CRUDO,UND,True
7700149629140,Curva mofle DS900X Mp,1631000000,Ckd,203002,Ckd,NEGRO MATE,CRUDO,UND,True
7700149629157,Tuerca hexagonal DS900X Mp,1631000009,Partes Pequeñas,203002,Ckd,NEGRO MATE,CRUDO,UND,True
7700149698054,Calco Linea Der DS900X MP,1632000000,Integracion Nacional,203002,Integración Nacional,NEGRO MATE,CRUDO,UND,True
7700149698061,Calco Linea Izq DS900X MP,1632000000,Integracion Nacional,203002,Integración Nacional,NEGRO MATE,CRUDO,UND,True
7700149698078,Calco Cola Izq DS900X MP,1632000000,Integracion Nacional,203002,Integración Nacional,NEGRO MATE,CRUDO,UND,True
7700149698085,Calco Cola Der DS900X MP,1632000000,Integracion Nacional,203002,Integración Nacional,NEGRO MATE,CRUDO,UND,True
7700149698092,Calco Tanq Der DS900X MP,1632000000,Integracion Nacional,203002,Integración Nacional,NEGRO MATE,CRUDO,UND,True
7700149698108,Calco Tanq Izq DS900X MP,1632000000,Integracion Nacional,203002,Integración Nacional,NEGRO MATE,CRUDO,UND,True
7700149698115,Calco VOGE Der DS900X MP,1632000000,Integracion Nacional,203002,Integración Nacional,NEGRO MATE,CRUDO,UND,True
7700149698122,Calco VOGE Izq DS900X MP,1632000000,Integracion Nacional,203002,Integración Nacional,NEGRO MATE,CRUDO,UND,True
7700149698139,Calco DS Der DS900X MP,1632000000,Integracion Nacional,203002,Integración Nacional,NEGRO MATE,CRUDO,UND,True
7700149698146,Calco DS Izq DS900X MP,1632000000,Integracion Nacional,203002,Integración Nacional,NEGRO MATE,CRUDO,UND,True
7700149698153,Calco Comp DS Der DS900X MP,1632000000,Integracion Nacional,203002,Integración Nacional,NEGRO MATE,CRUDO,UND,True
7700149698160,Calco Comp DS Izq DS900X MP,1632000000,Integracion Nacional,203002,Integración Nacional,NEGRO MATE,CRUDO,UND,True
7700149698177,Calco 900 Izq DS900X MP,1632000000,Integracion Nacional,203002,Integración Nacional,NEGRO MATE,CRUDO,UND,True
7700149698184,Calco 900 Der DS900X MP,1632000000,Integracion Nacional,203002,Integración Nacional,NEGRO MATE,CRUDO,UND,True
7700149717274,Calco Info Moto DS900X E5 MP,1632000000,Integracion Nacional,203002,Integración Nacional,NEGRO MATE,CRUDO,UND,True
7700149293839,Calco Tras N Mt Nkd 125 Mp,1632000000,Integracion Nacional,203002,Integración Nacional,NEGRO MATE,CRUDO,UND,True
7700149293846,Calco Lat Izq Mate NKD Mp,1632000000,Integracion Nacional,203002,Integración Nacional,NEGRO MATE,CRUDO,UND,True
7700149293853,Calco Lat Der N Mt NKD125 Mp,1632000000,Integracion Nacional,203002,Integración Nacional,NEGRO MATE,CRUDO,UND,True
7700149293860,Calco Tanq Izq N Mt Nkd 125 Mp,1632000000,Integracion Nacional,203002,Integración Nacional,NEGRO MATE,CRUDO,UND,True
7700149293877,Calco Tanq Der N Mt Nkd 125 Mp,1632000000,Integracion Nacional,203002,Integración Nacional,NEGRO MATE,CRUDO,UND,True
7700149320672,Calco Rin Gris NKD Mp,1632000000,Integracion Nacional,203002,Integración Nacional,NEGRO MATE,CRUDO,UND,True
7700149363648,Calco Guardab Del Izq HY Mp,1631000000,Ckd,203002,Ckd,NEGRO,CRUDO,UND,True
7700149363655,Calco Guardab Del Der HY Mp,1631000000,Ckd,203002,Ckd,NEGRO,CRUDO,UND,True
7700149455725,Caucho Campana HY450 Mp,1631000009,Partes Pequeñas,203002,Ckd,NEGRO,CRUDO,UND,True
7700149463423,Rueda Tras Dor V2 HY450 Mp,1631000000,Ckd,203002,Ckd,NEGRO,CRUDO,UND,True
7700149463430,Rueda Del Dor V2 HY450 Mp,1631000000,Ckd,203002,Ckd,NEGRO,CRUDO,UND,True
7700149688079,Porta Sprocket HY450 V2 Mp,1631000000,Ckd,203002,Ckd,NEGRO,CRUDO,UND,True
7700149689892,Barra Lat Der Dorada HY450 Mp,1631000000,Ckd,203002,Ckd,NEGRO,CRUDO,UND,True
7700149689908,Barra Lat Izq Dorada HY450 Mp,1631000000,Ckd,203002,Ckd,NEGRO,CRUDO,UND,True
7700149197700,Tuerca Direccion 300AC Mp,1631000009,Partes Pequeñas,203002,Ckd,GRIS NEGRO,CRUDO,UND,True
7700149211857,Guardpolvo Chasis 300Rally Mp,1631000009,Partes Pequeñas,203002,Ckd,GRIS NEGRO,CRUDO,UND,True
7700149211864,Tijera 300Rally Mp,1631000000,Ckd,203002,Ckd,GRIS NEGRO,CRUDO,UND,True
7700149211871,Amortiguadr Tras Izq Rally Mp,1631000000,Ckd,203002,Ckd,GRIS NEGRO,CRUDO,UND,True
7700149211901,Suspnsion Del Der 300Rally Mp,1631000000,Ckd,203002,Ckd,GRIS NEGRO,CRUDO,UND,True
7700149211918,Suspnsion Del Izq 300Rally Mp,1631000000,Ckd,203002,Ckd,GRIS NEGRO,CRUDO,UND,True
7700149211925,Arndela Direccion 300Rally Mp,1631000009,Partes Pequeñas,203002,Ckd,GRIS NEGRO,CRUDO,UND,True
7700149211932,Abrazad Manubrio 300Rally Mp,1631000009,Partes Pequeñas,203002,Ckd,GRIS NEGRO,CRUDO,UND,True
7700149211949,Horqulla Superior 300Rally Mp,1631000009,Partes Pequeñas,203002,Ckd,GRIS NEGRO,CRUDO,UND,True
7700149211956,Spte Motor 300Rally Mp,1631000000,Ckd,203002,Ckd,GRIS NEGRO,CRUDO,UND,True
7700149211963,Radiador Derecho 300Rally Mp,1631000000,Ckd,203002,Ckd,GRIS NEGRO,CRUDO,UND,True
7700149211970,Spte Sistma Elect 300Rally Mp,1631000000,Ckd,203002,Ckd,GRIS NEGRO,CRUDO,UND,True
7700149211987,Posapie Del Izq 300Rally Mp,1631000000,Ckd,203002,Ckd,GRIS NEGRO,CRUDO,UND,True
7700149211994,Spte Unidad CDI 300Rally Mp,1631000000,Ckd,203002,Ckd,GRIS NEGRO,CRUDO,UND,True
7700149212007,Platina Motor Izq 300Rally Mp,1631000000,Ckd,203002,Ckd,GRIS NEGRO,CRUDO,UND,True
7700149212014,Spte Sistema ABS 300Rally Mp,1631000000,Ckd,203002,Ckd,GRIS NEGRO,CRUDO,UND,True
7700149212021,Mang Frno ABS Tras 2 Rally Mp,1631000009,Partes Pequeñas,203002,Ckd,GRIS NEGRO,CRUDO,UND,True
7700149212038,Mang Frno ABS Tras 1 Rally Mp,1631000009,Partes Pequeñas,203002,Ckd,GRIS NEGRO,CRUDO,UND,True
7700149212045,Mang Freno ABS Del 2 Rally Mp,1631000009,Partes Pequeñas,203002,Ckd,GRIS NEGRO,CRUDO,UND,True
7700149212052,Mang Freno ABS Del 1 Rally Mp,1631000009,Partes Pequeñas,203002,Ckd,GRIS NEGRO,CRUDO,UND,True
7700149212069,Spte Bomba Freno 300Rally Mp,1631000000,Ckd,203002,Ckd,GRIS NEGRO,CRUDO,UND,True
7700149212076,Caliper Tras 300Rally Mp,1631000000,Ckd,203002,Ckd,GRIS NEGRO,CRUDO,UND,True
7700149212083,Disco Freno Tras 300Rally Mp,1631000000,Ckd,203002,Ckd,GRIS NEGRO,CRUDO,UND,True
7700149212090,Spte Proteccion Motor Rally Mp,1631000000,Ckd,203002,Ckd,GRIS NEGRO,CRUDO,UND,True
7700149212106,Platina Seguro 300Rally Mp,1631000009,Partes Pequeñas,203002,Ckd,GRIS NEGRO,CRUDO,UND,True
7700149212137,Tap Lat Izq Decor 300Rally Mp,1631000000,Ckd,203002,Ckd,GRIS NEGRO,CRUDO,UND,True
7700149212151,Tablero Guardab Tras Rally Mp,1631000000,Ckd,203002,Ckd,GRIS NEGRO,CRUDO,UND,True
7700149212168,Guardab Trasero 300Rally Mp,1631000000,Ckd,203002,Ckd,GRIS NEGRO,CRUDO,UND,True
7700149212175,Guardab Interno Tras Rally Mp,1631000000,Ckd,203002,Ckd,GRIS NEGRO,CRUDO,UND,True
7700149212182,Guardabarro Tras 300Rally Mp,1631000000,Ckd,203002,Ckd,GRIS NEGRO,CRUDO,UND,True
7700149212199,Spte Guardab Tras 300Rally Mp,1631000000,Ckd,203002,Ckd,GRIS NEGRO,CRUDO,UND,True
7700149212205,Spte Guardabo Del 300Rally Mp,1631000000,Ckd,203002,Ckd,GRIS NEGRO,CRUDO,UND,True
7700149212212,Deslizador Cadena 300Rally Mp,1631000009,Partes Pequeñas,203002,Ckd,GRIS NEGRO,CRUDO,UND,True
7700149212229,Cable Sillin 300Rally Mp,1631000000,Ckd,203002,Ckd,GRIS NEGRO,CRUDO,UND,True
7700149212236,Tensor Cadena 300Rally Mp,1631000009,Partes Pequeñas,203002,Ckd,GRIS NEGRO,CRUDO,UND,True
7700149212250,Cable Clutch 300Rally Mp,1631000000,Ckd,203002,Ckd,GRIS NEGRO,CRUDO,UND,True
7700149212274,Manubrio 300Rally Mp,1631000000,Ckd,203002,Ckd,GRIS NEGRO,CRUDO,UND,True
7700149212281,Tope Posapies 300Rally Mp,1631000009,Partes Pequeñas,203002,Ckd,GRIS NEGRO,CRUDO,UND,True
7700149212298,Switch Gato Lat 300Rally Mp,1631000009,Partes Pequeñas,203002,Ckd,GRIS NEGRO,CRUDO,UND,True
7700149212304,Posapie Tras Der 300Rally Mp,1631000000,Ckd,203002,Ckd,GRIS NEGRO,CRUDO,UND,True
7700149212311,Posapie Tras Izq 300Rally Mp,1631000000,Ckd,203002,Ckd,GRIS NEGRO,CRUDO,UND,True
7700149212328,Resorte Base 300Rally Mp,1631000009,Partes Pequeñas,203002,Ckd,GRIS NEGRO,CRUDO,UND,True
7700149212335,Posapie Del Der 300Rally Mp,1631000000,Ckd,203002,Ckd,GRIS NEGRO,CRUDO,UND,True
7700149212342,Cilindro Maestro 300Rally Mp,1631000000,Ckd,203002,Ckd,GRIS NEGRO,CRUDO,UND,True
7700149212366,Tubo Admision 300Rally Mp,1631000009,Partes Pequeñas,203002,Ckd,GRIS NEGRO,CRUDO,UND,True
7700149212373,Sistema ABS 300Rally Mp,1631000000,Ckd,203002,Ckd,GRIS NEGRO,CRUDO,UND,True
7700149212397,Caja Bateria 300Rally Mp,1631000000,Ckd,203002,Ckd,GRIS NEGRO,CRUDO,UND,True
7700149212403,Bateria 300Rally Mp,1631000000,Ckd,203002,Ckd,GRIS NEGRO,CRUDO,UND,True
7700149212410,Spte Regulador 300Rally Mp,1631000000,Ckd,203002,Ckd,GRIS NEGRO,CRUDO,UND,True
7700149212427,Relay Arranque 300Rally Mp,1631000000,Ckd,203002,Ckd,GRIS NEGRO,CRUDO,UND,True
7700149212434,Cauch Desliz Caden 300Rlly Mp,1631000000,Ckd,203002,Ckd,GRIS NEGRO,CRUDO,UND,True
7700149212441,Guia Cadena 300Rally Mp,1631000000,Ckd,203002,Ckd,GRIS NEGRO,CRUDO,UND,True
7700149212458,Cadena 300Rally Mp,1631000000,Ckd,203002,Ckd,GRIS NEGRO,CRUDO,UND,True
7700149212472,Leva Clutch Izq 300Rally Mp,1631000000,Ckd,203002,Ckd,GRIS NEGRO,CRUDO,UND,True
7700149212496,Comando Der 300Rally Mp,1631000000,Ckd,203002,Ckd,GRIS NEGRO,CRUDO,UND,True
7700149212502,Filtro Gas-Aceite 300Rally Mp,1631000000,Ckd,203002,Ckd,GRIS NEGRO,CRUDO,UND,True
7700149212519,Filtro Aire Cto 300Rally Mp,1631000000,Ckd,203002,Ckd,GRIS NEGRO,CRUDO,UND,True
7700149212526,Canister 300Rally Mp,1631000009,Partes Pequeñas,203002,Ckd,GRIS NEGRO,CRUDO,UND,True
7700149212533,Cbta Inyect Comb 300Rally Mp,1631000009,Partes Pequeñas,203002,Ckd,GRIS NEGRO,CRUDO,UND,True
7700149212540,Cuerp Aceleracion 300Rally Mp,1631000000,Ckd,203002,Ckd,GRIS NEGRO,CRUDO,UND,True
7700149212564,ECU 300Rally Mp,1631000000,Ckd,203002,Ckd,GRIS NEGRO,CRUDO,UND,True
7700149212571,Cable Acelerador 300Rally Mp,1631000000,Ckd,203002,Ckd,GRIS NEGRO,CRUDO,UND,True
7700149212588,Caucho Tanq Comb 300Rally Mp,1631000009,Partes Pequeñas,203002,Ckd,GRIS NEGRO,CRUDO,UND,True
7700149212601,Radiador Izquierdo 300Rally Mp,1631000000,Ckd,203002,Ckd,GRIS NEGRO,CRUDO,UND,True
7700149212618,Tubo Escape 300Rally Mp,1631000000,Ckd,203002,Ckd,GRIS NEGRO,CRUDO,UND,True
7700149212625,Caucho Tanque 300Rally Mp,1631000009,Partes Pequeñas,203002,Ckd,GRIS NEGRO,CRUDO,UND,True
7700149212632,Cbta Tanq Int Der 300Rally Mp,1631000000,Ckd,203002,Ckd,GRIS NEGRO,CRUDO,UND,True
7700149212649,Resort Pedal Freno Tras Mp,1631000009,Partes Pequeñas,203002,Ckd,GRIS NEGRO,CRUDO,UND,True
7700149212656,Pedal Freno Tras 300Rally Mp,1631000009,Partes Pequeñas,203002,Ckd,GRIS NEGRO,CRUDO,UND,True
7700149212663,Pin Freno 300Rally Mp,1631000009,Partes Pequeñas,203002,Ckd,GRIS NEGRO,CRUDO,UND,True
7700149212670,Tornillo Sprocket 300Rally Mp,1631000009,Partes Pequeñas,203002,Ckd,GRIS NEGRO,CRUDO,UND,True
7700149212687,Sprocket 300Rally Mp,1631000000,Ckd,203002,Ckd,GRIS NEGRO,CRUDO,UND,True
7700149212694,Rueda Trasera 300Rally Mp,1631000000,Ckd,203002,Ckd,GRIS NEGRO,CRUDO,UND,True
7700149212700,Rueda Delantera 300Rally Mp,1631000000,Ckd,203002,Ckd,GRIS NEGRO,CRUDO,UND,True
7700149212717,Caucho Spte Farola 300Rlly Mp,1631000009,Partes Pequeñas,203002,Ckd,GRIS NEGRO,CRUDO,UND,True
7700149212731,Comando Izq 300Rally Mp,1631000000,Ckd,203002,Ckd,GRIS NEGRO,CRUDO,UND,True
7700149212748,Caucho Amortig 300Rally Mp,1631000009,Partes Pequeñas,203002,Ckd,GRIS NEGRO,CRUDO,UND,True
7700149212755,Caliper Izq 300Rally Mp,1631000000,Ckd,203002,Ckd,GRIS NEGRO,CRUDO,UND,True
7700149212762,Direcc Del Der 300Rally Mp,1631000000,Ckd,203002,Ckd,GRIS NEGRO,CRUDO,UND,True
7700149212779,Direcc Del Izq 300Rally Mp,1631000000,Ckd,203002,Ckd,GRIS NEGRO,CRUDO,UND,True
7700149212786,Stop 300Rally Mp,1631000000,Ckd,203002,Ckd,GRIS NEGRO,CRUDO,UND,True
7700149212793,Spte Farola 300Rally Mp,1631000000,Ckd,203002,Ckd,GRIS NEGRO,CRUDO,UND,True
7700149212816,Pito 300Rally Mp,1631000000,Ckd,203002,Ckd,GRIS NEGRO,CRUDO,UND,True
7700149212823,Spte Flasher 300Rally Mp,1631000000,Ckd,203002,Ckd,GRIS NEGRO,CRUDO,UND,True
7700149212830,Reflectivo Tras 300Rally Mp,1631000000,Ckd,203002,Ckd,GRIS NEGRO,CRUDO,UND,True
7700149212847,Reflectivo Izq 300Rally Mp,1631000000,Ckd,203002,Ckd,GRIS NEGRO,CRUDO,UND,True
7700149212854,Controlador Luces 300Rally Mp,1631000000,Ckd,203002,Ckd,GRIS NEGRO,CRUDO,UND,True
7700149212892,Arandela Buje 18X9X6.3X23 Mp,1631000009,Partes Pequeñas,203002,Ckd,GRIS NEGRO,CRUDO,UND,True
7700149212908,Eje 12X110 300Rally Mp,1631000009,Partes Pequeñas,203002,Ckd,GRIS NEGRO,CRUDO,UND,True
7700149212915,Eje 17X270 300Rally Mp,1631000009,Partes Pequeñas,203002,Ckd,GRIS NEGRO,CRUDO,UND,True
7700149212922,Eje 14X290 300Rally Mp,1631000009,Partes Pequeñas,203002,Ckd,GRIS NEGRO,CRUDO,UND,True
7700149212939,Eje 15X231 300Rally Mp,1631000009,Partes Pequeñas,203002,Ckd,GRIS NEGRO,CRUDO,UND,True
7700149212946,Eje Motor 300Rally Mp,1631000009,Partes Pequeñas,203002,Ckd,GRIS NEGRO,CRUDO,UND,True
7700149212953,Buje 22X18.5 300Rally Mp,1631000009,Partes Pequeñas,203002,Ckd,GRIS NEGRO,CRUDO,UND,True
7700149212960,Buje 14X34 300Rally Mp,1631000009,Partes Pequeñas,203002,Ckd,GRIS NEGRO,CRUDO,UND,True
7700149212977,Buje 22X21.2 300Rally Mp,1631000009,Partes Pequeñas,203002,Ckd,GRIS NEGRO,CRUDO,UND,True
7700149212984,Buje 22X31 300Rally Mp,1631000009,Partes Pequeñas,203002,Ckd,GRIS NEGRO,CRUDO,UND,True
7700149212991,Eje 10X120 300Rally Mp,1631000009,Partes Pequeñas,203002,Ckd,GRIS NEGRO,CRUDO,UND,True
7700149213004,Buje 28X22.5 300Rally Mp,1631000009,Partes Pequeñas,203002,Ckd,GRIS NEGRO,CRUDO,UND,True
7700149213011,Eje 12X90 300Rally Mp,1631000009,Partes Pequeñas,203002,Ckd,GRIS NEGRO,CRUDO,UND,True
7700149213028,Mang Agua 25X186 300Rally Mp,1631000009,Partes Pequeñas,203002,Ckd,GRIS NEGRO,CRUDO,UND,True
7700149213035,Mang Agua 25X263 300Rally Mp,1631000009,Partes Pequeñas,203002,Ckd,GRIS NEGRO,CRUDO,UND,True
7700149213042,Mang Agua 25X152 300Rally Mp,1631000009,Partes Pequeñas,203002,Ckd,GRIS NEGRO,CRUDO,UND,True
7700149213059,Mang Agua 9x320 300Rally Mp,1631000009,Partes Pequeñas,203002,Ckd,GRIS NEGRO,CRUDO,UND,True
7700149213066,Mang Gas 14x33x66x84 Rally Mp,1631000009,Partes Pequeñas,203002,Ckd,GRIS NEGRO,CRUDO,UND,True
7700149213073,Mang Gas 14x35x48x41 Rally Mp,1631000009,Partes Pequeñas,203002,Ckd,GRIS NEGRO,CRUDO,UND,True
7700149213080,Pasador 8x40 300Rally Mp,1631000009,Partes Pequeñas,203002,Ckd,GRIS NEGRO,CRUDO,UND,True
7700149213103,Arandela Buje 18X9X6.3X6 Mp,1631000009,Partes Pequeñas,203002,Ckd,GRIS NEGRO,CRUDO,UND,True
7700149213127,Cbta Tanq Int Izq 300Rally Mp,1631000009,Partes Pequeñas,203002,Ckd,GRIS NEGRO,CRUDO,UND,True
7700149213134,Buje M17 300Rally Mp,1631000009,Partes Pequeñas,203002,Ckd,GRIS NEGRO,CRUDO,UND,True
7700149213141,Abrazadera Tubo 300Rally Mp,1631000009,Partes Pequeñas,203002,Ckd,GRIS NEGRO,CRUDO,UND,True
7700149213172,Horquilla Inferio 300Rally Mp,1631000009,Partes Pequeñas,203002,Ckd,GRIS NEGRO,CRUDO,UND,True
7700149213189,Spte Brazo Susp 300Rally Mp,1631000009,Partes Pequeñas,203002,Ckd,GRIS NEGRO,CRUDO,UND,True
7700149213196,Brazo Inf Susp 300Rally Mp,1631000009,Partes Pequeñas,203002,Ckd,GRIS NEGRO,CRUDO,UND,True
7700149213219,Kit Switch 300Rally Mp,1631000000,Ckd,203002,Ckd,GRIS NEGRO,CRUDO,UND,True
7700149213226,Resort Compresion 300Rally Mp,1631000009,Partes Pequeñas,203002,Ckd,GRIS NEGRO,CRUDO,UND,True
7700149213233,Resort Gato Lat 300Rally Mp,1631000009,Partes Pequeñas,203002,Ckd,GRIS NEGRO,CRUDO,UND,True
7700149213257,Eje 10X135 300Rally Mp,1631000009,Partes Pequeñas,203002,Ckd,GRIS NEGRO,CRUDO,UND,True
7700149213271,Arandela Plan M17 300Rally Mp,1631000009,Partes Pequeñas,203002,Ckd,GRIS NEGRO,CRUDO,UND,True
7700149213288,Abraz Ramal Frno Del Rally Mp,1631000009,Partes Pequeñas,203002,Ckd,GRIS NEGRO,CRUDO,UND,True
7700149213295,Abraz Ramal Aceler 300Rally Mp,1631000009,Partes Pequeñas,203002,Ckd,GRIS NEGRO,CRUDO,UND,True
7700149213301,Abraz Ramal Embrag 300Rally Mp,1631000009,Partes Pequeñas,203002,Ckd,GRIS NEGRO,CRUDO,UND,True
7700149213318,Abraz Ramal Encend 300Rally Mp,1631000009,Partes Pequeñas,203002,Ckd,GRIS NEGRO,CRUDO,UND,True
7700149213332,Correa L59 300Rally Mp,1631000009,Partes Pequeñas,203002,Ckd,GRIS NEGRO,CRUDO,UND,True
7700149213349,Correa L58 300Rally Mp,1631000009,Partes Pequeñas,203002,Ckd,GRIS NEGRO,CRUDO,UND,True
7700149213356,Caucho Ranurado 10 Rally Mp,1631000009,Partes Pequeñas,203002,Ckd,GRIS NEGRO,CRUDO,UND,True
7700149213363,Caucho Ranurad 19.5 Rally Mp,1631000009,Partes Pequeñas,203002,Ckd,GRIS NEGRO,CRUDO,UND,True
7700149213370,Caucho Ranurad 15x16 Rally Mp,1631000009,Partes Pequeñas,203002,Ckd,GRIS NEGRO,CRUDO,UND,True
7700149213387,Caucho Ranurado 11x9 Rally Mp,1631000009,Partes Pequeñas,203002,Ckd,GRIS NEGRO,CRUDO,UND,True
7700149213394,Tapon 11x25 300Rally Mp,1631000009,Partes Pequeñas,203002,Ckd,GRIS NEGRO,CRUDO,UND,True
7700149213400,Spte Caren Inf Izq Rally Mp,1631000009,Partes Pequeñas,203002,Ckd,GRIS NEGRO,CRUDO,UND,True
7700149213417,Arandela Buje 18X9X6.3X16 Mp,1631000009,Partes Pequeñas,203002,Ckd,GRIS NEGRO,CRUDO,UND,True
7700149213424,Tornillo Hex M8X70 300Rally Mp,1631000009,Partes Pequeñas,203002,Ckd,GRIS NEGRO,CRUDO,UND,True
7700149213431,Tornillo Hex M6X45 300Rally Mp,1631000009,Partes Pequeñas,203002,Ckd,GRIS NEGRO,CRUDO,UND,True
7700149213448,Tornillo Hex M8X50 300Rally Mp,1631000009,Partes Pequeñas,203002,Ckd,GRIS NEGRO,CRUDO,UND,True
7700149213462,Espuma Separadora 300Rally Mp,1631000009,Partes Pequeñas,203002,Ckd,GRIS NEGRO,CRUDO,UND,True
7700149213486,Spte Visor 300Rally Mp,1631000000,Ckd,203002,Ckd,GRIS NEGRO,CRUDO,UND,True
7700149213493,Portacasco 300Rally Mp,1631000009,Partes Pequeñas,203002,Ckd,GRIS NEGRO,CRUDO,UND,True
7700149213516,Tornillo Hex M10×1.25X30 Mp,1631000009,Partes Pequeñas,203002,Ckd,GRIS NEGRO,CRUDO,UND,True
7700149213523,Spte Caren Inf Der Rally Mp,1631000000,Ckd,203002,Ckd,GRIS NEGRO,CRUDO,UND,True
7700149213530,Tornillo Hex M8X40 300Rally Mp,1631000009,Partes Pequeñas,203002,Ckd,GRIS NEGRO,CRUDO,UND,True
7700149213547,Tap Caren Cent Inf Rally Mp,1631000000,Ckd,203002,Ckd,GRIS NEGRO,CRUDO,UND,True
7700149213554,Tap Caren Inf Der 300Rally Mp,1631000000,Ckd,203002,Ckd,GRIS NEGRO,CRUDO,UND,True
7700149213561,Tap Caren Inf Izq 300Rally Mp,1631000000,Ckd,203002,Ckd,GRIS NEGRO,CRUDO,UND,True
7700149213578,Abraz Hand Saver 300Rally Mp,1631000009,Partes Pequeñas,203002,Ckd,GRIS NEGRO,CRUDO,UND,True
7700149213585,Clip Hand Saver 300Rally Mp,1631000009,Partes Pequeñas,203002,Ckd,GRIS NEGRO,CRUDO,UND,True
7700149213592,Cbta Velocimetro 300Rally Mp,1631000000,Ckd,203002,Ckd,GRIS NEGRO,CRUDO,UND,True
7700149213653,Protector Motor 300Rally Mp,1631000000,Ckd,203002,Ckd,GRIS NEGRO,CRUDO,UND,True
7700149213660,Torn St 4.2X19 300Rally Mp,1631000009,Partes Pequeñas,203002,Ckd,GRIS NEGRO,CRUDO,UND,True
7700149213677,Arandela Plana M5 300Rally Mp,1631000009,Partes Pequeñas,203002,Ckd,GRIS NEGRO,CRUDO,UND,True
7700149213691,Tuerca Hex M16 300Rally Mp,1631000009,Partes Pequeñas,203002,Ckd,GRIS NEGRO,CRUDO,UND,True
7700149213707,Tuerca Hex M14 300Rally Mp,1631000009,Partes Pequeñas,203002,Ckd,GRIS NEGRO,CRUDO,UND,True
7700149213714,Tuerca Hex M6 30Rally Mp,1631000009,Partes Pequeñas,203002,Ckd,GRIS NEGRO,CRUDO,UND,True
7700149213721,Tuerca Hex M8 300Rally Mp,1631000009,Partes Pequeñas,203002,Ckd,GRIS NEGRO,CRUDO,UND,True
7700149213738,Tuerca Brid Hex M8x8 Rally Mp,1631000009,Partes Pequeñas,203002,Ckd,GRIS NEGRO,CRUDO,UND,True
7700149213769,Tuerca de Lujo Crom M8 Mp,1631000009,Partes Pequeñas,203002,Ckd,GRIS NEGRO,CRUDO,UND,True
7700149213783,Tuerca de Lujo M6 300Rally Mp,1631000009,Partes Pequeñas,203002,Ckd,GRIS NEGRO,CRUDO,UND,True
7700149213813,Torni Cabe Redon Emp Cruz Mp,1631000009,Partes Pequeñas,203002,Ckd,GRIS NEGRO,CRUDO,UND,True
7700149213820,Torni Cabe Avella Emp Cruz Mp,1631000009,Partes Pequeñas,203002,Ckd,GRIS NEGRO,CRUDO,UND,True
7700149213837,Tornillo Cruz Empotrado Mp,1631000009,Partes Pequeñas,203002,Ckd,GRIS NEGRO,CRUDO,UND,True
7700149213844,Tor Hex Socket M6X40 Rally Mp,1631000009,Partes Pequeñas,203002,Ckd,GRIS NEGRO,CRUDO,UND,True
7700149213851,Torn Hex Socket M6X65 Rally Mp,1631000009,Partes Pequeñas,203002,Ckd,GRIS NEGRO,CRUDO,UND,True
7700149213868,Torn Hex Socket M8X20 Rally Mp,1631000009,Partes Pequeñas,203002,Ckd,GRIS NEGRO,CRUDO,UND,True
7700149213882,Torn Hex Socket M6X30 Rally Mp,1631000009,Partes Pequeñas,203002,Ckd,GRIS NEGRO,CRUDO,UND,True
7700149213899,Torn Hex Socket M6X12 Rally Mp,1631000009,Partes Pequeñas,203002,Ckd,GRIS NEGRO,CRUDO,UND,True
7700149213905,Torn Hex Socket M6X40 Color Mp,1631000009,Partes Pequeñas,203002,Ckd,GRIS NEGRO,CRUDO,UND,True
7700149213912,Tuerca de Lujo M8 300Rally Mp,1631000009,Partes Pequeñas,203002,Ckd,GRIS NEGRO,CRUDO,UND,True
7700149227483,Calco Info moto 300Rally Mp,1632000000,Integracion Nacional,203002,Integración Nacional,GRIS NEGRO,CRUDO,UND,True
7700149243254,Balanceador Manubr 300Rally Mp,1631000000,Ckd,203002,Ckd,GRIS NEGRO,CRUDO,UND,True
7700149243261,Guarda Cadena 300Rally Mp,1631000000,Ckd,203002,Ckd,GRIS NEGRO,CRUDO,UND,True
7700149279079,Calco AKT Visor Voge Mp,1632000000,Integracion Nacional,203002,Integración Nacional,GRIS NEGRO,CRUDO,UND,True
7700149279093,Calco AKT Izq 300 Rally Mp,1632000000,Integracion Nacional,203002,Integración Nacional,GRIS NEGRO,CRUDO,UND,True
7700149279109,Calco AKT Der 300 Rally Mp,1632000000,Integracion Nacional,203002,Integración Nacional,GRIS NEGRO,CRUDO,UND,True
7700149356572,Prot Curva Mofle 300Rally Mp,1631000000,Ckd,203002,Ckd,GRIS NEGRO,CRUDO,UND,True
7700149428675,Parrilla Rally 300 Mp,1632000000,Integracion Nacional,203002,Integración Nacional,GRIS NEGRO,CRUDO,UND,True
7700149437134,Motor Cto 300Rally V2 VIN Mp,1631000002,Materia Prima Motor,203002,Ckd,GRIS NEGRO,CRUDO,UND,True
7700149456647,Gato Lateral Rally 300 Mp,1632000000,Integracion Nacional,203002,Integración Nacional,GRIS NEGRO,CRUDO,UND,True
7700149546164,Manual ABS 300Rall 3*1 Mp,1632000000,Integracion Nacional,203002,Integración Nacional,GRIS NEGRO,CRUDO,UND,True
7700149580366,Pedal Cambio V2 300Rally Mp,1631000000,Ckd,203002,Ckd,GRIS NEGRO,CRUDO,UND,True
7700149580373,Sistema Electr V2 300Rally Mp,1631000000,Ckd,203002,Ckd,GRIS NEGRO,CRUDO,UND,True
7700149580380,Farola Comp V2 300Rally Mp,1631000000,Ckd,203002,Ckd,GRIS NEGRO,CRUDO,UND,True
7700149580403,Sensor Gasolina V2 300Rally Mp,1631000000,Ckd,203002,Ckd,GRIS NEGRO,CRUDO,UND,True
7700149580496,Velocimetro V2 300Rally Mp,1631000000,Ckd,203002,Ckd,GRIS NEGRO,CRUDO,UND,True
7700149700467,Calco Gbarros B 300 Rally Mp,1632000000,Integracion Nacional,203002,Integración Nacional,GRIS NEGRO,CRUDO,UND,True
7700149700474,Calco Cola Izq B 300 Rally Mp,1632000000,Integracion Nacional,203002,Integración Nacional,GRIS NEGRO,CRUDO,UND,True
7700149700481,Calco Cola Der B 300 Rally Mp,1632000000,Integracion Nacional,203002,Integración Nacional,GRIS NEGRO,CRUDO,UND,True
7700149700498,Calco Susp Izq B 300 Rally Mp,1632000000,Integracion Nacional,203002,Integración Nacional,GRIS NEGRO,CRUDO,UND,True
7700149700504,Calco Susp Der B  300 Rally Mp,1632000000,Integracion Nacional,203002,Integración Nacional,GRIS NEGRO,CRUDO,UND,True
7700149700511,Calco Y Tnq B Izq 300Rally Mp,1632000000,Integracion Nacional,203002,Integración Nacional,GRIS NEGRO,CRUDO,UND,True
7700149700528,Calc LL Tnq B Izq 300Rally Mp,1632000000,Integracion Nacional,203002,Integración Nacional,GRIS NEGRO,CRUDO,UND,True
7700149700535,Calc RA Tnq B Izq 300Rally Mp,1632000000,Integracion Nacional,203002,Integración Nacional,GRIS NEGRO,CRUDO,UND,True
7700149700542,Calc lly Tnq B Dr 300Rally Mp,1632000000,Integracion Nacional,203002,Integración Nacional,GRIS NEGRO,CRUDO,UND,True
7700149700559,Calco A Tnq B Dr 300 Rally Mp,1632000000,Integracion Nacional,203002,Integración Nacional,GRIS NEGRO,CRUDO,UND,True
7700149700566,Calco R tanq Dr B 300 Rally Mp,1632000000,Integracion Nacional,203002,Integración Nacional,GRIS NEGRO,CRUDO,UND,True
7700149703321,Calco Front Der B 300 Rally Mp,1632000000,Integracion Nacional,203002,Integración Nacional,GRIS NEGRO,CRUDO,UND,True
7700149703338,Calco Front Izq B 300 Rally Mp,1632000000,Integracion Nacional,203002,Integración Nacional,GRIS NEGRO,CRUDO,UND,True
7700149276313,Calco Guardab Gr 300Rally Mp,1632000000,Integracion Nacional,203002,Integración Nacional,NEGRO MATE,CRUDO,UND,True
7700149276320,Calco Cola Izq Gr 300Rally Mp,1632000000,Integracion Nacional,203002,Integración Nacional,NEGRO MATE,CRUDO,UND,True
7700149276337,Calco Cola Der Gr 300Rally Mp,1632000000,Integracion Nacional,203002,Integración Nacional,NEGRO MATE,CRUDO,UND,True
7700149276344,Calco Susp Izq Gr 300Rally Mp,1632000000,Integracion Nacional,203002,Integración Nacional,NEGRO MATE,CRUDO,UND,True
7700149276351,Calco Susp Der Gr 300Rally Mp,1632000000,Integracion Nacional,203002,Integración Nacional,NEGRO MATE,CRUDO,UND,True
7700149276368,Calco Tanq Izq Gr3 300Rally Mp,1632000000,Integracion Nacional,203002,Integración Nacional,NEGRO MATE,CRUDO,UND,True
7700149276375,Calco Tanq Izq Gr1 300Rally Mp,1632000000,Integracion Nacional,203002,Integración Nacional,NEGRO MATE,CRUDO,UND,True
7700149276382,Calco Tanq Izq Gr2 300Rally Mp,1632000000,Integracion Nacional,203002,Integración Nacional,NEGRO MATE,CRUDO,UND,True
7700149331029,Calco Tanq Der Gr3 300Rally Mp,1632000000,Integracion Nacional,203002,Integración Nacional,NEGRO MATE,CRUDO,UND,True
7700149331036,Calco Tanq Der Gr2 300Rally Mp,1632000000,Integracion Nacional,203002,Integración Nacional,NEGRO MATE,CRUDO,UND,True
7700149331043,Calco Front Izq Gr 300Rally Mp,1632000000,Integracion Nacional,203002,Integración Nacional,NEGRO MATE,CRUDO,UND,True
7700149331050,Calco Front Der Gr 300Rally Mp,1632000000,Integracion Nacional,203002,Integración Nacional,NEGRO MATE,CRUDO,UND,True
7700149331142,Calco Tanq Der Gr1 300Rally Mp,1632000000,Integracion Nacional,203002,Integración Nacional,NEGRO MATE,CRUDO,UND,True
7700149536301,Defensa Superior Rally 300 Mp,1632000000,Integracion Nacional,203002,Integración Nacional,ARENA,CRUDO,UND,True
7700149536318,Defensa Inferior Rally 300 Mp,1632000000,Integracion Nacional,203002,Integración Nacional,ARENA,CRUDO,UND,True
7700149536325,Protector Carter Rally 300 Mp,1632000000,Integracion Nacional,203002,Integración Nacional,ARENA,CRUDO,UND,True
7700149536622,Ramal Exploradora Rally 300 Mp,1632000000,Integracion Nacional,203002,Integración Nacional,ARENA,CRUDO,UND,True
7700149766968,Calco Front Der A 300 Rally Mp,1632000000,Integracion Nacional,203002,Integración Nacional,ARENA,CRUDO,UND,True
7700149766975,Calco Front Izq A 300 Rally Mp,1632000000,Integracion Nacional,203002,Integración Nacional,ARENA,CRUDO,UND,True
7700149766982,Calco AKT A Der 300 Rally Mp,1632000000,Integracion Nacional,203002,Integración Nacional,ARENA,CRUDO,UND,True
7700149766999,Calco AKT A Izq 300 Rally Mp,1632000000,Integracion Nacional,203002,Integración Nacional,ARENA,CRUDO,UND,True
7705946178396,Carenaje Guardab Der Dyn MP,1631000003,Materia Prima terceros,203002,Ckd,,CRUDO,UND,True
7705946178402,Carenaje Guardab izq Dyn MP,1631000003,Materia Prima terceros,203002,Ckd,,CRUDO,UND,True
7700149450973,Calc Dming AKT Izq 200DS+ Mp,1632000000,Integracion Nacional,203002,Integración Nacional,,CRUDO,UND,True
7700149450980,Calc Dming AKT Der 200DS+ Mp,1632000000,Integracion Nacional,203002,Integración Nacional,,CRUDO,UND,True
7700149612692,Calco Platina Emblem StealthMp,1631000003,Materia Prima terceros,203002,Ckd,,CRUDO,UND,True
7700149612968,Calco Gbrro Tras Bronce Mp,1631000003,Materia Prima terceros,203002,Ckd,,CRUDO,UND,True
7700149612890,Calco EmblemTanqNeg IzqGunGrMp,1631000003,Materia Prima terceros,203002,Ckd,,CRUDO,UND,True
7700149612753,Calco Platina Emblem GunGreyMp,1631000003,Materia Prima terceros,203002,Ckd,,CRUDO,UND,True
7700149649926,Cubta Fron Sup Der SR1-A MP,1631000003,Materia Prima terceros,203002,Ckd,,CRUDO,UND,True
7700149650007,Cubta Fron Sup Izq SR1-A MP,1631000003,Materia Prima terceros,203002,Ckd,,CRUDO,UND,True
7700149649902,Cubta Fron Der SR1-A MP,1631000003,Materia Prima terceros,203002,Ckd,,CRUDO,UND,True
7700149649889,Cubta Fron Izq SR1-A MP,1631000003,Materia Prima terceros,203002,Ckd,,CRUDO,UND,True
7700149649896,Gpierna Ext Der SR1-A MP,1631000003,Materia Prima terceros,203002,Ckd,,CRUDO,UND,True
7700149649872,Gpierna Ext Izq SR1-A MP,1631000003,Materia Prima terceros,203002,Ckd,,CRUDO,UND,True
7700149650342,Cubta Int Cent Sup SR1-A MP,1631000003,Materia Prima terceros,203002,Ckd,,CRUDO,UND,True
7700149649933,Cubta Int Cent Inf SR1-A MP,1631000003,Materia Prima terceros,203002,Ckd,,CRUDO,UND,True
7700149648813,Cubta Lat inf Der SR1-A MP,1631000003,Materia Prima terceros,203002,Ckd,,CRUDO,UND,True
7700149648080,Cubta Lat inf Izq SR1-A MP,1631000003,Materia Prima terceros,203002,Ckd,,CRUDO,UND,True
7700149648028,Guardab Del Del SR1-A MP,1631000003,Materia Prima terceros,203002,Ckd,,CRUDO,UND,True
7700149649759,Cubta Lat tras Izq SR1-A MP,1631000003,Materia Prima terceros,203002,Ckd,,CRUDO,UND,True
7700149753982,Calco Comp Cola Izq XRS MP,1632000000,Integracion Nacional,203002,Integración Nacional,,CRUDO,UND,True
7700149754019,Calco Lat Izq XRS MP,1632000000,Integracion Nacional,203002,Integración Nacional,,CRUDO,UND,True
7700149649797,Cubta Lat tras Der SR1-A MP,1631000003,Materia Prima terceros,203002,Ckd,,CRUDO,UND,True
7700149753951,Calco 180 Der XRS MP,1632000000,Integracion Nacional,203002,Integración Nacional,,CRUDO,UND,True
7700149754040,Calco Far Der XRS MP,1632000000,Integracion Nacional,203002,Integración Nacional,,CRUDO,UND,True
7700149753968,Calco 180 Izq XRS MP,1632000000,Integracion Nacional,203002,Integración Nacional,,CRUDO,UND,True
7700149754057,Calco Far Izq XRS MP,1632000000,Integracion Nacional,203002,Integración Nacional,,CRUDO,UND,True
7700149754064,Calco Gb Der XRS MP,1632000000,Integracion Nacional,203002,Integración Nacional,,CRUDO,UND,True
7700149754071,Calco Gb Izq XRS MP,1632000000,Integracion Nacional,203002,Integración Nacional,,CRUDO,UND,True
7700149754088,Calco ABS Der XRS MP,1632000000,Integracion Nacional,203002,Integración Nacional,,CRUDO,UND,True
7700149754095,Calco ABS Izq XRS MP,1632000000,Integracion Nacional,203002,Integración Nacional,,CRUDO,UND,True
7700149753975,Calco Comp Cola Der XRS MP,1632000000,Integracion Nacional,203002,Integración Nacional,,CRUDO,UND,True
7700149753999,Calco Ext Cola XRS MP,1632000000,Integracion Nacional,203002,Integración Nacional,,CRUDO,UND,True
7700149754002,Calco Lat Der XRS MP,1632000000,Integracion Nacional,203002,Integración Nacional,,CRUDO,UND,True
7700149647830,Chasis 180ADV Mp,1631000001,Materia Prima Chasis,203002,Ckd,,CRUDO,UND,True
7700149037044,Cauch Dob Ranu Estr M9x17x9 Mp,1631000000,Ckd,203002,Ckd,VERDE NEGRO,CRUDO,UND,True
7700149037259,Refletivo Tras RE Mp,1631000000,Ckd,203002,Ckd,VERDE NEGRO,CRUDO,UND,True
7700149227414,Calco Info mot SupMeteor650 Mp,1632000000,Integracion Nacional,203002,Integración Nacional,VERDE NEGRO,CRUDO,UND,True
7700149543347,Calc Tanq IntGr Izq Met 650 Mp,1631000000,Ckd,203002,Ckd,VERDE NEGRO,CRUDO,UND,True
7700149543569,Calc Tanq IntGr Der Met 650 Mp,1631000000,Ckd,203002,Ckd,VERDE NEGRO,CRUDO,UND,True
7700149558907,Soport Silenciad Izq SM650 Mp,1631000000,Ckd,203002,Ckd,VERDE NEGRO,CRUDO,UND,True
7700149558914,Luz Placa SM650 Mp,1631000000,Ckd,203002,Ckd,VERDE NEGRO,CRUDO,UND,True
7700149558921,Switch Gato Lateral SM650 Mp,1631000000,Ckd,203002,Ckd,VERDE NEGRO,CRUDO,UND,True
7700149558938,Pin Resorte Gato Lat SM650 Mp,1631000009,Partes Pequeñas,203002,Ckd,VERDE NEGRO,CRUDO,UND,True
7700149558945,Resorte Gato Lateral SM650 Mp,1631000000,Ckd,203002,Ckd,VERDE NEGRO,CRUDO,UND,True
7700149558952,Arand Escalon ChasSM650 Mp,1631000009,Partes Pequeñas,203002,Ckd,VERDE NEGRO,CRUDO,UND,True
7700149558969,Calza Gato Central SM650 Mp,1631000000,Ckd,203002,Ckd,VERDE NEGRO,CRUDO,UND,True
7700149558976,Etiqueta Info Llanta SM650 Mp,1631000000,Ckd,203002,Ckd,VERDE NEGRO,CRUDO,UND,True
7700149558983,Soport Acelerad Der SM650 Mp,1631000000,Ckd,203002,Ckd,VERDE NEGRO,CRUDO,UND,True
7700149558990,Soport Acelerad Izq SM650 Mp,1631000000,Ckd,203002,Ckd,VERDE NEGRO,CRUDO,UND,True
7700149559003,Sop Switch Gato Lat SM650 Mp,1631000000,Ckd,203002,Ckd,VERDE NEGRO,CRUDO,UND,True
7700149559010,Soport Silenciad Der SM650 Mp,1631000000,Ckd,203002,Ckd,VERDE NEGRO,CRUDO,UND,True
7700149559027,Tope Tapa Lat SM650 Mp,1631000000,Ckd,203002,Ckd,VERDE NEGRO,CRUDO,UND,True
7700149559034,Fund Escape Sup Izq SM650 Mp,1631000000,Ckd,203002,Ckd,VERDE NEGRO,CRUDO,UND,True
7700149559041,Fund Escape Inf SM650 Mp,1631000000,Ckd,203002,Ckd,VERDE NEGRO,CRUDO,UND,True
7700149559058,Fund Escape Sup Der SM650 Mp,1631000000,Ckd,203002,Ckd,VERDE NEGRO,CRUDO,UND,True
7700149559065,Soport Exosto Izq SM650 Mp,1631000000,Ckd,203002,Ckd,VERDE NEGRO,CRUDO,UND,True
7700149559072,Silenc Escape Der SM650 Mp,1631000000,Ckd,203002,Ckd,VERDE NEGRO,CRUDO,UND,True
7700149559089,Prot Precat Izq SM650 Mp,1631000000,Ckd,203002,Ckd,VERDE NEGRO,CRUDO,UND,True
7700149559096,Prot Precat Der SM650 Mp,1631000000,Ckd,203002,Ckd,VERDE NEGRO,CRUDO,UND,True
7700149559102,Pin Amort Silenciad SM650 Mp,1631000009,Partes Pequeñas,203002,Ckd,VERDE NEGRO,CRUDO,UND,True
7700149559119,Prot Silenciador Izq SM650 Mp,1631000000,Ckd,203002,Ckd,VERDE NEGRO,CRUDO,UND,True
7700149559126,Protector Radiador SM650 Mp,1631000000,Ckd,203002,Ckd,VERDE NEGRO,CRUDO,UND,True
7700149559140,Tubo Escape Izq SM650 Mp,1631000000,Ckd,203002,Ckd,VERDE NEGRO,CRUDO,UND,True
7700149559157,Spte Superior Relay  SM650 Mp,1631000000,Ckd,203002,Ckd,VERDE NEGRO,CRUDO,UND,True
7700149559164,Tapa Conector P4D SM650 Mp,1631000000,Ckd,203002,Ckd,VERDE NEGRO,CRUDO,UND,True
7700149559171,Tapon Dummy SM650 Mp,1631000000,Ckd,203002,Ckd,VERDE NEGRO,CRUDO,UND,True
7700149559188,Eje Basculante M16 SM650 Mp,1631000009,Partes Pequeñas,203002,Ckd,VERDE NEGRO,CRUDO,UND,True
7700149559195,Tapa Eje Pivote SM650 Mp,1631000000,Ckd,203002,Ckd,VERDE NEGRO,CRUDO,UND,True
7700149559201,Agarradera Lat Izq SM650 Mp,1631000000,Ckd,203002,Ckd,VERDE NEGRO,CRUDO,UND,True
7700149559218,Agarradera Lat Der SM650 Mp,1631000000,Ckd,203002,Ckd,VERDE NEGRO,CRUDO,UND,True
7700149559225,Rueda Trasera SM650 Mp,1631000000,Ckd,203002,Ckd,VERDE NEGRO,CRUDO,UND,True
7700149559232,Eje Gato Central SM650 Mp,1631000009,Partes Pequeñas,203002,Ckd,VERDE NEGRO,CRUDO,UND,True
7700149559249,Espac Rueda Tras Izq SM650 Mp,1631000000,Ckd,203002,Ckd,VERDE NEGRO,CRUDO,UND,True
7700149559256,Clip Fuelle SM650 Mp,1631000009,Partes Pequeñas,203002,Ckd,VERDE NEGRO,CRUDO,UND,True
7700149559263,Eje Largo SM650 Mp,1631000009,Partes Pequeñas,203002,Ckd,VERDE NEGRO,CRUDO,UND,True
7700149559270,Soporte Sillin Inf SM650 Mp,1631000000,Ckd,203002,Ckd,VERDE NEGRO,CRUDO,UND,True
7700149559287,Soporte Sillin Tras SM650 Mp,1631000000,Ckd,203002,Ckd,VERDE NEGRO,CRUDO,UND,True
7700149559294,Relleno Der SM650 Mp,1631000000,Ckd,203002,Ckd,VERDE NEGRO,CRUDO,UND,True
7700149559300,Relleno Izq SM650 Mp,1631000000,Ckd,203002,Ckd,VERDE NEGRO,CRUDO,UND,True
7700149559317,Tapa Deposito SM650 Mp,1631000000,Ckd,203002,Ckd,VERDE NEGRO,CRUDO,UND,True
7700149559324,Ojal SM650 Mp,1631000000,Ckd,203002,Ckd,VERDE NEGRO,CRUDO,UND,True
7700149559331,Puerto USB SM650 Mp,1631000000,Ckd,203002,Ckd,VERDE NEGRO,CRUDO,UND,True
7700149559348,Correa Herramientas SM650 Mp,1631000000,Ckd,203002,Ckd,VERDE NEGRO,CRUDO,UND,True
7700149559355,Espac Rueda Tras Der SM650 Mp,1631000000,Ckd,203002,Ckd,VERDE NEGRO,CRUDO,UND,True
7700149559362,Posapie Del Der SM650 Mp,1631000000,Ckd,203002,Ckd,VERDE NEGRO,CRUDO,UND,True
7700149559379,Elevador Manubrio SM650 Mp,1631000000,Ckd,203002,Ckd,VERDE NEGRO,CRUDO,UND,True
7700149559386,Guarda Cadena SM650 Mp,1631000000,Ckd,203002,Ckd,VERDE NEGRO,CRUDO,UND,True
7700149559393,Amortiguador SM650 Mp,1631000000,Ckd,203002,Ckd,VERDE NEGRO,CRUDO,UND,True
7700149559409,Cadena 520X108 SM650 Mp,1631000000,Ckd,203002,Ckd,VERDE NEGRO,CRUDO,UND,True
7700149559423,Placa Control Der SM650 Mp,1631000000,Ckd,203002,Ckd,VERDE NEGRO,CRUDO,UND,True
7700149559430,Placa Control Izq SM650 Mp,1631000000,Ckd,203002,Ckd,VERDE NEGRO,CRUDO,UND,True
7700149559447,Gato Lateral SM650 Mp,1631000000,Ckd,203002,Ckd,VERDE NEGRO,CRUDO,UND,True
7700149559454,Regulador SM650 Mp,1631000000,Ckd,203002,Ckd,VERDE NEGRO,CRUDO,UND,True
7700149559461,Prot Silenciador Der SM650 Mp,1631000000,Ckd,203002,Ckd,VERDE NEGRO,CRUDO,UND,True
7700149559478,Horquilla Superior SM650 Mp,1631000000,Ckd,203002,Ckd,VERDE NEGRO,CRUDO,UND,True
7700149559485,Sistema Freno SM650 Mp,1631000000,Ckd,203002,Ckd,VERDE NEGRO,CRUDO,UND,True
7700149559492,Posapie Del Izq SM650 Mp,1631000000,Ckd,203002,Ckd,VERDE NEGRO,CRUDO,UND,True
7700149559508,Posapie Tras Der SM650 Mp,1631000000,Ckd,203002,Ckd,VERDE NEGRO,CRUDO,UND,True
7700149559515,Posapie Tras Izq SM650 Mp,1631000000,Ckd,203002,Ckd,VERDE NEGRO,CRUDO,UND,True
7700149559522,Direc Del Izq-Tra Der SM650 Mp,1631000000,Ckd,203002,Ckd,VERDE NEGRO,CRUDO,UND,True
7700149559539,Direc Del Der-Tra Izq SM650 Mp,1631000000,Ckd,203002,Ckd,VERDE NEGRO,CRUDO,UND,True
7700149559546,Direc Tra Izq-Del Der SM650 Mp,1631000000,Ckd,203002,Ckd,VERDE NEGRO,CRUDO,UND,True
7700149559553,Direc Tra Der-Del Izq SM650 Mp,1631000000,Ckd,203002,Ckd,VERDE NEGRO,CRUDO,UND,True
7700149559584,Pito Agudo Izq SM650 Mp,1631000000,Ckd,203002,Ckd,VERDE NEGRO,CRUDO,UND,True
7700149559591,Soport Sensor O2 SM650 Mp,1631000000,Ckd,203002,Ckd,VERDE NEGRO,CRUDO,UND,True
7700149559607,Sombrero M6 SM650 Mp,1631000000,Ckd,203002,Ckd,VERDE NEGRO,CRUDO,UND,True
7700149559614,Respirador Ext SM650 Mp,1631000000,Ckd,203002,Ckd,VERDE NEGRO,CRUDO,UND,True
7700149559621,Cable Clutch SM650 Mp,1631000000,Ckd,203002,Ckd,VERDE NEGRO,CRUDO,UND,True
7700149559638,ECU Con EtiquetaSM650 Mp,1631000000,Ckd,203002,Ckd,VERDE NEGRO,CRUDO,UND,True
7700149559645,Placa Retencion ECU SM650 Mp,1631000000,Ckd,203002,Ckd,VERDE NEGRO,CRUDO,UND,True
7700149559652,Manguera Inyeccion SM650 Mp,1631000000,Ckd,203002,Ckd,VERDE NEGRO,CRUDO,UND,True
7700149559669,Rodam 30X55X17 SM650 Mp,1631000000,Ckd,203002,Ckd,VERDE NEGRO,CRUDO,UND,True
7700149559676,Soport Tras Tanque SM650 Mp,1631000000,Ckd,203002,Ckd,VERDE NEGRO,CRUDO,UND,True
7700149559683,Ramal Aux Trasero SM650 Mp,1631000000,Ckd,203002,Ckd,VERDE NEGRO,CRUDO,UND,True
7700149559690,Guia Manguera Freno SM650 Mp,1631000000,Ckd,203002,Ckd,VERDE NEGRO,CRUDO,UND,True
7700149559706,Soport Sensor O2 Der SM650 Mp,1631000000,Ckd,203002,Ckd,VERDE NEGRO,CRUDO,UND,True
7700149559713,Canister Evap SM650 Mp,1631000000,Ckd,203002,Ckd,VERDE NEGRO,CRUDO,UND,True
7700149559720,Cubre Cuerp Acel Izq SM650 Mp,1631000000,Ckd,203002,Ckd,VERDE NEGRO,CRUDO,UND,True
7700149559737,Cubre Cuerp Acel Der SM650 Mp,1631000000,Ckd,203002,Ckd,VERDE NEGRO,CRUDO,UND,True
7700149559768,Kit Cerradura SM650 Mp,1631000000,Ckd,203002,Ckd,VERDE NEGRO,CRUDO,UND,True
7700149559775,Luz Trasera SM650 Mp,1631000000,Ckd,203002,Ckd,VERDE NEGRO,CRUDO,UND,True
7700149559782,Modulo Bomba Gasol SM650 Mp,1631000000,Ckd,203002,Ckd,VERDE NEGRO,CRUDO,UND,True
7700149559799,Manubrio SM650 Mp,1631000000,Ckd,203002,Ckd,VERDE NEGRO,CRUDO,UND,True
7700149559805,Abrazadera Manubrio SM650 Mp,1631000009,Partes Pequeñas,203002,Ckd,VERDE NEGRO,CRUDO,UND,True
7700149559812,Manguera Ralenti SM650 Mp,1631000000,Ckd,203002,Ckd,VERDE NEGRO,CRUDO,UND,True
7700149559829,Goma Luz Trasera SM650 Mp,1631000000,Ckd,203002,Ckd,VERDE NEGRO,CRUDO,UND,True
7700149559836,Tornillo M10X180 SM650 Mp,1631000009,Partes Pequeñas,203002,Ckd,VERDE NEGRO,CRUDO,UND,True
7700149559843,Soporte Placa SM650 Mp,1631000000,Ckd,203002,Ckd,VERDE NEGRO,CRUDO,UND,True
7700149559850,Tornillo SM650 Mp,1631000009,Partes Pequeñas,203002,Ckd,VERDE NEGRO,CRUDO,UND,True
7700149559867,Ojal Suj Guarda SM650 Mp,1631000000,Ckd,203002,Ckd,VERDE NEGRO,CRUDO,UND,True
7700149559881,Cauch Suj Silen SM650 Mp,1631000000,Ckd,203002,Ckd,VERDE NEGRO,CRUDO,UND,True
7700149559904,Tuerca Nyloc M8 SM650 Mp,1631000009,Partes Pequeñas,203002,Ckd,VERDE NEGRO,CRUDO,UND,True
7700149559935,Arand  8.5X23X2 SM650 Mp,1631000009,Partes Pequeñas,203002,Ckd,VERDE NEGRO,CRUDO,UND,True
7700149559942,Torn C/Brida M10X60 SM650 Mp,1631000009,Partes Pequeñas,203002,Ckd,VERDE NEGRO,CRUDO,UND,True
7700149559966,Tornillo M10X150 SM650 Mp,1631000009,Partes Pequeñas,203002,Ckd,VERDE NEGRO,CRUDO,UND,True
7700149559973,Tornillo M6X60 SM650 Mp,1631000009,Partes Pequeñas,203002,Ckd,VERDE NEGRO,CRUDO,UND,True
7700149559980,Tornillo M6X90 SM650 Mp,1631000009,Partes Pequeñas,203002,Ckd,VERDE NEGRO,CRUDO,UND,True
7700149559997,Tornillo M10X35 SM650 Mp,1631000009,Partes Pequeñas,203002,Ckd,VERDE NEGRO,CRUDO,UND,True
7700149560009,Tornillo M10X210 SM650 Mp,1631000009,Partes Pequeñas,203002,Ckd,VERDE NEGRO,CRUDO,UND,True
7700149560016,Tornillo M8X85 SM650 Mp,1631000009,Partes Pequeñas,203002,Ckd,VERDE NEGRO,CRUDO,UND,True
7700149560023,Tornillo M10X65 SM650 Mp,1631000009,Partes Pequeñas,203002,Ckd,VERDE NEGRO,CRUDO,UND,True
7700149560030,Tornillo M8X12 SM650 Mp,1631000009,Partes Pequeñas,203002,Ckd,VERDE NEGRO,CRUDO,UND,True
7700149560061,Buje C/Brida 10X14X20 Mp,1631000009,Partes Pequeñas,203002,Ckd,VERDE NEGRO,CRUDO,UND,True
7700149560122,Motor Gris SM650 VIN Mp,1631000002,Materia Prima Motor,203002,Ckd,VERDE NEGRO,CRUDO,UND,True
7700149560139,Bobina Ignicion SM650Mp,1631000000,Ckd,203002,Ckd,VERDE NEGRO,CRUDO,UND,True
7700149560146,Pedal Cambios SM650Mp,1631000000,Ckd,203002,Ckd,VERDE NEGRO,CRUDO,UND,True
7700149560153,Faro Delantero SM650 Mp,1631000000,Ckd,203002,Ckd,VERDE NEGRO,CRUDO,UND,True
7700149560160,Ojal Caucho SM650 Mp,1631000000,Ckd,203002,Ckd,VERDE NEGRO,CRUDO,UND,True
7700149560177,Tablero Velocimetr SM650 Mp,1631000000,Ckd,203002,Ckd,VERDE NEGRO,CRUDO,UND,True
7700149560184,Tornillo M6X25 SM650 Mp,1631000009,Partes Pequeñas,203002,Ckd,VERDE NEGRO,CRUDO,UND,True
7700149560191,Buje Conico Goma Mp,1631000009,Partes Pequeñas,203002,Ckd,VERDE NEGRO,CRUDO,UND,True
7700149560207,Suspension Del Der SM650 Mp,1631000000,Ckd,203002,Ckd,VERDE NEGRO,CRUDO,UND,True
7700149560214,Suspension Del Izq SM650 Mp,1631000000,Ckd,203002,Ckd,VERDE NEGRO,CRUDO,UND,True
7700149560221,Arand Empuje SM650 Mp,1631000009,Partes Pequeñas,203002,Ckd,VERDE NEGRO,CRUDO,UND,True
7700149560238,Reten Eje SM650 Mp,1631000000,Ckd,203002,Ckd,VERDE NEGRO,CRUDO,UND,True
7700149560245,Manga Masa SM650 Mp,1631000000,Ckd,203002,Ckd,VERDE NEGRO,CRUDO,UND,True
7700149560252,Manguera Drenaje SM650 Mp,1631000000,Ckd,203002,Ckd,VERDE NEGRO,CRUDO,UND,True
7700149560269,Tope Goma Central SM650 Mp,1631000000,Ckd,203002,Ckd,VERDE NEGRO,CRUDO,UND,True
7700149560283,Pedal Freno SM650 Mp,1631000000,Ckd,203002,Ckd,VERDE NEGRO,CRUDO,UND,True
7700149560290,Eje Rueda Del SM650 Mp,1631000009,Partes Pequeñas,203002,Ckd,VERDE NEGRO,CRUDO,UND,True
7700149560306,Barra Enlace SM650 Mp,1631000000,Ckd,203002,Ckd,VERDE NEGRO,CRUDO,UND,True
7700149560313,Junta Cambio SM650 Mp,1631000000,Ckd,203002,Ckd,VERDE NEGRO,CRUDO,UND,True
7700149560320,Spte Culata Post Izq SM650 Mp,1631000000,Ckd,203002,Ckd,VERDE NEGRO,CRUDO,UND,True
7700149560337,Spte Culata Post Der SM650 Mp,1631000000,Ckd,203002,Ckd,VERDE NEGRO,CRUDO,UND,True
7700149560344,Espaciador Motor SM650 Mp,1631000000,Ckd,203002,Ckd,VERDE NEGRO,CRUDO,UND,True
7700149560351,Spte Guardabarro Del SM650 Mp,1631000000,Ckd,203002,Ckd,VERDE NEGRO,CRUDO,UND,True
7700149560368,Tuerca Eje Dir SM650 Mp,1631000009,Partes Pequeñas,203002,Ckd,VERDE NEGRO,CRUDO,UND,True
7700149560375,Reten Direcc SM650 Mp,1631000000,Ckd,203002,Ckd,VERDE NEGRO,CRUDO,UND,True
7700149560382,Tapa Direccion SM650 Mp,1631000000,Ckd,203002,Ckd,VERDE NEGRO,CRUDO,UND,True
7700149560399,Torn Tapa M10X35 SM650 Mp,1631000009,Partes Pequeñas,203002,Ckd,VERDE NEGRO,CRUDO,UND,True
7700149560405,Espaciador Rueda Del SM650 Mp,1631000000,Ckd,203002,Ckd,VERDE NEGRO,CRUDO,UND,True
7700149560412,Clip 3 Vias SM650 Mp,1631000009,Partes Pequeñas,203002,Ckd,VERDE NEGRO,CRUDO,UND,True
7700149560429,Espaciador SM650 Mp,1631000000,Ckd,203002,Ckd,VERDE NEGRO,CRUDO,UND,True
7700149560436,Sombrero Top 1 SM650 Mp,1631000000,Ckd,203002,Ckd,VERDE NEGRO,CRUDO,UND,True
7700149560443,Kit Herramientas SM650 Mp,1631000000,Ckd,203002,Ckd,VERDE NEGRO,CRUDO,UND,True
7700149560450,Spte Farola Izq SM650 Mp,1631000000,Ckd,203002,Ckd,VERDE NEGRO,CRUDO,UND,True
7700149560467,Spte Farola Der SM650 Mp,1631000000,Ckd,203002,Ckd,VERDE NEGRO,CRUDO,UND,True
7700149560474,Spte Farola Central SM650 Mp,1631000000,Ckd,203002,Ckd,VERDE NEGRO,CRUDO,UND,True
7700149560481,Sombrero Top 2 SM650 Mp,1631000000,Ckd,203002,Ckd,VERDE NEGRO,CRUDO,UND,True
7700149560498,Soporte Ajust Faro SM650 Mp,1631000000,Ckd,203002,Ckd,VERDE NEGRO,CRUDO,UND,True
7700149560504,Ojal De Goma SM650 Mp,1631000000,Ckd,203002,Ckd,VERDE NEGRO,CRUDO,UND,True
7700149560511,Rueda Delantera SM650 Mp,1631000000,Ckd,203002,Ckd,VERDE NEGRO,CRUDO,UND,True
7700149560528,Cubierta Marco SM650 Mp,1631000000,Ckd,203002,Ckd,VERDE NEGRO,CRUDO,UND,True
7700149560535,Sillin Trasero SM650 Mp,1631000000,Ckd,203002,Ckd,VERDE NEGRO,CRUDO,UND,True
7700149560542,Tornillo M8X16 SM650 Mp,1631000009,Partes Pequeñas,203002,Ckd,VERDE NEGRO,CRUDO,UND,True
7700149560559,Tornillo M8X15.5 SM650 Mp,1631000009,Partes Pequeñas,203002,Ckd,VERDE NEGRO,CRUDO,UND,True
7700149560566,Ojal Goma 23X10 SM650 Mp,1631000000,Ckd,203002,Ckd,VERDE NEGRO,CRUDO,UND,True
7700149560573,Tuerca Clip M6 SM650 Mp,1631000009,Partes Pequeñas,203002,Ckd,VERDE NEGRO,CRUDO,UND,True
7700149560580,Arandela 32X17 SM650 Mp,1631000009,Partes Pequeñas,203002,Ckd,VERDE NEGRO,CRUDO,UND,True
7700149560597,Abraz Doble Freno SM650 Mp,1631000009,Partes Pequeñas,203002,Ckd,VERDE NEGRO,CRUDO,UND,True
7700149560603,Manual Propietario SM650 Mp,1631000000,Ckd,203002,Ckd,VERDE NEGRO,CRUDO,UND,True
7700149560610,Sens Vel Rueda Tra SM650 Mp,1631000000,Ckd,203002,Ckd,VERDE NEGRO,CRUDO,UND,True
7700149560627,Resorte Pedal Freno SM650 Mp,1631000000,Ckd,203002,Ckd,VERDE NEGRO,CRUDO,UND,True
7700149560634,Guia Inferior ABS SM650 Mp,1631000000,Ckd,203002,Ckd,VERDE NEGRO,CRUDO,UND,True
7700149560641,Soporte Canister SM650 Mp,1631000000,Ckd,203002,Ckd,VERDE NEGRO,CRUDO,UND,True
7700149560658,Correa Bateria SM650 Mp,1631000000,Ckd,203002,Ckd,VERDE NEGRO,CRUDO,UND,True
7700149560665,Flasher SM650 Mp,1631000000,Ckd,203002,Ckd,VERDE NEGRO,CRUDO,UND,True
7700149560672,Soporte Relay SM650 Mp,1631000000,Ckd,203002,Ckd,VERDE NEGRO,CRUDO,UND,True
7700149560696,Soporte Conec Dir SM650 Mp,1631000000,Ckd,203002,Ckd,VERDE NEGRO,CRUDO,UND,True
7700149560702,Soporte Fusible SM650 Mp,1631000000,Ckd,203002,Ckd,VERDE NEGRO,CRUDO,UND,True
7700149560719,Goma Telematica SM650 Mp,1631000000,Ckd,203002,Ckd,VERDE NEGRO,CRUDO,UND,True
7700149560726,Manguera 1 T a TB SM650 Mp,1631000000,Ckd,203002,Ckd,VERDE NEGRO,CRUDO,UND,True
7700149560733,Manguera 2 T aTb SM650 Mp,1631000000,Ckd,203002,Ckd,VERDE NEGRO,CRUDO,UND,True
7700149560757,Soporte Manguera SM650 Mp,1631000000,Ckd,203002,Ckd,VERDE NEGRO,CRUDO,UND,True
7700149561006,Tubo Escape Der SM650 Mp,1631000000,Ckd,203002,Ckd,VERDE NEGRO,CRUDO,UND,True
7700149561921,Bastidor Der SM650 Mp,1631000000,Ckd,203002,Ckd,VERDE NEGRO,CRUDO,UND,True
7700149561938,Sillin Delantero SM650 Mp,1631000000,Ckd,203002,Ckd,VERDE NEGRO,CRUDO,UND,True
7700149561945,Guardab Tras SM650 Mp,1631000000,Ckd,203002,Ckd,VERDE NEGRO,CRUDO,UND,True
7700149561952,Relleno Guardab Tras SM650 Mp,1631000000,Ckd,203002,Ckd,VERDE NEGRO,CRUDO,UND,True
7700149561969,Sub Chasis Tras SM650 Mp,1631000000,Ckd,203002,Ckd,VERDE NEGRO,CRUDO,UND,True
7700149561976,Sistema Electrico SM650 Mp,1631000000,Ckd,203002,Ckd,VERDE NEGRO,CRUDO,UND,True
7700149561983,Bandeja Bateria SM650 Mp,1631000000,Ckd,203002,Ckd,VERDE NEGRO,CRUDO,UND,True
7700149561990,Horquilla SM650 Mp,1631000000,Ckd,203002,Ckd,VERDE NEGRO,CRUDO,UND,True
7700149562003,Tijera SM650 Mp,1631000000,Ckd,203002,Ckd,VERDE NEGRO,CRUDO,UND,True
7700149562010,Gato Central Negro SM650 Mp,1631000000,Ckd,203002,Ckd,VERDE NEGRO,CRUDO,UND,True
7700149562034,Cubierta Piñon Gris SM650 Mp,1631000000,Ckd,203002,Ckd,VERDE NEGRO,CRUDO,UND,True
7700149562058,Bastid Izq Pint SM650 Mp,1631000000,Ckd,203002,Ckd,VERDE NEGRO,CRUDO,UND,True
7700149562140,Caja Filtro Aire SM650 Mp,1631000000,Ckd,203002,Ckd,VERDE NEGRO,CRUDO,UND,True
7705946663519,Guia Cable ABS RE Mp,1631000009,Partes Pequeñas,203002,Ckd,VERDE NEGRO,CRUDO,UND,True
7705946667210,Torn Camp Cue Gal M10x75x14 Mp,1631000000,Ckd,203002,Ckd,VERDE NEGRO,CRUDO,UND,True
7700149543422,Emblema Der Black Met 650 Mp,1631000000,Ckd,203002,Ckd,GRIS NEGRO,CRUDO,UND,True
7700149543514,Emblema Izq Black Met 650 Mp,1631000000,Ckd,203002,Ckd,GRIS NEGRO,CRUDO,UND,True
7700149197748,Tornillo Hex M6x30 300AC Mp,1631000009,Partes Pequeñas,203002,Ckd,BLANCO GRIS,CRUDO,UND,True
7700149343138,Calc Advert Aceit Motor 250 Mp,1631000000,Ckd,203002,Ckd,BLANCO GRIS,CRUDO,UND,True
7700149647601,Arandela Direccion 180ADV Mp,1631000009,Partes Pequeñas,203002,Ckd,BLANCO GRIS,CRUDO,UND,True
7700149647618,Mang Conexión ABS 2 180ADV Mp,1631000000,Ckd,203002,Ckd,BLANCO GRIS,CRUDO,UND,True
7700149647625,Soporte Baul 2 180ADV Mp,1631000000,Ckd,203002,Ckd,BLANCO GRIS,CRUDO,UND,True
7700149647632,Soporte ABS 180ADV Mp,1631000000,Ckd,203002,Ckd,BLANCO GRIS,CRUDO,UND,True
7700149647649,Abrazadera Manubrio 180ADV Mp,1631000009,Partes Pequeñas,203002,Ckd,BLANCO GRIS,CRUDO,UND,True
7700149647656,Spte Horq Manubrio 180ADV Mp,1631000000,Ckd,203002,Ckd,BLANCO GRIS,CRUDO,UND,True
7700149647663,Tuerca Seg Direccion 180ADV Mp,1631000009,Partes Pequeñas,203002,Ckd,BLANCO GRIS,CRUDO,UND,True
7700149647670,Soporte Pito 180ADV Mp,1631000000,Ckd,203002,Ckd,BLANCO GRIS,CRUDO,UND,True
7700149647687,Empaque Direccion 180ADV Mp,1631000009,Partes Pequeñas,203002,Ckd,BLANCO GRIS,CRUDO,UND,True
7700149647694,Spte Cable Acelerad 180ADV Mp,1631000000,Ckd,203002,Ckd,BLANCO GRIS,CRUDO,UND,True
7700149647700,Balin Direccion 180ADV Mp,1631000009,Partes Pequeñas,203002,Ckd,BLANCO GRIS,CRUDO,UND,True
7700149647717,Balin Direccion Inf 180ADV Mp,1631000009,Partes Pequeñas,203002,Ckd,BLANCO GRIS,CRUDO,UND,True
7700149647724,Suspension Del Izq 180ADV Mp,1631000000,Ckd,203002,Ckd,BLANCO GRIS,CRUDO,UND,True
7700149647731,Suspension Del Der 180ADV Mp,1631000000,Ckd,203002,Ckd,BLANCO GRIS,CRUDO,UND,True
7700149647748,Amortiguador Trasero 180ADV Mp,1631000000,Ckd,203002,Ckd,BLANCO GRIS,CRUDO,UND,True
7700149647755,Caucho Posapie Izq 1 180ADV Mp,1631000009,Partes Pequeñas,203002,Ckd,BLANCO GRIS,CRUDO,UND,True
7700149647762,Tuerca Ajuste Direcc 180ADV Mp,1631000009,Partes Pequeñas,203002,Ckd,BLANCO GRIS,CRUDO,UND,True
7700149647779,Guardapierna Der 180ADV Mp,1631000000,Ckd,203002,Ckd,BLANCO GRIS,CRUDO,UND,True
7700149647786,Cubierta Lat Izq 180ADV Mp,1631000000,Ckd,203002,Ckd,BLANCO GRIS,CRUDO,UND,True
7700149647793,Mang Conexión ABS 4 180ADV Mp,1631000000,Ckd,203002,Ckd,BLANCO GRIS,CRUDO,UND,True
7700149647809,Anillo ABS 1 180ADV Mp,1631000000,Ckd,203002,Ckd,BLANCO GRIS,CRUDO,UND,True
7700149647816,Anillo ABS 2 180ADV Mp,1631000000,Ckd,203002,Ckd,BLANCO GRIS,CRUDO,UND,True
7700149647823,Soporte Motor 180ADV Mp,1631000000,Ckd,203002,Ckd,BLANCO GRIS,CRUDO,UND,True
7700149647847,Soporte Baul 1 180ADV Mp,1631000000,Ckd,203002,Ckd,BLANCO GRIS,CRUDO,UND,True
7700149647854,Guardapierna Izq 180ADV Mp,1631000000,Ckd,203002,Ckd,BLANCO GRIS,CRUDO,UND,True
7700149647861,Caucho Posapie Der 2 180ADV Mp,1631000009,Partes Pequeñas,203002,Ckd,BLANCO GRIS,CRUDO,UND,True
7700149647878,Caucho Spte Motor 1 180ADV Mp,1631000009,Partes Pequeñas,203002,Ckd,BLANCO GRIS,CRUDO,UND,True
7700149647885,Caucho Spte Motor 2 180ADV Mp,1631000009,Partes Pequeñas,203002,Ckd,BLANCO GRIS,CRUDO,UND,True
7700149647892,Conexion Amortig Tra 180ADV Mp,1631000000,Ckd,203002,Ckd,BLANCO GRIS,CRUDO,UND,True
7700149647908,Soporte Mofle 1 180ADV Mp,1631000000,Ckd,203002,Ckd,BLANCO GRIS,CRUDO,UND,True
7700149647915,Soporte Mofle 2 180ADV Mp,1631000000,Ckd,203002,Ckd,BLANCO GRIS,CRUDO,UND,True
7700149647922,Soporte Mofle 3 180ADV Mp,1631000000,Ckd,203002,Ckd,BLANCO GRIS,CRUDO,UND,True
7700149647939,Cubierta Baul 180ADV Mp,1631000000,Ckd,203002,Ckd,BLANCO GRIS,CRUDO,UND,True
7700149647946,Parte Tras Guardab Del 180 Mp,1631000000,Ckd,203002,Ckd,BLANCO GRIS,CRUDO,UND,True
7700149647953,Apoyabrazo Derecho 180ADV Mp,1631000000,Ckd,203002,Ckd,BLANCO GRIS,CRUDO,UND,True
7700149647960,Soporte Seguro 180ADV Mp,1631000000,Ckd,203002,Ckd,BLANCO GRIS,CRUDO,UND,True
7700149647977,Spte Cbta Tapa Lat Izq 180 Mp,1631000000,Ckd,203002,Ckd,BLANCO GRIS,CRUDO,UND,True
7700149647984,Spte Cbta Tapa Lat Der 180 Mp,1631000000,Ckd,203002,Ckd,BLANCO GRIS,CRUDO,UND,True
7700149647991,Cubierta Tanque Izq 180ADV Mp,1631000000,Ckd,203002,Ckd,BLANCO GRIS,CRUDO,UND,True
7700149648004,Spte Cubta Tanq Izq 180ADV Mp,1631000000,Ckd,203002,Ckd,BLANCO GRIS,CRUDO,UND,True
7700149648011,Caucho Posapie Izq 2 180ADV Mp,1631000009,Partes Pequeñas,203002,Ckd,BLANCO GRIS,CRUDO,UND,True
7700149648035,Cable Sillin 2 180ADV Mp,1631000000,Ckd,203002,Ckd,BLANCO GRIS,CRUDO,UND,True
7700149648042,Guardabarro Trasero 180ADV Mp,1631000000,Ckd,203002,Ckd,BLANCO GRIS,CRUDO,UND,True
7700149648059,Extens Guardab Tras 180ADV Mp,1631000000,Ckd,203002,Ckd,BLANCO GRIS,CRUDO,UND,True
7700149648066,Guardabarro Inferior 180ADV Mp,1631000000,Ckd,203002,Ckd,BLANCO GRIS,CRUDO,UND,True
7700149648073,Guardabarro Superior 180ADV Mp,1631000000,Ckd,203002,Ckd,BLANCO GRIS,CRUDO,UND,True
7700149648097,Tanque Liq Refri 180ADV Mp,1631000000,Ckd,203002,Ckd,BLANCO GRIS,CRUDO,UND,True
7700149648103,Cubierta Sillin 180ADV Mp,1631000000,Ckd,203002,Ckd,BLANCO GRIS,CRUDO,UND,True
7700149648110,Switche Freno 1 180ADV Mp,1631000000,Ckd,203002,Ckd,BLANCO GRIS,CRUDO,UND,True
7700149648127,Mang Conexión ABS 1 180ADV Mp,1631000000,Ckd,203002,Ckd,BLANCO GRIS,CRUDO,UND,True
7700149648134,Posapie Izquierdo 180ADV Mp,1631000000,Ckd,203002,Ckd,BLANCO GRIS,CRUDO,UND,True
7700149648141,Posapie Derecho 180ADV Mp,1631000000,Ckd,203002,Ckd,BLANCO GRIS,CRUDO,UND,True
7700149648158,Guardapolvo 180ADV Mp,1631000000,Ckd,203002,Ckd,BLANCO GRIS,CRUDO,UND,True
7700149648165,Manubrio 180ADV Mp,1631000000,Ckd,203002,Ckd,BLANCO GRIS,CRUDO,UND,True
7700149648172,Horquilla Superior 180ADV Mp,1631000000,Ckd,203002,Ckd,BLANCO GRIS,CRUDO,UND,True
7700149648189,Apoyabrazo Izquierdo 180ADV Mp,1631000000,Ckd,203002,Ckd,BLANCO GRIS,CRUDO,UND,True
7700149648196,Manilar Der 180ADV Mp,1631000000,Ckd,203002,Ckd,BLANCO GRIS,CRUDO,UND,True
7700149648202,Cable Sillin 3 180ADV Mp,1631000000,Ckd,203002,Ckd,BLANCO GRIS,CRUDO,UND,True
7700149648219,Switche Freno 2 180ADV Mp,1631000000,Ckd,203002,Ckd,BLANCO GRIS,CRUDO,UND,True
7700149648226,Sillin Completo 180ADV Mp,1631000000,Ckd,203002,Ckd,BLANCO GRIS,CRUDO,UND,True
7700149648233,Chapa Sillin 180ADV Mp,1631000000,Ckd,203002,Ckd,BLANCO GRIS,CRUDO,UND,True
7700149648240,Dispos Seguro Sillin 180ADV Mp,1631000000,Ckd,203002,Ckd,BLANCO GRIS,CRUDO,UND,True
7700149648257,Seguro Sillin 180ADV Mp,1631000000,Ckd,203002,Ckd,BLANCO GRIS,CRUDO,UND,True
7700149648264,Cable Sillin 1 180ADV Mp,1631000000,Ckd,203002,Ckd,BLANCO GRIS,CRUDO,UND,True
7700149648271,Caucho Posapie Der 1 180ADV Mp,1631000009,Partes Pequeñas,203002,Ckd,BLANCO GRIS,CRUDO,UND,True
7700149648288,Manilar Izq 180ADV Mp,1631000000,Ckd,203002,Ckd,BLANCO GRIS,CRUDO,UND,True
7700149648295,Caja Bateria 180ADV Mp,1631000000,Ckd,203002,Ckd,BLANCO GRIS,CRUDO,UND,True
7700149648301,Mang Conexión ABS 3 180ADV Mp,1631000000,Ckd,203002,Ckd,BLANCO GRIS,CRUDO,UND,True
7700149648318,Spte Partes Electr 1 180ADV Mp,1631000000,Ckd,203002,Ckd,BLANCO GRIS,CRUDO,UND,True
7700149648325,Spte Partes Electr 2 180ADV Mp,1631000000,Ckd,203002,Ckd,BLANCO GRIS,CRUDO,UND,True
7700149648332,Spte Partes Electr 3 180ADV Mp,1631000000,Ckd,203002,Ckd,BLANCO GRIS,CRUDO,UND,True
7700149648349,Bobina Encendido 180ADV Mp,1631000000,Ckd,203002,Ckd,BLANCO GRIS,CRUDO,UND,True
7700149648356,Spte Bobina Encend 180ADV Mp,1631000000,Ckd,203002,Ckd,BLANCO GRIS,CRUDO,UND,True
7700149648363,Union Magnetica 2 180ADV Mp,1631000000,Ckd,203002,Ckd,BLANCO GRIS,CRUDO,UND,True
7700149648387,Union Magnetica 1 180ADV Mp,1631000000,Ckd,203002,Ckd,BLANCO GRIS,CRUDO,UND,True
7700149648394,Soporte Bateria 180ADV Mp,1631000000,Ckd,203002,Ckd,BLANCO GRIS,CRUDO,UND,True
7700149648400,Sistema Electrico 180ADV Mp,1631000000,Ckd,203002,Ckd,BLANCO GRIS,CRUDO,UND,True
7700149648417,Switch Control 180ADV Mp,1631000000,Ckd,203002,Ckd,BLANCO GRIS,CRUDO,UND,True
7700149648424,Switche Encendido 180ADV Mp,1631000000,Ckd,203002,Ckd,BLANCO GRIS,CRUDO,UND,True
7700149648431,Comando Izquierdo 180ADV Mp,1631000000,Ckd,203002,Ckd,BLANCO GRIS,CRUDO,UND,True
7700149648448,Comando Der 180ADV Mp,1631000000,Ckd,203002,Ckd,BLANCO GRIS,CRUDO,UND,True
7700149648455,Bateria 180ADV Mp,1631000000,Ckd,203002,Ckd,BLANCO GRIS,CRUDO,UND,True
7700149648462,Sistema EVAP 180ADV Mp,1631000000,Ckd,203002,Ckd,BLANCO GRIS,CRUDO,UND,True
7700149648479,Tanque Combustible 180ADV Mp,1631000000,Ckd,203002,Ckd,BLANCO GRIS,CRUDO,UND,True
7700149648486,Caucho Orif Purga 180ADV Mp,1631000009,Partes Pequeñas,203002,Ckd,BLANCO GRIS,CRUDO,UND,True
7700149648493,Tapa Tanque 180ADV Mp,1631000000,Ckd,203002,Ckd,BLANCO GRIS,CRUDO,UND,True
7700149648509,Cable Acelerador 1 180ADV Mp,1631000000,Ckd,203002,Ckd,BLANCO GRIS,CRUDO,UND,True
7700149648516,Cable Acelerador 2 180ADV Mp,1631000000,Ckd,203002,Ckd,BLANCO GRIS,CRUDO,UND,True
7700149648523,Controlador ECU 180ADV Mp,1631000000,Ckd,203002,Ckd,BLANCO GRIS,CRUDO,UND,True
7700149648530,Caucho Relay Arranq 180ADV Mp,1631000009,Partes Pequeñas,203002,Ckd,BLANCO GRIS,CRUDO,UND,True
7700149648547,Bomba Combustible 180ADV Mp,1631000000,Ckd,203002,Ckd,BLANCO GRIS,CRUDO,UND,True
7700149648554,Sistema Electr Aux 2 180ADV Mp,1631000000,Ckd,203002,Ckd,BLANCO GRIS,CRUDO,UND,True
7700149648561,Tapa Bomba Inyeccion 180ADV Mp,1631000000,Ckd,203002,Ckd,BLANCO GRIS,CRUDO,UND,True
7700149648578,Caja Filtro 180ADV Mp,1631000000,Ckd,203002,Ckd,BLANCO GRIS,CRUDO,UND,True
7700149648585,Mofle 180ADV Mp,1631000000,Ckd,203002,Ckd,BLANCO GRIS,CRUDO,UND,True
7700149648592,Conector 28x29x5 180ADV Mp,1631000000,Ckd,203002,Ckd,BLANCO GRIS,CRUDO,UND,True
7700149648608,Empaque Mofle 180ADV Mp,1631000009,Partes Pequeñas,203002,Ckd,BLANCO GRIS,CRUDO,UND,True
7700149648615,Platina Canister 180ADV Mp,1631000009,Partes Pequeñas,203002,Ckd,BLANCO GRIS,CRUDO,UND,True
7700149648622,Sensor Oxigeno 180ADV Mp,1631000000,Ckd,203002,Ckd,BLANCO GRIS,CRUDO,UND,True
7700149648639,Disco Freno Tras 180ADV Mp,1631000000,Ckd,203002,Ckd,BLANCO GRIS,CRUDO,UND,True
7700149648646,Conector USB / Aux 180ADV Mp,1631000000,Ckd,203002,Ckd,BLANCO GRIS,CRUDO,UND,True
7700149648677,Disco Freno Del 180ADV Mp,1631000000,Ckd,203002,Ckd,BLANCO GRIS,CRUDO,UND,True
7700149648684,Torn M8×25 Fren Disc 180ADV Mp,1631000009,Partes Pequeñas,203002,Ckd,BLANCO GRIS,CRUDO,UND,True
7700149648691,Leva Freno Derecha 180ADV Mp,1631000000,Ckd,203002,Ckd,BLANCO GRIS,CRUDO,UND,True
7700149648707,Soporte Silla 180ADV Mp,1631000000,Ckd,203002,Ckd,BLANCO GRIS,CRUDO,UND,True
7700149648714,Sistema ABS 180ADV Mp,1631000000,Ckd,203002,Ckd,BLANCO GRIS,CRUDO,UND,True
7700149648721,Velocimetro 180ADV Mp,1631000000,Ckd,203002,Ckd,BLANCO GRIS,CRUDO,UND,True
7700149648738,Leva Freno Tras 180ADV Mp,1631000000,Ckd,203002,Ckd,BLANCO GRIS,CRUDO,UND,True
7700149648745,Bomba Fren Disc Tras 180ADV Mp,1631000000,Ckd,203002,Ckd,BLANCO GRIS,CRUDO,UND,True
7700149648752,Spte Mang Freno 1 180ADV Mp,1631000000,Ckd,203002,Ckd,BLANCO GRIS,CRUDO,UND,True
7700149648769,Spte Mang Freno 2 180ADV Mp,1631000000,Ckd,203002,Ckd,BLANCO GRIS,CRUDO,UND,True
7700149648776,Spte Mang Freno 3 180ADV Mp,1631000000,Ckd,203002,Ckd,BLANCO GRIS,CRUDO,UND,True
7700149648783,Spte Mang Freno 4 180ADV Mp,1631000000,Ckd,203002,Ckd,BLANCO GRIS,CRUDO,UND,True
7700149648790,Calipper Izquierdo 180ADV Mp,1631000000,Ckd,203002,Ckd,BLANCO GRIS,CRUDO,UND,True
7700149648806,Flasher 180ADV Mp,1631000000,Ckd,203002,Ckd,BLANCO GRIS,CRUDO,UND,True
7700149648820,Union Rapida 1 180ADV Mp,1631000000,Ckd,203002,Ckd,BLANCO GRIS,CRUDO,UND,True
7700149648837,Union Rapida 2 180ADV Mp,1631000000,Ckd,203002,Ckd,BLANCO GRIS,CRUDO,UND,True
7700149648844,Controlador BCM 180ADV Mp,1631000000,Ckd,203002,Ckd,BLANCO GRIS,CRUDO,UND,True
7700149648851,Llave Control Remoto 180ADV Mp,1631000000,Ckd,203002,Ckd,BLANCO GRIS,CRUDO,UND,True
7700149648875,Sensor Velocidad 2 180ADV Mp,1631000000,Ckd,203002,Ckd,BLANCO GRIS,CRUDO,UND,True
7700149648882,Spte Reflect Del Der 180ADV Mp,1631000000,Ckd,203002,Ckd,BLANCO GRIS,CRUDO,UND,True
7700149648899,Sensor Velocidad 1 180ADV Mp,1631000000,Ckd,203002,Ckd,BLANCO GRIS,CRUDO,UND,True
7700149648905,Pito 180ADV Mp,1631000000,Ckd,203002,Ckd,BLANCO GRIS,CRUDO,UND,True
7700149648912,Alarma 180ADV Mp,1631000000,Ckd,203002,Ckd,BLANCO GRIS,CRUDO,UND,True
7700149648929,Farola Completa 180ADV Mp,1631000000,Ckd,203002,Ckd,BLANCO GRIS,CRUDO,UND,True
7700149648936,Soporte Farola 180ADV Mp,1631000000,Ckd,203002,Ckd,BLANCO GRIS,CRUDO,UND,True
7700149648943,Soporte Farola 180ADV Mp,1631000000,Ckd,203002,Ckd,BLANCO GRIS,CRUDO,UND,True
7700149648950,Stop 180ADV Mp,1631000000,Ckd,203002,Ckd,BLANCO GRIS,CRUDO,UND,True
7700149648967,Sistema Electr Aux 1 180ADV Mp,1631000000,Ckd,203002,Ckd,BLANCO GRIS,CRUDO,UND,True
7700149648974,Spte Reflect Del Izq 180ADV Mp,1631000000,Ckd,203002,Ckd,BLANCO GRIS,CRUDO,UND,True
7700149648981,Pin 3.2*20 180ADV Mp,1631000009,Partes Pequeñas,203002,Ckd,BLANCO GRIS,CRUDO,UND,True
7700149648998,Torn Camp Hex M8*12 180ADV Mp,1631000009,Partes Pequeñas,203002,Ckd,BLANCO GRIS,CRUDO,UND,True
7700149649001,Torn Goloso 4.2*13 180ADV Mp,1631000009,Partes Pequeñas,203002,Ckd,BLANCO GRIS,CRUDO,UND,True
7700149649018,Tuerca M16 180ADV Mp,1631000009,Partes Pequeñas,203002,Ckd,BLANCO GRIS,CRUDO,UND,True
7700149649025,Tuerca Camp M10*10 180ADV Mp,1631000009,Partes Pequeñas,203002,Ckd,BLANCO GRIS,CRUDO,UND,True
7700149649032,Tuerca Camp M10*8 180ADV Mp,1631000009,Partes Pequeñas,203002,Ckd,BLANCO GRIS,CRUDO,UND,True
7700149649049,Chapeta M5 180ADV Mp,1631000009,Partes Pequeñas,203002,Ckd,BLANCO GRIS,CRUDO,UND,True
7700149649056,Torn Goloso 4.2*20 180ADV Mp,1631000009,Partes Pequeñas,203002,Ckd,BLANCO GRIS,CRUDO,UND,True
7700149649063,Arandela Plana 26*35 180ADV Mp,1631000009,Partes Pequeñas,203002,Ckd,BLANCO GRIS,CRUDO,UND,True
7700149649070,Torn Goloso 2.9*3.5 180ADV Mp,1631000009,Partes Pequeñas,203002,Ckd,BLANCO GRIS,CRUDO,UND,True
7700149649087,Mang Respir 4×8×120 180ADV Mp,1631000000,Ckd,203002,Ckd,BLANCO GRIS,CRUDO,UND,True
7700149649094,Mang Respir 5×9×170 180ADV Mp,1631000000,Ckd,203002,Ckd,BLANCO GRIS,CRUDO,UND,True
7700149649100,Manguera Gasolina 180ADV Mp,1631000000,Ckd,203002,Ckd,BLANCO GRIS,CRUDO,UND,True
7700149649117,Mang Gasolina 15×17×330 180 Mp,1631000000,Ckd,203002,Ckd,BLANCO GRIS,CRUDO,UND,True
7700149649124,Mang Desfogue Agua 1 180ADV Mp,1631000000,Ckd,203002,Ckd,BLANCO GRIS,CRUDO,UND,True
7700149649131,Mang Desfogue Agua 2 180ADV Mp,1631000000,Ckd,203002,Ckd,BLANCO GRIS,CRUDO,UND,True
7700149649148,Arandela Plana 12*30 180ADV Mp,1631000009,Partes Pequeñas,203002,Ckd,BLANCO GRIS,CRUDO,UND,True
7700149649155,Torn Hexagonal M6*10 180ADV Mp,1631000009,Partes Pequeñas,203002,Ckd,BLANCO GRIS,CRUDO,UND,True
7700149649162,Spte Cubierta Izq 180ADV Mp,1631000000,Ckd,203002,Ckd,BLANCO GRIS,CRUDO,UND,True
7700149649179,Torn Camp Hex M8*70 180ADV Mp,1631000009,Partes Pequeñas,203002,Ckd,BLANCO GRIS,CRUDO,UND,True
7700149649186,Torn Camp Hex M8*28 180ADV Mp,1631000009,Partes Pequeñas,203002,Ckd,BLANCO GRIS,CRUDO,UND,True
7700149649193,Torn CampHex M10*125 180ADV Mp,1631000009,Partes Pequeñas,203002,Ckd,BLANCO GRIS,CRUDO,UND,True
7700149649209,Torn Camp Hex M6*40 180ADV Mp,1631000009,Partes Pequeñas,203002,Ckd,BLANCO GRIS,CRUDO,UND,True
7700149649216,Torn Camp Hex M5*12 180ADV Mp,1631000009,Partes Pequeñas,203002,Ckd,BLANCO GRIS,CRUDO,UND,True
7700149649223,Torn Goloso 4.2*13. 180ADV Mp,1631000009,Partes Pequeñas,203002,Ckd,BLANCO GRIS,CRUDO,UND,True
7700149649230,Torn Hexagonal M6*30 180ADV Mp,1631000009,Partes Pequeñas,203002,Ckd,BLANCO GRIS,CRUDO,UND,True
7700149649247,Buje 34*25 180ADV Mp,1631000009,Partes Pequeñas,203002,Ckd,BLANCO GRIS,CRUDO,UND,True
7700149649254,Torn Hexagonal M6*50 180ADV Mp,1631000009,Partes Pequeñas,203002,Ckd,BLANCO GRIS,CRUDO,UND,True
7700149649261,Torn Hexagonal M6*12 180ADV Mp,1631000009,Partes Pequeñas,203002,Ckd,BLANCO GRIS,CRUDO,UND,True
7700149649278,Torn Hexagonal M6*16 180ADV Mp,1631000009,Partes Pequeñas,203002,Ckd,BLANCO GRIS,CRUDO,UND,True
7700149649285,Torn Hexagonal M6*35 180ADV Mp,1631000009,Partes Pequeñas,203002,Ckd,BLANCO GRIS,CRUDO,UND,True
7700149649292,Tor Hexagonal M10*40 180ADV Mp,1631000009,Partes Pequeñas,203002,Ckd,BLANCO GRIS,CRUDO,UND,True
7700149649308,Torn Phillips M6*12 180ADV Mp,1631000009,Partes Pequeñas,203002,Ckd,BLANCO GRIS,CRUDO,UND,True
7700149649315,Torn Camp Hex M10*50 180ADV Mp,1631000009,Partes Pequeñas,203002,Ckd,BLANCO GRIS,CRUDO,UND,True
7700149649322,Soporte Gancho Freno 180ADV Mp,1631000000,Ckd,203002,Ckd,BLANCO GRIS,CRUDO,UND,True
7700149649339,Caucho D6.5*10 180ADV Mp,1631000009,Partes Pequeñas,203002,Ckd,BLANCO GRIS,CRUDO,UND,True
7700149649346,Resort Tension 2.5×15.5×97 Mp,1631000009,Partes Pequeñas,203002,Ckd,BLANCO GRIS,CRUDO,UND,True
7700149649353,Resort Tension 2.8×13×76 Mp,1631000009,Partes Pequeñas,203002,Ckd,BLANCO GRIS,CRUDO,UND,True
7700149649360,Resort Compres 1.3×7.2×15.1 Mp,1631000009,Partes Pequeñas,203002,Ckd,BLANCO GRIS,CRUDO,UND,True
7700149649377,Resorte Compresion 1×6×30 Mp,1631000009,Partes Pequeñas,203002,Ckd,BLANCO GRIS,CRUDO,UND,True
7700149649384,Clip Horquilla 180ADV Mp,1631000009,Partes Pequeñas,203002,Ckd,BLANCO GRIS,CRUDO,UND,True
7700149649391,Buje 25*17 180ADV Mp,1631000009,Partes Pequeñas,203002,Ckd,BLANCO GRIS,CRUDO,UND,True
7700149649407,Gancho Freno 180ADV Mp,1631000000,Ckd,203002,Ckd,BLANCO GRIS,CRUDO,UND,True
7700149649414,Junta 2 180ADV Mp,1631000000,Ckd,203002,Ckd,BLANCO GRIS,CRUDO,UND,True
7700149649421,Pin 4x32 180ADV Mp,1631000009,Partes Pequeñas,203002,Ckd,BLANCO GRIS,CRUDO,UND,True
7700149649438,Resorte Torsion 1.0 180ADV Mp,1631000009,Partes Pequeñas,203002,Ckd,BLANCO GRIS,CRUDO,UND,True
7700149649445,Torn Socket Hex M5*L14 180 Mp,1631000009,Partes Pequeñas,203002,Ckd,BLANCO GRIS,CRUDO,UND,True
7700149649452,Spte Panel Fron Izq2 180ADV Mp,1631000009,Partes Pequeñas,203002,Ckd,BLANCO GRIS,CRUDO,UND,True
7700149649469,Torn Hex M10*L41 180ADV Mp,1631000009,Partes Pequeñas,203002,Ckd,BLANCO GRIS,CRUDO,UND,True
7700149649476,Antivibrante L20*W5 180ADV Mp,1631000009,Partes Pequeñas,203002,Ckd,BLANCO GRIS,CRUDO,UND,True
7700149649483,Motor KS180 VIN 180ADV Mp,1631000002,Materia Prima Motor,203002,Ckd,BLANCO GRIS,CRUDO,UND,True
7700149649490,Eje D4*54 180ADV Mp,1631000009,Partes Pequeñas,203002,Ckd,BLANCO GRIS,CRUDO,UND,True
7700149649506,Torn Camp Hex M6*16 180ADV Mp,1631000009,Partes Pequeñas,203002,Ckd,BLANCO GRIS,CRUDO,UND,True
7700149649513,Buje 21*12 180ADV Mp,1631000009,Partes Pequeñas,203002,Ckd,BLANCO GRIS,CRUDO,UND,True
7700149649520,Retenedor D39 180ADV Mp,1631000000,Ckd,203002,Ckd,BLANCO GRIS,CRUDO,UND,True
7700149649537,Eje D10 180ADV Mp,1631000009,Partes Pequeñas,203002,Ckd,BLANCO GRIS,CRUDO,UND,True
7700149649544,Eje D4*58 180ADV Mp,1631000009,Partes Pequeñas,203002,Ckd,BLANCO GRIS,CRUDO,UND,True
7700149649551,Eje D10*275 180ADV Mp,1631000009,Partes Pequeñas,203002,Ckd,BLANCO GRIS,CRUDO,UND,True
7700149649568,Caucho D10 180ADV Mp,1631000009,Partes Pequeñas,203002,Ckd,BLANCO GRIS,CRUDO,UND,True
7700149649575,Eje D12*223 180ADV Mp,1631000009,Partes Pequeñas,203002,Ckd,BLANCO GRIS,CRUDO,UND,True
7700149649582,Torn Expansion 6×12 180ADV Mp,1631000009,Partes Pequeñas,203002,Ckd,BLANCO GRIS,CRUDO,UND,True
7700149649599,Banda 130*24 180ADV Mp,1631000000,Ckd,203002,Ckd,BLANCO GRIS,CRUDO,UND,True
7700149649605,Arand Caucho Plana 180ADV Mp,1631000009,Partes Pequeñas,203002,Ckd,BLANCO GRIS,CRUDO,UND,True
7700149649612,Abrazadera Tubo 1 180ADV Mp,1631000009,Partes Pequeñas,203002,Ckd,BLANCO GRIS,CRUDO,UND,True
7700149649629,Abrazadera Tubo 2 180ADV Mp,1631000009,Partes Pequeñas,203002,Ckd,BLANCO GRIS,CRUDO,UND,True
7700149649636,Abrazadera Tubo 3 180ADV Mp,1631000009,Partes Pequeñas,203002,Ckd,BLANCO GRIS,CRUDO,UND,True
7700149649643,Junta 1 180ADV Mp,1631000000,Ckd,203002,Ckd,BLANCO GRIS,CRUDO,UND,True
7700149649650,Buje 33*17 180ADV Mp,1631000009,Partes Pequeñas,203002,Ckd,BLANCO GRIS,CRUDO,UND,True
7700149649667,Eje D10*232 180ADV Mp,1631000009,Partes Pequeñas,203002,Ckd,BLANCO GRIS,CRUDO,UND,True
7700149649674,Soporte Cbta Der 1 180ADV Mp,1631000000,Ckd,203002,Ckd,BLANCO GRIS,CRUDO,UND,True
7700149649681,Torn Camp Hex M6*10 180ADV Mp,1631000009,Partes Pequeñas,203002,Ckd,BLANCO GRIS,CRUDO,UND,True
7700149649698,Clip Cbta Manubrio 180ADV Mp,1631000009,Partes Pequeñas,203002,Ckd,BLANCO GRIS,CRUDO,UND,True
7700149649704,Cortaviento Izq 180ADV Mp,1631000000,Ckd,203002,Ckd,BLANCO GRIS,CRUDO,UND,True
7700149649711,Cbta Proteccion Izq 180ADV Mp,1631000000,Ckd,203002,Ckd,BLANCO GRIS,CRUDO,UND,True
7700149649728,Cortaviento Derecho 180ADV Mp,1631000000,Ckd,203002,Ckd,BLANCO GRIS,CRUDO,UND,True
7700149649735,Cubierta Inf Izq 180ADV Mp,1631000000,Ckd,203002,Ckd,BLANCO GRIS,CRUDO,UND,True
7700149649742,Cubierta Manubrio 180ADV Mp,1631000000,Ckd,203002,Ckd,BLANCO GRIS,CRUDO,UND,True
7700149649766,Platina Visor 2 180ADV Mp,1631000009,Partes Pequeñas,203002,Ckd,BLANCO GRIS,CRUDO,UND,True
7700149649773,Soporte Cbta Izq 2 180ADV Mp,1631000000,Ckd,203002,Ckd,BLANCO GRIS,CRUDO,UND,True
7700149649780,Proteccion Izquierda 180ADV Mp,1631000000,Ckd,203002,Ckd,BLANCO GRIS,CRUDO,UND,True
7700149649803,Proteccion Derecha 180ADV Mp,1631000000,Ckd,203002,Ckd,BLANCO GRIS,CRUDO,UND,True
7700149649810,Gancho 180ADV Mp,1631000009,Partes Pequeñas,203002,Ckd,BLANCO GRIS,CRUDO,UND,True
7700149649827,Cubierta Bateria 180ADV Mp,1631000000,Ckd,203002,Ckd,BLANCO GRIS,CRUDO,UND,True
7700149649834,Platina Inferior 180ADV Mp,1631000009,Partes Pequeñas,203002,Ckd,BLANCO GRIS,CRUDO,UND,True
7700149649858,Cubierta Lat Der 180ADV Mp,1631000000,Ckd,203002,Ckd,BLANCO GRIS,CRUDO,UND,True
7700149649865,Cubierta Der Inf 180ADV Mp,1631000000,Ckd,203002,Ckd,BLANCO GRIS,CRUDO,UND,True
7700149649919,Cubierta Velocimetro 180ADV Mp,1631000000,Ckd,203002,Ckd,BLANCO GRIS,CRUDO,UND,True
7700149649940,Conect Spte Panel Front 180 Mp,1631000000,Ckd,203002,Ckd,BLANCO GRIS,CRUDO,UND,True
7700149649957,Panel Frontal Izq 180ADV Mp,1631000000,Ckd,203002,Ckd,BLANCO GRIS,CRUDO,UND,True
7700149649964,Panel Frontal Der 180ADV Mp,1631000000,Ckd,203002,Ckd,BLANCO GRIS,CRUDO,UND,True
7700149649971,Visor Completo 180ADV Mp,1631000000,Ckd,203002,Ckd,BLANCO GRIS,CRUDO,UND,True
7700149649988,Caucho Visor 180ADV Mp,1631000009,Partes Pequeñas,203002,Ckd,BLANCO GRIS,CRUDO,UND,True
7700149649995,Platina Visor 1 180ADV Mp,1631000009,Partes Pequeñas,203002,Ckd,BLANCO GRIS,CRUDO,UND,True
7700149650014,Kit Herramientas 180ADV Mp,1631000000,Ckd,203002,Ckd,BLANCO GRIS,CRUDO,UND,True
7700149650021,Set Baul 180ADV Mp,1631000000,Ckd,203002,Ckd,BLANCO GRIS,CRUDO,UND,True
7700149650038,Platina Baul 180ADV Mp,1631000009,Partes Pequeñas,203002,Ckd,BLANCO GRIS,CRUDO,UND,True
7700149650045,Extension Baul 180ADV Mp,1631000000,Ckd,203002,Ckd,BLANCO GRIS,CRUDO,UND,True
7700149650052,Antivibrante 1 180ADV Mp,1631000009,Partes Pequeñas,203002,Ckd,BLANCO GRIS,CRUDO,UND,True
7700149650069,Sensor 180ADV Mp,1631000000,Ckd,203002,Ckd,BLANCO GRIS,CRUDO,UND,True
7700149650076,Spte Union Cbta Baul 180ADV Mp,1631000000,Ckd,203002,Ckd,BLANCO GRIS,CRUDO,UND,True
7700149650083,Cubierta Vehiculo 180ADV Mp,1631000000,Ckd,203002,Ckd,BLANCO GRIS,CRUDO,UND,True
7700149650090,Cbta Frontal Baul 180ADV Mp,1631000000,Ckd,203002,Ckd,BLANCO GRIS,CRUDO,UND,True
7700149650106,Tapa Frontal Guantera 1 180 Mp,1631000000,Ckd,203002,Ckd,BLANCO GRIS,CRUDO,UND,True
7700149650137,Antivibrante 2 180ADV Mp,1631000009,Partes Pequeñas,203002,Ckd,BLANCO GRIS,CRUDO,UND,True
7700149650144,Sticker 1 180ADV Mp,1631000000,Ckd,203002,Ckd,BLANCO GRIS,CRUDO,UND,True
7700149650175,Protector Baul 180ADV Mp,1631000000,Ckd,203002,Ckd,BLANCO GRIS,CRUDO,UND,True
7700149650182,Platina Cortaviento Der 180 Mp,1631000009,Partes Pequeñas,203002,Ckd,BLANCO GRIS,CRUDO,UND,True
7700149650199,Antivibrante L23*W6 180ADV Mp,1631000009,Partes Pequeñas,203002,Ckd,BLANCO GRIS,CRUDO,UND,True
7700149650205,Plat Union Central 3 180ADV Mp,1631000009,Partes Pequeñas,203002,Ckd,BLANCO GRIS,CRUDO,UND,True
7700149650212,Cubierta Tras Izq 180ADV Mp,1631000000,Ckd,203002,Ckd,BLANCO GRIS,CRUDO,UND,True
7700149650229,Cubierta Tras Der 180ADV Mp,1631000000,Ckd,203002,Ckd,BLANCO GRIS,CRUDO,UND,True
7700149650236,Cubierta Stop 180ADV Mp,1631000000,Ckd,203002,Ckd,BLANCO GRIS,CRUDO,UND,True
7700149650243,Conexion Cbta Stop 180ADV Mp,1631000000,Ckd,203002,Ckd,BLANCO GRIS,CRUDO,UND,True
7700149650250,Caja Almacenamiento 180ADV Mp,1631000000,Ckd,203002,Ckd,BLANCO GRIS,CRUDO,UND,True
7700149650267,Platina Cortaviento Izq 180 Mp,1631000009,Partes Pequeñas,203002,Ckd,BLANCO GRIS,CRUDO,UND,True
7700149650274,Tapa Frontal Guantera 2 180 Mp,1631000000,Ckd,203002,Ckd,BLANCO GRIS,CRUDO,UND,True
7700149650281,Cubierta Tanque 180ADV Mp,1631000000,Ckd,203002,Ckd,BLANCO GRIS,CRUDO,UND,True
7700149650298,Conector Cbta Lat 180ADV Mp,1631000000,Ckd,203002,Ckd,BLANCO GRIS,CRUDO,UND,True
7700149650304,Cubierta Int Izq 180ADV Mp,1631000009,Partes Pequeñas,203002,Ckd,BLANCO GRIS,CRUDO,UND,True
7700149650311,Cubierta Int Der 180ADV Mp,1631000009,Partes Pequeñas,203002,Ckd,BLANCO GRIS,CRUDO,UND,True
7700149650328,Componente Visor Del 180ADV Mp,1631000000,Ckd,203002,Ckd,BLANCO GRIS,CRUDO,UND,True
7700149650335,Guantera 180ADV Mp,1631000000,Ckd,203002,Ckd,BLANCO GRIS,CRUDO,UND,True
7700149650359,Gancho Casco 180ADV Mp,1631000000,Ckd,203002,Ckd,BLANCO GRIS,CRUDO,UND,True
7700149672948,Mang Aire 180ADV V2 Mp,1631000000,Ckd,203002,Ckd,BLANCO GRIS,CRUDO,UND,True
7700149672955,Abrazadera Tubo 180ADV Mp,1631000009,Partes Pequeñas,203002,Ckd,BLANCO GRIS,CRUDO,UND,True
7700149679619,Calco Info Moto 180SR1 MP,1632000000,Integracion Nacional,203002,Integración Nacional,BLANCO GRIS,CRUDO,UND,True
7700149689540,Manual Prop Gara VG180 3*1 Mp,1632000000,Integracion Nacional,203002,Integración Nacional,BLANCO GRIS,CRUDO,UND,True
7700149708470,Rueda Del Esp MTZ 180ADV Mp,1631000005,Materia Prima componentes,203002,Ckd,BLANCO GRIS,CRUDO,UND,True
7700149708487,Rueda Tras Esp MTZ 180ADV Mp,1631000005,Materia Prima componentes,203002,Ckd,BLANCO GRIS,CRUDO,UND,True
7700149709590,Calco TCS 180XRS Mp,1632000000,Integracion Nacional,203002,Integración Nacional,BLANCO GRIS,CRUDO,UND,True
7700149709613,Calco Doming ADV 180XRS Mp,1632000000,Integracion Nacional,203002,Integración Nacional,BLANCO GRIS,CRUDO,UND,True
7700149709620,Calco Doming AKT 180XRS Mp,1632000000,Integracion Nacional,203002,Integración Nacional,BLANCO GRIS,CRUDO,UND,True
7700149714884,Calco Info PPF TFT 180XRS Mp,1632000000,Integracion Nacional,203002,Integración Nacional,BLANCO GRIS,CRUDO,UND,True
7700149714891,Protector Pant PPF 180XRS Mp,1632000000,Integracion Nacional,203002,Integración Nacional,BLANCO GRIS,CRUDO,UND,True
7700149717038,Gato Lateral 180XRS Mp,1632000000,Integracion Nacional,203002,Integración Nacional,BLANCO GRIS,CRUDO,UND,True
7700149717045,Gato Central 180XRS Mp,1632000000,Integracion Nacional,203002,Integración Nacional,BLANCO GRIS,CRUDO,UND,True
7700149723534,Balancin Generico Sin Cuñas MP,1632000000,Integracion Nacional,203002,Integración Nacional,BLANCO GRIS,CRUDO,UND,True
7700149723541,Buje + Tornillos PesaXRS180 MP,1632000000,Integracion Nacional,203002,Integración Nacional,BLANCO GRIS,CRUDO,UND,True
7700149754026,Calco Lat Comp Der XRS MP,1632000000,Integracion Nacional,203002,Integración Nacional,BLANCO GRIS,CRUDO,UND,True
7700149754033,Calco Lat Comp Izq XRS MP,1632000000,Integracion Nacional,203002,Integración Nacional,BLANCO GRIS,CRUDO,UND,True
7700149766081,Calco 55mm AKT 180XRS Mp,1632000000,Integracion Nacional,203002,Integración Nacional,BLANCO GRIS,CRUDO,UND,True
7700149709538,Calco Emblema Der 180XRS Mp,1632000000,Integracion Nacional,203002,Integración Nacional,GRIS,CRUDO,UND,True
7700149709545,Calco Emblema Izq 180XRS MP,1632000000,Integracion Nacional,203002,Integración Nacional,GRIS,CRUDO,UND,True
7700149709576,Calco 4V EFI 180XRS Mp,1632000000,Integracion Nacional,203002,Integración Nacional,GRIS,CRUDO,UND,True
7700149709583,Calco LQ 180XRS Mp,1632000000,Integracion Nacional,203002,Integración Nacional,GRIS,CRUDO,UND,True
7700149709606,Calco ABS 180XRS MP,1632000000,Integracion Nacional,203002,Integración Nacional,GRIS,CRUDO,UND,True
7700149618540,Eje Trasero Volc Motocarro+ Mp,1631000008,Sin control PROFIA,203002,Ckd,GRIS,CRUDO,UND,True
7700149618557,Tapa Tras Volco Motocarro + Mp,1631000008,Sin control PROFIA,203002,Ckd,GRIS,CRUDO,UND,True
7700149618564,Tap Lat Der Del Volc Motoc+ Mp,1631000008,Sin control PROFIA,203002,Ckd,GRIS,CRUDO,UND,True
7700149618571,Tap Lat Izq Del Volc Motoc+ Mp,1631000008,Sin control PROFIA,203002,Ckd,GRIS,CRUDO,UND,True
7700149618588,Tapa Del Volco Motocarro+ Mp,1631000008,Sin control PROFIA,203002,Ckd,GRIS,CRUDO,UND,True
7700149618595,Planchon Volco Motocarro+ Mp,1631000008,Sin control PROFIA,203002,Ckd,GRIS,CRUDO,UND,True
7700149707176,Torn M8X45 Gr 8.8  Motoc+ Mp,1631000008,Sin control PROFIA,203002,Ckd,GRIS,CRUDO,UND,True
7700149707183,Torn M10X145 Gr Motoc+ Mp,1631000008,Sin control PROFIA,203002,Ckd,GRIS,CRUDO,UND,True
7700149707190,Abrazadera Del Mofle Motoc+ Mp,1631000008,Sin control PROFIA,203002,Ckd,GRIS,CRUDO,UND,True
7700149707213,Motor Combus Int 4T Motoc+ PF,1631000002,Materia Prima Motor,203002,Ckd,GRIS,CRUDO,UND,True
7700149732963,Calco Info Moto AK200ZW+ ,1632000000,Integracion Nacional,203002,Integración Nacional,GRIS,CRUDO,UND,True
7700149738903,Platina Advert Carga Max 3W Mp,1632000000,Integracion Nacional,203002,Integración Nacional,GRIS,CRUDO,UND,True
7700149819329,Manual AK200ZW+ 3*1 MP,1632000000,Integracion Nacional,203002,Integración Nacional,GRIS,CRUDO,UND,True
7700149689595,Chasis Meteor 350 Neg Bri Mp,1631000001,Materia Prima Chasis,203002,Ckd,,CRUDO,UND,True
7700149612814,Calco Tapa Lat Izq Negra Mp,1631000003,Materia Prima terceros,203002,Ckd,,CRUDO,UND,True
7700149612845,Calco Tapa Lat Der Negra Mp,1631000003,Materia Prima terceros,203002,Ckd,,CRUDO,UND,True
7700149612975,Calco Tapa Lat Izq Bronce Mp,1631000003,Materia Prima terceros,203002,Ckd,,CRUDO,UND,True
7700149612739,Calco Tapa Lat Der Bronce Mp,1631000003,Materia Prima terceros,203002,Ckd,,CRUDO,UND,True
7700149749336,Calco Cola Der AZ CR4  V2 Mp,1632000000,Integracion Nacional,203002,Integración Nacional,GRIS,CRUDO,UND,True
7700149749343,Calco Cola Izq AZ CR4  V2 Mp,1632000000,Integracion Nacional,203002,Integración Nacional,GRIS,CRUDO,UND,True
7700149749350,Calco Guardab AZ Der CR4 V2 Mp,1632000000,Integracion Nacional,203002,Integración Nacional,GRIS,CRUDO,UND,True
7700149749367,Calco Guardab AZ Izq CR4 V2 Mp,1632000000,Integracion Nacional,203002,Integración Nacional,GRIS,CRUDO,UND,True
7700149749374,Calco Rin AZ CR4 V2 Mp,1632000000,Integracion Nacional,203002,Integración Nacional,GRIS,CRUDO,UND,True
7700149749404,Calco Tapa Lat AZ Der CR4 MP,1632000000,Integracion Nacional,203002,Integración Nacional,GRIS,CRUDO,UND,True
7700149749411,Calco Tapa Lat AZ Izq CR4 MP,1632000000,Integracion Nacional,203002,Integración Nacional,GRIS,CRUDO,UND,True
7700149749459,Calco Tan Der AZ CR4 150 V2 Mp,1632000000,Integracion Nacional,203002,Integración Nacional,GRIS,CRUDO,UND,True
7700149749466,Calco Tan Izq AZ CR4 150 V2 Mp,1632000000,Integracion Nacional,203002,Integración Nacional,GRIS,CRUDO,UND,True
7700149749435,Calco Tan Der AZ CR4 125 V2 Mp,1632000000,Integracion Nacional,203002,Integración Nacional,GRIS,CRUDO,UND,True
7700149749442,Calco Tan Izq Az CR4 125 V2 Mp,1632000000,Integracion Nacional,203002,Integración Nacional,GRIS,CRUDO,UND,True
7701023236881,Tornillo Hex M8x20x13 Galv Mp,1631000009,Partes Pequeñas,203002,Ckd,GRIS,CRUDO,UND,True
7700149331111,Calco 125 Izq V TTR Mp,1632000000,Integracion Nacional,203002,Integración Nacional,VERDE MATE NEGRO,CRUDO,UND,True
7700149331159,Calco Tapa Tanque Izq V TTR Mp,1632000000,Integracion Nacional,203002,Integración Nacional,VERDE MATE NEGRO,CRUDO,UND,True
7700149331166,Calco Tapa Tanq Der V TTR Mp,1632000000,Integracion Nacional,203002,Integración Nacional,VERDE MATE NEGRO,CRUDO,UND,True
7700149331173,Calco Tras V TTR Mp,1632000000,Integracion Nacional,203002,Integración Nacional,VERDE MATE NEGRO,CRUDO,UND,True
7700149331180,Calco Farola V TTR Mp,1632000000,Integracion Nacional,203002,Integración Nacional,VERDE MATE NEGRO,CRUDO,UND,True
7700149331197,Calco Cola Izq V TTR Mp,1632000000,Integracion Nacional,203002,Integración Nacional,VERDE MATE NEGRO,CRUDO,UND,True
7700149331203,Calco Cola Der V TTR Mp,1632000000,Integracion Nacional,203002,Integración Nacional,VERDE MATE NEGRO,CRUDO,UND,True
7700149331210,Calco Tanque Izq V TTR Mp,1632000000,Integracion Nacional,203002,Integración Nacional,VERDE MATE NEGRO,CRUDO,UND,True
7700149331227,Calco Tanque Der V TTR Mp,1632000000,Integracion Nacional,203002,Integración Nacional,VERDE MATE NEGRO,CRUDO,UND,True
7700149331265,Calco 125 Der V TTR Mp,1632000000,Integracion Nacional,203002,Integración Nacional,VERDE MATE NEGRO,CRUDO,UND,True
7700149520690,Parrilla Aluminio TTR/DS Mp,1632000000,Integracion Nacional,203002,Integración Nacional,VERDE MATE NEGRO,CRUDO,UND,True
7700149685344,Anclaje Parrilla TTR Mp,1632000000,Integracion Nacional,203002,Integración Nacional,VERDE MATE NEGRO,CRUDO,UND,True
7705946778961,Cortaviento Der TTR SE V2 MP,1632000000,Integracion Nacional,203002,Integración Nacional,VERDE MATE NEGRO,CRUDO,UND,True
7705946778978,Cortaviento Izq TTR SE V2 MP,1632000000,Integracion Nacional,203002,Integración Nacional,VERDE MATE NEGRO,CRUDO,UND,True
7705946873147,Protector motor TTDS MP,1632000000,Integracion Nacional,203002,Integración Nacional,VERDE MATE NEGRO,CRUDO,UND,True
7700149598378,Cubta Tras Cent DS900X Mp,1631000003,Materia Prima terceros,203002,Ckd,,CRUDO,UND,True
7700149598460,Cubta Tras Der Inf DS900X Mp,1631000003,Materia Prima terceros,203002,Ckd,,CRUDO,UND,True
7700149598453,Cubta Tras Izq Inf DS900X Mp,1631000003,Materia Prima terceros,203002,Ckd,,CRUDO,UND,True
7700149543309,Calc Tanq Green Der Met 650 Mp,1631000003,Materia Prima terceros,203002,Ckd,,CRUDO,UND,True
7700149543316,Calc Tanq Green Izq Met 650 Mp,1631000003,Materia Prima terceros,203002,Ckd,,CRUDO,UND,True
7700149543323,Calc Gbo Tras IntGr Met 650 Mp,1631000003,Materia Prima terceros,203002,Ckd,,CRUDO,UND,True
7700149543767,Guardab Tras Meteor 650 Mp,1631000003,Materia Prima terceros,203002,Ckd,,CRUDO,UND,True
7700149543286,Calc Tap Der IntGr Met 650 Mp,1631000003,Materia Prima terceros,203002,Ckd,,CRUDO,UND,True
7700149543293,Calc Tap Izq Green Met 650 Mp,1631000003,Materia Prima terceros,203002,Ckd,,CRUDO,UND,True
7700149543750,Guardab Del Meteor 650 Mp,1631000003,Materia Prima terceros,203002,Ckd,,CRUDO,UND,True
7700149543484,Calc Tanq IntGr Der Met 650 Mp,1631000003,Materia Prima terceros,203002,Ckd,,CRUDO,UND,True
7700149543729,Tanque Meteor 650 Mp,1631000003,Materia Prima terceros,203002,Ckd,,CRUDO,UND,True
7700149543415,Calc Tap Izq IntGr Met 650 Mp,1631000003,Materia Prima terceros,203002,Ckd,,CRUDO,UND,True
7700149543781,Tapa Lat Der Meteor 650 Mp,1631000003,Materia Prima terceros,203002,Ckd,,CRUDO,UND,True
7700149543774,Tapa Lat Izq Meteor 650 Mp,1631000003,Materia Prima terceros,203002,Ckd,,CRUDO,UND,True
7700149543354,Calc Gbo Tras Grey Met 650 Mp,1631000003,Materia Prima terceros,203002,Ckd,,CRUDO,UND,True
7700149543262,Calc Tanq IntGr Izq Met 650 Mp,1631000003,Materia Prima terceros,203002,Ckd,,CRUDO,UND,True
7700149543330,Calc Tanq Grey Met 650 Mp,1631000003,Materia Prima terceros,203002,Ckd,,CRUDO,UND,True
7700149543361,Calc Tap Der Grey Met 650 Mp,1631000003,Materia Prima terceros,203002,Ckd,,CRUDO,UND,True
7700149543378,Calc Tap Izq Grey Met 650 Mp,1631000003,Materia Prima terceros,203002,Ckd,,CRUDO,UND,True
7700149543408,Calc Gbo Tras Black Met 650 Mp,1631000003,Materia Prima terceros,203002,Ckd,,CRUDO,UND,True
7700149543521,Calc Tap Izq Black Met 650 Mp,1631000003,Materia Prima terceros,203002,Ckd,,CRUDO,UND,True
7700149543507,Calc Tap Der Black Met 650 Mp,1631000003,Materia Prima terceros,203002,Ckd,,CRUDO,UND,True
7700149688284,Cargador USB New HNTR Mp,1631000000,Ckd,203002,Ckd,AZUL,CRUDO,UND,True
7700149688475,Extension Guardab Del MeteorMp,1631000000,Ckd,203002,Ckd,AZUL,CRUDO,UND,True
7700149688482,Flasher NewMeteor Mp,1631000000,Ckd,203002,Ckd,AZUL,CRUDO,UND,True
7700149688499,Sistema Electrico NewMeteorMp,1631000000,Ckd,203002,Ckd,AZUL,CRUDO,UND,True
7700149688505,Abrazadera CajaBateriaMeteorMp,1631000009,Partes Pequeñas,203002,Ckd,AZUL,CRUDO,UND,True
7700149688512,Silenciador Cto NegroMeteor Mp,1631000000,Ckd,203002,Ckd,AZUL,CRUDO,UND,True
7700149688529,Manubrio Cto GrisMat Meteor Mp,1631000000,Ckd,203002,Ckd,AZUL,CRUDO,UND,True
7700149688536,Motor VIN Meteor V3 Mp,1631000002,Materia Prima Motor,203002,Ckd,AZUL,CRUDO,UND,True
7700149688697,Platina Guardab Del MeteorMp,1631000009,Partes Pequeñas,203002,Ckd,AZUL,CRUDO,UND,True
7700149688741,Direccional LED TraDerMeteorMp,1631000000,Ckd,203002,Ckd,AZUL,CRUDO,UND,True
7700149688758,Direccional LED TraIzqMeteorMp,1631000000,Ckd,203002,Ckd,AZUL,CRUDO,UND,True
7700149688765,Farola LED Cta NewMeteor Mp,1631000000,Ckd,203002,Ckd,AZUL,CRUDO,UND,True
7700149688772,Platina Int Farola NewMeteorMp,1631000009,Partes Pequeñas,203002,Ckd,AZUL,CRUDO,UND,True
7700149742382,Platina Reservorio Cta Tras Mp,1631000009,Partes Pequeñas,203002,Ckd,AZUL,CRUDO,UND,True
7705946883214,Posapie Del Der Cto Meteor Mp,1631000000,Ckd,203002,Ckd,AZUL,CRUDO,UND,True
7705946883863,Caja Bateria Meteor Mp,1631000000,Ckd,203002,Ckd,AZUL,CRUDO,UND,True
7705946956703,Cubierta Stop RE Mp,1631000000,Ckd,203002,Ckd,AZUL,CRUDO,UND,True
7700149688642,Calco RuedTrasNarj NewMeteorMp,1631000000,Ckd,203002,Ckd,NARANJA NEGRO,CRUDO,UND,True
7700149688659,Calco Rueda Del Narj Meteor Mp,1631000000,Ckd,203002,Ckd,NARANJA NEGRO,CRUDO,UND,True
7700149688789,Manubrio Cto Negro MeteorMp,1631000000,Ckd,203002,Ckd,NARANJA NEGRO,CRUDO,UND,True
7700149705806,Calco Emblema Tanq DerNegro Mp,1631000000,Ckd,203002,Ckd,NARANJA NEGRO,CRUDO,UND,True
7700149688628,Calco Rueda Del Roja Meteor Mp,1631000000,Ckd,203002,Ckd,GRIS NEGRO,CRUDO,UND,True
7700149688680,Calco RuedTrasRoja NewMeteorMp,1631000000,Ckd,203002,Ckd,GRIS NEGRO,CRUDO,UND,True
7700149688703,Calco Emblem Tanq Izq Rojo Mp,1631000000,Ckd,203002,Ckd,GRIS NEGRO,CRUDO,UND,True
7700149705813,Calco Emblem Tanq Der Rojo Mp,1631000000,Ckd,203002,Ckd,GRIS NEGRO,CRUDO,UND,True
7700149175104,Abrazadera Manguera Chasis Mp,1631000000,Ckd,203002,Ckd,AZUL BLANCO MATE NEGRO,CRUDO,UND,True
7700149531627,Calco Rueda Der HNTR Azul Mp,1631000000,Ckd,203002,Ckd,AZUL BLANCO MATE NEGRO,CRUDO,UND,True
7700149531634,Calco Rueda Izq HNTR Azul Mp,1631000000,Ckd,203002,Ckd,AZUL BLANCO MATE NEGRO,CRUDO,UND,True
7700149688246,Placa Interior New HNTR Mp,1631000000,Ckd,203002,Ckd,AZUL BLANCO MATE NEGRO,CRUDO,UND,True
7700149688253,Porta Sprocket New HNTR Mp,1631000000,Ckd,203002,Ckd,AZUL BLANCO MATE NEGRO,CRUDO,UND,True
7700149688260,Tornillo Boton  M8 x 30 8.8 Mp,1631000009,Partes Pequeñas,203002,Ckd,AZUL BLANCO MATE NEGRO,CRUDO,UND,True
7700149688277,Sistema ABS New HNTR Mp,1631000000,Ckd,203002,Ckd,AZUL BLANCO MATE NEGRO,CRUDO,UND,True
7700149688291,Sistema Electrico New HNTR Mp,1631000000,Ckd,203002,Ckd,AZUL BLANCO MATE NEGRO,CRUDO,UND,True
7700149688307,Protector Talon New HNTR Mp,1631000000,Ckd,203002,Ckd,AZUL BLANCO MATE NEGRO,CRUDO,UND,True
7700149688314,Manubrio Completo New HNTR Mp,1631000000,Ckd,203002,Ckd,AZUL BLANCO MATE NEGRO,CRUDO,UND,True
7700149688321,Cable Clutch New HNTR Mp,1631000000,Ckd,203002,Ckd,AZUL BLANCO MATE NEGRO,CRUDO,UND,True
7700149688338,Motor Completo VIN New HNTR Mp,1631000002,Materia Prima Motor,203002,Ckd,AZUL BLANCO MATE NEGRO,CRUDO,UND,True
7700149688345,Cuenca Farola New HNTR Mp,1631000000,Ckd,203002,Ckd,AZUL BLANCO MATE NEGRO,CRUDO,UND,True
7700149688352,Sillin Completo New HNTR Mp,1631000000,Ckd,203002,Ckd,AZUL BLANCO MATE NEGRO,CRUDO,UND,True
7700149688369,Soporte Farola Izq New HNTR Mp,1631000000,Ckd,203002,Ckd,AZUL BLANCO MATE NEGRO,CRUDO,UND,True
7700149688376,Soporte Farola Der New HNTR Mp,1631000000,Ckd,203002,Ckd,AZUL BLANCO MATE NEGRO,CRUDO,UND,True
7700149688383,Cubierta Direc Izq NewHNTR Mp,1631000000,Ckd,203002,Ckd,AZUL BLANCO MATE NEGRO,CRUDO,UND,True
7700149688390,Cubierta Direc Der NewHNTR Mp,1631000000,Ckd,203002,Ckd,AZUL BLANCO MATE NEGRO,CRUDO,UND,True
7700149688406,Soporte AjustFarola NewHNTR Mp,1631000000,Ckd,203002,Ckd,AZUL BLANCO MATE NEGRO,CRUDO,UND,True
7700149688413,Farola LED Completa NewHNTR Mp,1631000000,Ckd,203002,Ckd,AZUL BLANCO MATE NEGRO,CRUDO,UND,True
7700149688420,Caucho Sopor Farola NewHNTR Mp,1631000009,Partes Pequeñas,203002,Ckd,AZUL BLANCO MATE NEGRO,CRUDO,UND,True
7700149688437,Amortiguador Traser NewHNTR Mp,1631000000,Ckd,203002,Ckd,AZUL BLANCO MATE NEGRO,CRUDO,UND,True
7700149688444,Manual Propietar New HNTR Mp,1631000000,Ckd,203002,Ckd,AZUL BLANCO MATE NEGRO,CRUDO,UND,True
7700149688451,Cub CuerpAcel Der NegMatHNTRMp,1631000000,Ckd,203002,Ckd,NEGRO BLANCO MATE,CRUDO,UND,True
7700149688468,Kit Guardab Del HNTR NegMat Mp,1631000000,Ckd,203002,Ckd,NEGRO BLANCO MATE,CRUDO,UND,True
7700149688550,Cub CuerpAcel Izq NegMatHNTRMp,1631000000,Ckd,203002,Ckd,NEGRO BLANCO MATE,CRUDO,UND,True
7700149688574,Kit Guardab TrasHNTR NegMat Mp,1631000000,Ckd,203002,Ckd,NEGRO BLANCO MATE,CRUDO,UND,True
7700149688598,Calco Rueda Izq HNTR TokyoB Mp,1631000000,Ckd,203002,Ckd,NEGRO BLANCO MATE,CRUDO,UND,True
7700149688604,Calco Rueda Der HNTR TokyoB Mp,1631000000,Ckd,203002,Ckd,NEGRO BLANCO MATE,CRUDO,UND,True
7700149175517,Guardapolvo Tijera RE Mp,1631000000,Ckd,203002,Ckd,NEGRO MATE,CRUDO,UND,True
7700149705820,Calco Rued DerHNTR GraphGreyMP,1631000000,Ckd,203002,Ckd,NEGRO MATE,CRUDO,UND,True
7700149705837,Calco Rued IzqHNTR GraphGreyMP,1631000000,Ckd,203002,Ckd,NEGRO MATE,CRUDO,UND,True
7700149640725,Calco Front LR Flex CBS Mp,1632000000,Integracion Nacional,203002,Integración Nacional,GRIS,CRUDO,UND,True
7700149640756,Calco CarFar IzqLR Flex CBS Mp,1632000000,Integracion Nacional,203002,Integración Nacional,GRIS,CRUDO,UND,True
7700149640763,Calco CarFar DerLR Flex CBS Mp,1632000000,Integracion Nacional,203002,Integración Nacional,GRIS,CRUDO,UND,True
7700149640770,Calco Lat Izq LR Flex CBS Mp,1632000000,Integracion Nacional,203002,Integración Nacional,GRIS,CRUDO,UND,True
7700149640787,Calco Lat Der LR Flex CBS Mp,1632000000,Integracion Nacional,203002,Integración Nacional,GRIS,CRUDO,UND,True
7700149640794,Calco 125 Izq LR Flex CBS Mp,1632000000,Integracion Nacional,203002,Integración Nacional,GRIS,CRUDO,UND,True
7700149640800,Calco 125 Der LR Flex CBS Mp,1632000000,Integracion Nacional,203002,Integración Nacional,GRIS,CRUDO,UND,True
7700149640817,Calco CBS Izq LR Flex CBS Mp,1632000000,Integracion Nacional,203002,Integración Nacional,GRIS,CRUDO,UND,True
7700149640824,Calco CBS Der LR Flex CBS Mp,1632000000,Integracion Nacional,203002,Integración Nacional,GRIS,CRUDO,UND,True
7700149640831,Calco AKT Izq LR Flex CBS Mp,1632000000,Integracion Nacional,203002,Integración Nacional,GRIS,CRUDO,UND,True
7700149640848,Calco AKT Der  LR Flex CBS Mp,1632000000,Integracion Nacional,203002,Integración Nacional,GRIS,CRUDO,UND,True
7700149672818,Tanque Combus 125/150CR4 V2 Mp,1631000003,Materia Prima terceros,203002,Ckd,,CRUDO,UND,True
7700149707206,Chasis Metalico Motocarro+ PF,1631000001,Materia Prima Chasis,203002,Ckd,,CRUDO,UND,True
7700149688635,Calco Tapa Lat Der FirebOra MP,1631000003,Materia Prima terceros,203002,Ckd,,CRUDO,UND,True
7700149688710,Calco Tapa Lat Izq FirebOra MP,1631000003,Materia Prima terceros,203002,Ckd,,CRUDO,UND,True
7700149688666,Calco Tapa Lat Der FirebGre MP,1631000003,Materia Prima terceros,203002,Ckd,,CRUDO,UND,True
7700149688673,Calco Tapa Lat Izq FirebGre MP,1631000003,Materia Prima terceros,203002,Ckd,,CRUDO,UND,True
7700149688727,Calco Tapa Lat Der MattGrey Mp,1631000003,Materia Prima terceros,203002,Ckd,,CRUDO,UND,True
7700149688734,Calco Tapa Lat Izq MattGrey Mp,1631000003,Materia Prima terceros,203002,Ckd,,CRUDO,UND,True
7700149689557,Calco Logo Tanque Izq Plata Mp,1631000003,Materia Prima terceros,203002,Ckd,,CRUDO,UND,True
7700149689564,Calco Logo Tanque Der Plata Mp,1631000003,Materia Prima terceros,203002,Ckd,,CRUDO,UND,True
7700149689571,Calco Tapa Lat Der MarineBl MP,1631000003,Materia Prima terceros,203002,Ckd,,CRUDO,UND,True
7700149689588,Calco Tapa Lat Izq MarineBl MP,1631000003,Materia Prima terceros,203002,Ckd,,CRUDO,UND,True
7700149688581,Calco Tanq Der TokyoBlack Mp,1631000003,Materia Prima terceros,203002,Ckd,,CRUDO,UND,True
7700149688567,Calco Tapa Lat DerTokyoBlackMp,1631000003,Materia Prima terceros,203002,Ckd,,CRUDO,UND,True
7700149323840,Calco Tanq Der RebelBlue Mp,1631000003,Materia Prima terceros,203002,Ckd,,CRUDO,UND,True
7700149323857,Calco Tanque LogoDer RebBlu Mp,1631000003,Materia Prima terceros,203002,Ckd,,CRUDO,UND,True
7700149531610,Calco Tapa Lat Der RebelBlu Mp,1631000003,Materia Prima terceros,203002,Ckd,,CRUDO,UND,True
7700149705868,Calco Tanq Izq GraphGrey MP,1631000003,Materia Prima terceros,203002,Ckd,,CRUDO,UND,True
7700149705875,Calco Tanq Der GraphGrey MP,1631000003,Materia Prima terceros,203002,Ckd,,CRUDO,UND,True
7700149705844,Calco Tapa Lat Der GraphGreyMP,1631000003,Materia Prima terceros,203002,Ckd,,CRUDO,UND,True
7700149722575,Chasis Rally 800 Mp,1631000001,Materia Prima Chasis,203002,Ckd,,CRUDO,UND,True
7700149545839,Chasis 125NKD CBS V4 Mp,1631000003,Materia Prima terceros,203002,Ckd,,CRUDO,UND,True
7700149266727,Relay Encendido AK125CH Mp,1631000000,Ckd,203002,Ckd,BLANCO,CRUDO,UND,True
7700149432856,Cubierta Stop NKD+ Mp,1632000000,Integracion Nacional,203002,Integración Nacional,BLANCO,CRUDO,UND,True
7700149537674,Cable Freno CBS NKD Mp,1631000000,Ckd,203002,Ckd,BLANCO,CRUDO,UND,True
7700149557139,Manilar Derecho 125NKD+ Mp,1632000000,Integracion Nacional,203002,Integración Nacional,BLANCO,CRUDO,UND,True
7700149557146,Manilar Izquierdo 125NKD+ Mp,1632000000,Integracion Nacional,203002,Integración Nacional,BLANCO,CRUDO,UND,True
7700149583718,Amortiguador Tras NKD+ Mp,1631000000,Ckd,203002,Ckd,BLANCO,CRUDO,UND,True
7700149583725,Suspension Del Der NKD+ Mp,1631000000,Ckd,203002,Ckd,BLANCO,CRUDO,UND,True
7700149583732,Sensor Combustible NKD+ Mp,1631000000,Ckd,203002,Ckd,BLANCO,CRUDO,UND,True
7700149583749,Luz Placa NKD+ Mp,1631000000,Ckd,203002,Ckd,BLANCO,CRUDO,UND,True
7700149583756,Stop NKD+ Mp,1631000000,Ckd,203002,Ckd,BLANCO,CRUDO,UND,True
7700149583787,Mofle NKD+ Mp,1631000000,Ckd,203002,Ckd,BLANCO,CRUDO,UND,True
7700149625616,Kit Switch NKD+ V2 Mp,1631000000,Ckd,203002,Ckd,BLANCO,CRUDO,UND,True
7700149680523,Farola Del Izq NKD+ Mp,1631000000,Ckd,203002,Ckd,BLANCO,CRUDO,UND,True
7700149680530,Spte Farola Del Izq NKD+ Mp,1631000000,Ckd,203002,Ckd,BLANCO,CRUDO,UND,True
7700149680646,Spte Farola Del Der NKD+ Mp,1631000000,Ckd,203002,Ckd,BLANCO,CRUDO,UND,True
7700149681575,Tapa Lateral Izq NKD+ MP,1632000000,Integracion Nacional,203002,Integración Nacional,BLANCO,CRUDO,UND,True
7700149681582,Tapa Lateral Der NKD+ MP,1632000000,Integracion Nacional,203002,Integración Nacional,BLANCO,CRUDO,UND,True
7700149708630,Defensa NKD+ Mp,1632000000,Integracion Nacional,203002,Integración Nacional,BLANCO,CRUDO,UND,True
7700149708654,Cubta Lat Farola NKD+ Der Mp,1632000000,Integracion Nacional,203002,Integración Nacional,BLANCO,CRUDO,UND,True
7700149708661,Cubta Lat Farola NKD+ Izq Mp,1632000000,Integracion Nacional,203002,Integración Nacional,BLANCO,CRUDO,UND,True
7700149718851,Motor 125NKD+ VIN Mp,1631000002,Materia Prima Motor,203002,Ckd,BLANCO,CRUDO,UND,True
7700149756563,Calco Info moto NKD+ Mp,1632000000,Integracion Nacional,203002,Integración Nacional,BLANCO,CRUDO,UND,True
7700149756570,Manual CBS NKD+ 3*1 Mp,1632000000,Integracion Nacional,203002,Integración Nacional,BLANCO,CRUDO,UND,True
7700149756587,Sistema Electrico NKD+ MP,1632000000,Integracion Nacional,203002,Integración Nacional,BLANCO,CRUDO,UND,True
7700149756594,Sillin confort NKD+ MP,1632000000,Integracion Nacional,203002,Integración Nacional,BLANCO,CRUDO,UND,True
7700149756709,Gbarro Tras NKD+ Mp,1632000000,Integracion Nacional,203002,Integración Nacional,BLANCO,CRUDO,UND,True
7700149775687,Protect diadema NKD+ Linea Mp,1632000000,Integracion Nacional,203002,Integración Nacional,BLANCO,CRUDO,UND,True
7700149784696,Calco Emblema Krom N NKD+MP,1632000000,Integracion Nacional,203002,Integración Nacional,BLANCO,CRUDO,UND,True
7700149785204,Calco tanq Sup B NKD+ MP,1632000000,Integracion Nacional,203002,Integración Nacional,BLANCO,CRUDO,UND,True
7700149785211,Calco tanq 1 B Der NKD+ MP,1632000000,Integracion Nacional,203002,Integración Nacional,BLANCO,CRUDO,UND,True
7700149785228,Calco tanq 1 B Izq NKD+ MP,1632000000,Integracion Nacional,203002,Integración Nacional,BLANCO,CRUDO,UND,True
7700149785235,Calco tanq 2 B Der NKD+ MP,1632000000,Integracion Nacional,203002,Integración Nacional,BLANCO,CRUDO,UND,True
7700149785242,Calco tanq 2 B Izq NKD+ MP,1632000000,Integracion Nacional,203002,Integración Nacional,BLANCO,CRUDO,UND,True
7700149785259,Calco tanq 3 B Der NKD+ MP,1632000000,Integracion Nacional,203002,Integración Nacional,BLANCO,CRUDO,UND,True
7700149785266,Calco tanq 3 B Izq NKD+ MP,1632000000,Integracion Nacional,203002,Integración Nacional,BLANCO,CRUDO,UND,True
7700149785273,Calco tapa lat B Der NKD+ MP,1632000000,Integracion Nacional,203002,Integración Nacional,BLANCO,CRUDO,UND,True
7700149785280,Calco tapa lat B Izq NKD+ MP,1632000000,Integracion Nacional,203002,Integración Nacional,BLANCO,CRUDO,UND,True
7700149785297,Calco Rin B NKD+ MP,1632000000,Integracion Nacional,203002,Integración Nacional,BLANCO,CRUDO,UND,True
7700149813624,Calco Reflectivo Tras NKD+ MP,1632000000,Integracion Nacional,203002,Integración Nacional,BLANCO,CRUDO,UND,True
7701023411295,100P Arande Acople Mofle SL Mp,1631000000,Ckd,203002,Ckd,BLANCO,CRUDO,UND,True
7705946843423,200P Media Luna Mofle NKD Mp,1631000000,Ckd,203002,Ckd,BLANCO,CRUDO,UND,True
7700149625296,Protector Tanque Izq NKD+ Mp,1632000000,Integracion Nacional,203002,Integración Nacional,VERDE AZUL NEGRO,CRUDO,UND,True
7700149625302,Protector Tanque Der NKD+ Mp,1632000000,Integracion Nacional,203002,Integración Nacional,VERDE AZUL NEGRO,CRUDO,UND,True
7700149784672,Emblema Der NKD+ Mp ,1632000000,Integracion Nacional,203002,Integración Nacional,VERDE AZUL NEGRO,CRUDO,UND,True
7700149784689,Emblema Izq NKD+ Mp,1632000000,Integracion Nacional,203002,Integración Nacional,VERDE AZUL NEGRO,CRUDO,UND,True
7700149785426,Calco Tanq Sup V NKD+ MP,1632000000,Integracion Nacional,203002,Integración Nacional,VERDE AZUL NEGRO,CRUDO,UND,True
7700149785433,Calco Tapa Lat Izq V NKD+ MP,1632000000,Integracion Nacional,203002,Integración Nacional,VERDE AZUL NEGRO,CRUDO,UND,True
7700149785440,Calco Tapa Lat Der V NKD+ MP,1632000000,Integracion Nacional,203002,Integración Nacional,VERDE AZUL NEGRO,CRUDO,UND,True
7700149785457,Calco Tanq Lat Der V NKD+ MP,1632000000,Integracion Nacional,203002,Integración Nacional,VERDE AZUL NEGRO,CRUDO,UND,True
7700149785464,Calco Tanq Lat Izq V NKD+ MP,1632000000,Integracion Nacional,203002,Integración Nacional,VERDE AZUL NEGRO,CRUDO,UND,True
7700149785471,Calco Rin V NKD+ MP,1632000000,Integracion Nacional,203002,Integración Nacional,VERDE AZUL NEGRO,CRUDO,UND,True
7700149785303,Calco Tanq Sup G NKD+ MP,1632000000,Integracion Nacional,203002,Integración Nacional,GRIS,CRUDO,UND,True
7700149785310,Calco Tapa Lat Der G NKD+ MP,1632000000,Integracion Nacional,203002,Integración Nacional,GRIS,CRUDO,UND,True
7700149785327,Calco Tapa Lat Izq G NKD+ MP,1632000000,Integracion Nacional,203002,Integración Nacional,GRIS,CRUDO,UND,True
7700149785334,Calco Tanq Lat Der G NKD+ MP,1632000000,Integracion Nacional,203002,Integración Nacional,GRIS,CRUDO,UND,True
7700149785341,Calco Tanq Lat Izq G NKD+ MP,1632000000,Integracion Nacional,203002,Integración Nacional,GRIS,CRUDO,UND,True
7700149785358,Calco Rin G NKD+ MP,1632000000,Integracion Nacional,203002,Integración Nacional,GRIS,CRUDO,UND,True
7700149708647,Protector Motor NKD+ Mp,1632000000,Integracion Nacional,203002,Integración Nacional,NEGRO ROJO,CRUDO,UND,True
7700149756785,Sistema Electrico NKD+ Clas MP,1632000000,Integracion Nacional,203002,Integración Nacional,NEGRO ROJO,CRUDO,UND,True
7700149785488,Calco Tanq Sup C NKD+ Mp,1632000000,Integracion Nacional,203002,Integración Nacional,NEGRO ROJO,CRUDO,UND,True
7700149785495,Calco Tapa Lat Izq C NKD+ MP,1632000000,Integracion Nacional,203002,Integración Nacional,NEGRO ROJO,CRUDO,UND,True
7700149785501,Calco Tapa Lat Der C NKD+ MP,1632000000,Integracion Nacional,203002,Integración Nacional,NEGRO ROJO,CRUDO,UND,True
7700149785518,Calco Tanq Lat Der C NKD+ MP,1632000000,Integracion Nacional,203002,Integración Nacional,NEGRO ROJO,CRUDO,UND,True
7700149785525,Calco Tanq Lat Izq C NKD+ MP,1632000000,Integracion Nacional,203002,Integración Nacional,NEGRO ROJO,CRUDO,UND,True
7700149785532,Calco Comp Der C NKD+ MP,1632000000,Integracion Nacional,203002,Integración Nacional,NEGRO ROJO,CRUDO,UND,True
7700149785549,Calco Comp Izq C NKD+ MP,1632000000,Integracion Nacional,203002,Integración Nacional,NEGRO ROJO,CRUDO,UND,True
7700149785556,Calco Rin C NKD+ MP,1632000000,Integracion Nacional,203002,Integración Nacional,NEGRO ROJO,CRUDO,UND,True
7700149785563,Calco Tanq Sup NKD+ MP,1632000000,Integracion Nacional,203002,Integración Nacional,MORADO NEGRO,CRUDO,UND,True
7700149785570,Calco tapa lat Izq NKD+ MP,1632000000,Integracion Nacional,203002,Integración Nacional,MORADO NEGRO,CRUDO,UND,True
7700149785587,Calco tapa lat Der NKD+ MP,1632000000,Integracion Nacional,203002,Integración Nacional,MORADO NEGRO,CRUDO,UND,True
7700149785594,Calco tanq 1 Izq NKD+ MP,1632000000,Integracion Nacional,203002,Integración Nacional,MORADO NEGRO,CRUDO,UND,True
7700149785600,Calco tanq 1 Der NKD+ MP,1632000000,Integracion Nacional,203002,Integración Nacional,MORADO NEGRO,CRUDO,UND,True
7700149785617,Calco tanq 2 Der NKD+ MP,1632000000,Integracion Nacional,203002,Integración Nacional,MORADO NEGRO,CRUDO,UND,True
7700149785624,Calco tanq 2 Izq NKD+ MP,1632000000,Integracion Nacional,203002,Integración Nacional,MORADO NEGRO,CRUDO,UND,True
7700149785631,Calco Rin NKD+ MP,1632000000,Integracion Nacional,203002,Integración Nacional,MORADO NEGRO,CRUDO,UND,True
7700149785365,Calco Tanq Sup N NKD+ MP,1632000000,Integracion Nacional,203002,Integración Nacional,NEGRO,CRUDO,UND,True
7700149785372,Calco Tapa Lat Izq N NKD+ MP,1632000000,Integracion Nacional,203002,Integración Nacional,NEGRO,CRUDO,UND,True
7700149785389,Calco Tapa Lat Der N NKD+ MP,1632000000,Integracion Nacional,203002,Integración Nacional,NEGRO,CRUDO,UND,True
7700149785396,Calco Tanq Lat Der N NKD+ MP,1632000000,Integracion Nacional,203002,Integración Nacional,NEGRO,CRUDO,UND,True
7700149785402,Calco Tanq Lat Izq N NKD+ MP,1632000000,Integracion Nacional,203002,Integración Nacional,NEGRO,CRUDO,UND,True
7700149785419,Calco Rin N NKD+ MP,1632000000,Integracion Nacional,203002,Integración Nacional,NEGRO,CRUDO,UND,True
7700149537551,Conector Exploradora MP,1632000000,Integracion Nacional,203002,Integración Nacional,GRIS BRILLANTE,CRUDO,UND,True
7700149677929,Defensa TTDS Izq MP,1632000000,Integracion Nacional,203002,Integración Nacional,GRIS BRILLANTE,CRUDO,UND,True
7700149677936,Defensa TTDS Der MP,1632000000,Integracion Nacional,203002,Integración Nacional,GRIS BRILLANTE,CRUDO,UND,True
7700149681629,Tankpad Central TT200-DS300 MP,1632000000,Integracion Nacional,203002,Integración Nacional,GRIS BRILLANTE,CRUDO,UND,True
7700149703475,Calco Rin Enduro GB MP,1632000000,Integracion Nacional,203002,Integración Nacional,GRIS BRILLANTE,CRUDO,UND,True
7700149703482,Calco Linea D G TT 200RALLY MP,1632000000,Integracion Nacional,203002,Integración Nacional,GRIS BRILLANTE,CRUDO,UND,True
7700149703499,Calco Linea I G TT 200RALLY MP,1632000000,Integracion Nacional,203002,Integración Nacional,GRIS BRILLANTE,CRUDO,UND,True
7700149703505,Calco Cola I GB TT 200RALLY MP,1632000000,Integracion Nacional,203002,Integración Nacional,GRIS BRILLANTE,CRUDO,UND,True
7700149703512,Calco Cola D GB TT 200RALLY MP,1632000000,Integracion Nacional,203002,Integración Nacional,GRIS BRILLANTE,CRUDO,UND,True
7700149703529,Calco 3 D GB TT 200RALLY MP,1632000000,Integracion Nacional,203002,Integración Nacional,GRIS BRILLANTE,CRUDO,UND,True
7700149703536,Calco 3 I GB TT 200RALLY MP,1632000000,Integracion Nacional,203002,Integración Nacional,GRIS BRILLANTE,CRUDO,UND,True
7700149703543,Calco 2 D GB TT 200RALLY MP,1632000000,Integracion Nacional,203002,Integración Nacional,GRIS BRILLANTE,CRUDO,UND,True
7700149703550,Calco 2 I GB TT 200RALLY MP,1632000000,Integracion Nacional,203002,Integración Nacional,GRIS BRILLANTE,CRUDO,UND,True
7700149703567,Calco Tapa I GB TT200RALLY MP,1632000000,Integracion Nacional,203002,Integración Nacional,GRIS BRILLANTE,CRUDO,UND,True
7700149703574,Calco Tapa D GB TT200RALLY MP ,1632000000,Integracion Nacional,203002,Integración Nacional,GRIS BRILLANTE,CRUDO,UND,True
7700149708494,Cortaviento Der Enduro 200 Mp,1632000000,Integracion Nacional,203002,Integración Nacional,GRIS BRILLANTE,CRUDO,UND,True
7700149708500,Cortaviento Izq Enduro 200 Mp,1632000000,Integracion Nacional,203002,Integración Nacional,GRIS BRILLANTE,CRUDO,UND,True
7700149708609,Parrilla Evorack Mp,1632000000,Integracion Nacional,203002,Integración Nacional,GRIS BRILLANTE,CRUDO,UND,True
7700149708616,Protector Motor TT200DS V2 MP,1632000000,Integracion Nacional,203002,Integración Nacional,GRIS BRILLANTE,CRUDO,UND,True
7700149718790,Visor TT200 Mp,1632000000,Integracion Nacional,203002,Integración Nacional,GRIS BRILLANTE,CRUDO,UND,True
7700149342582,Guardab Del 250CR4 Mp,1631000000,Ckd,203002,Ckd,,CRUDO,UND,True
7700149331012,Calco 200 Der V TTR Mp,1632000000,Integracion Nacional,203002,Integración Nacional,VERDE MATE NEGRO,CRUDO,UND,True
7700149331135,Calco 200 Izq V TTR Mp,1632000000,Integracion Nacional,203002,Integración Nacional,VERDE MATE NEGRO,CRUDO,UND,True
7705946712200,Protector Freno Tras TTR200 MP,1632000000,Integracion Nacional,203002,Integración Nacional,VERDE MATE NEGRO,CRUDO,UND,True
7700149770248,Motor Combus 4T Motoca+ NS PF,1631000002,Materia Prima Motor,203002,Ckd,GRIS,CRUDO,UND,True
7700149770262,Planchon Volco Motocar + NS Mp,1631000008,Sin control PROFIA,203002,Ckd,GRIS,CRUDO,UND,True
7700149770279,Tap Lat Izq Del Motocar+ NS Mp,1631000008,Sin control PROFIA,203002,Ckd,GRIS,CRUDO,UND,True
7700149770286,Tap Lat Der Del Motocar+ NS Mp,1631000008,Sin control PROFIA,203002,Ckd,GRIS,CRUDO,UND,True
7700149770293,Tapa Del Volco Motocar+ NS Mp,1631000008,Sin control PROFIA,203002,Ckd,GRIS,CRUDO,UND,True
7700149770309,Tapa Tras Volco Motocar+ NS Mp,1631000008,Sin control PROFIA,203002,Ckd,GRIS,CRUDO,UND,True
7700149770316,Platina Tapa Lateral 3W+ NS Mp,1631000009,Partes Pequeñas,203002,Ckd,GRIS,CRUDO,UND,True
7700149770323,Instala Elect Motocar + NS PF,1631000007,Control profia,203002,Ckd,GRIS,CRUDO,UND,True
7700149770330,Farola Cent Del Motocar+ NS PF,1631000007,Control profia,203002,Ckd,GRIS,CRUDO,UND,True
7700149770347,Tapa Late Izq Gr Motoca+ NS PF,1631000007,Control profia,203002,Ckd,GRIS,CRUDO,UND,True
7700149770354,Tapa Late Der Gr Motoca+ NS PF,1631000007,Control profia,203002,Ckd,GRIS,CRUDO,UND,True
7700149770361,Caja De Herramienta 3W+ NS Mp,1631000008,Sin control PROFIA,203002,Ckd,GRIS,CRUDO,UND,True
7700149770378,Direccional Izquierd 3W+ NS Mp,1631000008,Sin control PROFIA,203002,Ckd,GRIS,CRUDO,UND,True
7700149770385,Direccional Derecha 3W+ NS Mp,1631000008,Sin control PROFIA,203002,Ckd,GRIS,CRUDO,UND,True
7700149772860,Antivib Asiento 3mm 3W+ NS Mp,1631000009,Partes Pequeñas,203002,Ckd,GRIS,CRUDO,UND,True
7700149772877,Antivib Asiento 6mm 3W+ NS Mp,1631000009,Partes Pequeñas,203002,Ckd,GRIS,CRUDO,UND,True
7700149772884,Respaldo Conductor 3W+ NS Mp,1631000008,Sin control PROFIA,203002,Ckd,GRIS,CRUDO,UND,True
7700149772891,Res Puerta Abatible 3W+ NS Mp,1631000008,Sin control PROFIA,203002,Ckd,GRIS,CRUDO,UND,True
7700149772907,Soprt Cilin Cerradu 3W+ NS Mp,1631000008,Sin control PROFIA,203002,Ckd,GRIS,CRUDO,UND,True
7700149772914,Pestaña Cerradura 3W+ NS Mp,1631000008,Sin control PROFIA,203002,Ckd,GRIS,CRUDO,UND,True
7700149772921,Base Cerradu Puerta 3W+ NS Mp,1631000008,Sin control PROFIA,203002,Ckd,GRIS,CRUDO,UND,True
7700149772938,Boton Cerradura 3W+ NS Mp,1631000008,Sin control PROFIA,203002,Ckd,GRIS,CRUDO,UND,True
7700149772945,Clip Cerradura 3W+ NS Mp,1631000009,Partes Pequeñas,203002,Ckd,GRIS,CRUDO,UND,True
7700149772952,Soporte Cerradura 3W+ NS Mp,1631000008,Sin control PROFIA,203002,Ckd,GRIS,CRUDO,UND,True
7700149772969,Soprt Puert Abatible 3W+ NS Mp,1631000008,Sin control PROFIA,203002,Ckd,GRIS,CRUDO,UND,True
7700149772976,Conjunto Cerradura 3W+ NS Mp,1631000008,Sin control PROFIA,203002,Ckd,GRIS,CRUDO,UND,True
7700149772983,Buje 6x20x16mm 3W+ NS Mp,1631000009,Partes Pequeñas,203002,Ckd,GRIS,CRUDO,UND,True
7700149772990,Tornillo M6x40 3W+ NS Mp,1631000009,Partes Pequeñas,203002,Ckd,GRIS,CRUDO,UND,True
7700149773003,Tornillo M6x53 3W+ NS Mp,1631000009,Partes Pequeñas,203002,Ckd,GRIS,CRUDO,UND,True
7700149773010,Tuerca Domo M6 3W+ NS Mp,1631000009,Partes Pequeñas,203002,Ckd,GRIS,CRUDO,UND,True
7700149744157,Calco Cola 1 PRO Der Mp,1632000000,Integracion Nacional,203002,Integración Nacional,GRIS,CRUDO,UND,True
7700149744164,Calco Cola 1 PRO Izq Mp,1632000000,Integracion Nacional,203002,Integración Nacional,GRIS,CRUDO,UND,True
7700149744171,Calco Cola 2 PRO Der Mp,1632000000,Integracion Nacional,203002,Integración Nacional,GRIS,CRUDO,UND,True
7700149744188,Calco Cola 2 PRO Izq Mp,1632000000,Integracion Nacional,203002,Integración Nacional,GRIS,CRUDO,UND,True
7700149744195,Calco Car 1 front PRO Der Mp,1632000000,Integracion Nacional,203002,Integración Nacional,GRIS,CRUDO,UND,True
7700149744201,Calco Car 1 front PRO Izq Mp,1632000000,Integracion Nacional,203002,Integración Nacional,GRIS,CRUDO,UND,True
7700149744218,Calco Farola PRO Der Mp,1632000000,Integracion Nacional,203002,Integración Nacional,GRIS,CRUDO,UND,True
7700149744225,Calco Farola PRO Izq Mp,1632000000,Integracion Nacional,203002,Integración Nacional,GRIS,CRUDO,UND,True
7700149744232,Calco Lat PRO Der Mp,1632000000,Integracion Nacional,203002,Integración Nacional,GRIS,CRUDO,UND,True
7700149744249,Calco Lat PRO Izq Mp,1632000000,Integracion Nacional,203002,Integración Nacional,GRIS,CRUDO,UND,True
7700149744256,Calco CBS PRO Der Mp,1632000000,Integracion Nacional,203002,Integración Nacional,GRIS,CRUDO,UND,True
7700149744263,Calco CBS PRO Izq Mp,1632000000,Integracion Nacional,203002,Integración Nacional,GRIS,CRUDO,UND,True
7700149744270,Calco Rin DYN PRO MP,1632000000,Integracion Nacional,203002,Integración Nacional,GRIS,CRUDO,UND,True
7700149744027,Calco Cola 1 V PRO Der Mp,1632000000,Integracion Nacional,203002,Integración Nacional,GRIS MATE VERDE,CRUDO,UND,True
7700149744034,Calco Cola 1 V PRO Izq Mp,1632000000,Integracion Nacional,203002,Integración Nacional,GRIS MATE VERDE,CRUDO,UND,True
7700149744041,Calco Cola 2 V PRO Der Mp,1632000000,Integracion Nacional,203002,Integración Nacional,GRIS MATE VERDE,CRUDO,UND,True
7700149744058,Calco Cola 2 V PRO Izq Mp,1632000000,Integracion Nacional,203002,Integración Nacional,GRIS MATE VERDE,CRUDO,UND,True
7700149744065,Calco Car 1 V front PRO Der Mp,1632000000,Integracion Nacional,203002,Integración Nacional,GRIS MATE VERDE,CRUDO,UND,True
7700149744072,Calco Car 1 V front PRO Izq Mp,1632000000,Integracion Nacional,203002,Integración Nacional,GRIS MATE VERDE,CRUDO,UND,True
7700149744089,Calco Farola V PRO Der Mp,1632000000,Integracion Nacional,203002,Integración Nacional,GRIS MATE VERDE,CRUDO,UND,True
7700149744096,Calco Farola V PRO Izq Mp,1632000000,Integracion Nacional,203002,Integración Nacional,GRIS MATE VERDE,CRUDO,UND,True
7700149744102,Calco Lat PRO V Der Mp,1632000000,Integracion Nacional,203002,Integración Nacional,GRIS MATE VERDE,CRUDO,UND,True
7700149744119,Calco Lat PRO V Izq Mp,1632000000,Integracion Nacional,203002,Integración Nacional,GRIS MATE VERDE,CRUDO,UND,True
7700149744126,Calco CBS PRO V Der Mp,1632000000,Integracion Nacional,203002,Integración Nacional,GRIS MATE VERDE,CRUDO,UND,True
7700149744133,Calco CBS PRO V Izq Mp,1632000000,Integracion Nacional,203002,Integración Nacional,GRIS MATE VERDE,CRUDO,UND,True
7700149744140,Calco Rin V DYN PRO MP,1632000000,Integracion Nacional,203002,Integración Nacional,GRIS MATE VERDE,CRUDO,UND,True
7700149743891,Calco Cola 1 N PRO Der Mp,1632000000,Integracion Nacional,203002,Integración Nacional,NEGRO,CRUDO,UND,True
7700149743907,Calco Cola 1 N PRO Izq Mp,1632000000,Integracion Nacional,203002,Integración Nacional,NEGRO,CRUDO,UND,True
7700149743914,Calco Cola 2 N PRO Der Mp,1632000000,Integracion Nacional,203002,Integración Nacional,NEGRO,CRUDO,UND,True
7700149743921,Calco Cola 2 N PRO Izq Mp,1632000000,Integracion Nacional,203002,Integración Nacional,NEGRO,CRUDO,UND,True
7700149743938,Calco Car 1 N front PRO Der Mp,1632000000,Integracion Nacional,203002,Integración Nacional,NEGRO,CRUDO,UND,True
7700149743945,Calco Car 1 N front PRO Izq Mp,1632000000,Integracion Nacional,203002,Integración Nacional,NEGRO,CRUDO,UND,True
7700149743952,Calco Farola N PRO Der Mp,1632000000,Integracion Nacional,203002,Integración Nacional,NEGRO,CRUDO,UND,True
7700149743969,Calco Farola N PRO Izq Mp,1632000000,Integracion Nacional,203002,Integración Nacional,NEGRO,CRUDO,UND,True
7700149743976,Calco Lat PRO N Der Mp,1632000000,Integracion Nacional,203002,Integración Nacional,NEGRO,CRUDO,UND,True
7700149743983,Calco Lat PRO N Izq Mp,1632000000,Integracion Nacional,203002,Integración Nacional,NEGRO,CRUDO,UND,True
7700149743990,Calco CBS PRO N Der Mp,1632000000,Integracion Nacional,203002,Integración Nacional,NEGRO,CRUDO,UND,True
7700149744003,Calco CBS PRO N Izq Mp,1632000000,Integracion Nacional,203002,Integración Nacional,NEGRO,CRUDO,UND,True
7700149744010,Calco Rin N DYN PRO MP,1632000000,Integracion Nacional,203002,Integración Nacional,NEGRO,CRUDO,UND,True
7700149756600,Calco Rin AR 250 R MP,1632000000,Integracion Nacional,203002,Integración Nacional,BLANCO,CRUDO,UND,True
7700149756617,Calco ABS AR 250 R MP,1632000000,Integracion Nacional,203002,Integración Nacional,BLANCO,CRUDO,UND,True
7700149756624,Calco Tanq Inf AR Der 250 R MP,1632000000,Integracion Nacional,203002,Integración Nacional,BLANCO,CRUDO,UND,True
7700149756631,Calco Tanq Inf AR Izq 250 R MP,1632000000,Integracion Nacional,203002,Integración Nacional,BLANCO,CRUDO,UND,True
7700149756648,Calc Tanq Sup Dr AR 250 R MP,1632000000,Integracion Nacional,203002,Integración Nacional,BLANCO,CRUDO,UND,True
7700149756655,Calc Tanq Sup Iz AR 250 R MP,1632000000,Integracion Nacional,203002,Integración Nacional,BLANCO,CRUDO,UND,True
7700149756662,Calco Cola Izq AR 250 R MP,1632000000,Integracion Nacional,203002,Integración Nacional,BLANCO,CRUDO,UND,True
7700149756679,Calco Cola Der AR 250 R MP,1632000000,Integracion Nacional,203002,Integración Nacional,BLANCO,CRUDO,UND,True
7700149756686,Calco R Der AR 250 R Mp,1632000000,Integracion Nacional,203002,Integración Nacional,BLANCO,CRUDO,UND,True
7700149756693,Calco R Izq AR 250 R Mp,1632000000,Integracion Nacional,203002,Integración Nacional,BLANCO,CRUDO,UND,True
7700149721202,Tap Tanq Del Der DS800R MP,1631000000,Ckd,203002,Ckd,,CRUDO,UND,True
7700149721196,Tap Tanq Del Izq DS800R MP,1631000000,Ckd,203002,Ckd,,CRUDO,UND,True
7700149721233,Tap Tanq Int Der DS800R MP,1631000000,Ckd,203002,Ckd,,CRUDO,UND,True
7700149721226,Tap Tanq Int Izq DS800R MP,1631000000,Ckd,203002,Ckd,,CRUDO,UND,True
7700149721417,Cubta Fron DS800R MP,1631000000,Ckd,203002,Ckd,,CRUDO,UND,True
7700149721561,Tap Tanq Inf Der DS800R MP,1631000000,Ckd,203002,Ckd,,CRUDO,UND,True
7700149721578,Tap Tanq Inf Izq DS800R MP,1631000000,Ckd,203002,Ckd,,CRUDO,UND,True
7700149721615,Cubta Tras DS800R MP,1631000000,Ckd,203002,Ckd,,CRUDO,UND,True
7700149721721,Cubta Lat Der DS800R MP,1631000009,Partes Pequeñas,203002,Ckd,,CRUDO,UND,True
7700149721707,Cubta Lat Izq DS800R MP,1631000009,Partes Pequeñas,203002,Ckd,,CRUDO,UND,True
7700149721288,Cubta Susp Del Der DS800R MP,1631000000,Ckd,203002,Ckd,,CRUDO,UND,True
7700149721271,Cubta Susp Del Izq DS800R MP,1631000000,Ckd,203002,Ckd,,CRUDO,UND,True
7700149721264,Gbarro Del DS800R MP,1631000000,Ckd,203002,Ckd,,CRUDO,UND,True
7700149210553,Tornillo Brida Hex 300AC Mp,1631000009,Partes Pequeñas,203002,Ckd,NEGRO,CRUDO,UND,True
7700149720069,Radiador Rally 800 Mp,1631000000,Ckd,203002,Ckd,NEGRO,CRUDO,UND,True
7700149720076,Tanq Refrigerant Rally 800 Mp,1631000000,Ckd,203002,Ckd,NEGRO,CRUDO,UND,True
7700149720083,Tapon Rally 800 Mp,1631000009,Partes Pequeñas,203002,Ckd,NEGRO,CRUDO,UND,True
7700149720090,Cbta Prot Radiad Rally 800 Mp,1631000000,Ckd,203002,Ckd,NEGRO,CRUDO,UND,True
7700149720106,Cbta D/I Tanq Ref Rally 800 Mp,1631000000,Ckd,203002,Ckd,NEGRO,CRUDO,UND,True
7700149720113,Guaya Aceler 915 Rally 800 Mp,1631000000,Ckd,203002,Ckd,NEGRO,CRUDO,UND,True
7700149720120,Guaya Acelera 895 Rally 800 Mp,1631000000,Ckd,203002,Ckd,NEGRO,CRUDO,UND,True
7700149720137,ECU Rally 800 Mp,1631000000,Ckd,203002,Ckd,NEGRO,CRUDO,UND,True
7700149720144,Sensor 02 Rally 800 Mp,1631000000,Ckd,203002,Ckd,NEGRO,CRUDO,UND,True
7700149720151,Sistema EVAP Rally 800 Mp,1631000000,Ckd,203002,Ckd,NEGRO,CRUDO,UND,True
7700149720168,Tanque Gasolina Rally 800 Mp,1631000000,Ckd,203002,Ckd,NEGRO,CRUDO,UND,True
7700149720175,Caja Filtro Rally 800 Mp,1631000000,Ckd,203002,Ckd,NEGRO,CRUDO,UND,True
7700149720182,Parte Tras Mofle Rally 800 Mp,1631000000,Ckd,203002,Ckd,NEGRO,CRUDO,UND,True
7700149720199,Protector Calor Rally 800 Mp,1631000000,Ckd,203002,Ckd,NEGRO,CRUDO,UND,True
7700149720205,Parte Del Mofle Rally 800 Mp,1631000000,Ckd,203002,Ckd,NEGRO,CRUDO,UND,True
7700149720212,Protector Mofle Rally 800 Mp,1631000000,Ckd,203002,Ckd,NEGRO,CRUDO,UND,True
7700149720229,Platina Cnister Rally 800 Mp,1631000009,Partes Pequeñas,203002,Ckd,NEGRO,CRUDO,UND,True
7700149720236,Pedal Cambio Rally 800 Mp,1631000000,Ckd,203002,Ckd,NEGRO,CRUDO,UND,True
7700149720243,Bomba Clutch Rally 800 Mp,1631000000,Ckd,203002,Ckd,NEGRO,CRUDO,UND,True
7700149720250,Tubo Clutch Rally 800 Mp,1631000000,Ckd,203002,Ckd,NEGRO,CRUDO,UND,True
7700149720267,Cadena Rally 800 Mp,1631000000,Ckd,203002,Ckd,NEGRO,CRUDO,UND,True
7700149720274,Guia Cadena Rally 800 Mp,1631000000,Ckd,203002,Ckd,NEGRO,CRUDO,UND,True
7700149720281,Guardacadena Rally 800 Mp,1631000000,Ckd,203002,Ckd,NEGRO,CRUDO,UND,True
7700149720298,Guardacad Inf Izq Rally 800 Mp,1631000000,Ckd,203002,Ckd,NEGRO,CRUDO,UND,True
7700149720304,Guardacad Inf Der Rally 800 Mp,1631000000,Ckd,203002,Ckd,NEGRO,CRUDO,UND,True
7700149720311,Guardacadena inf Rally 800 Mp,1631000000,Ckd,203002,Ckd,NEGRO,CRUDO,UND,True
7700149720328,Relay Arranque Rally 800 Mp,1631000000,Ckd,203002,Ckd,NEGRO,CRUDO,UND,True
7700149720335,Spte Bobina Rally 800 Mp,1631000000,Ckd,203002,Ckd,NEGRO,CRUDO,UND,True
7700149720359,Ramal Rally 800 Mp,1631000000,Ckd,203002,Ckd,NEGRO,CRUDO,UND,True
7700149720366,Conector Cables Rally 800 Mp,1631000000,Ckd,203002,Ckd,NEGRO,CRUDO,UND,True
7700149720373,Spte Cubie Switch Rally 800 Mp,1631000000,Ckd,203002,Ckd,NEGRO,CRUDO,UND,True
7700149720380,Comando Izq Rally 800 Mp,1631000000,Ckd,203002,Ckd,NEGRO,CRUDO,UND,True
7700149720397,Comando Der Rally 800 Mp,1631000000,Ckd,203002,Ckd,NEGRO,CRUDO,UND,True
7700149720403,Spte Acelerador Rally 800 Mp,1631000000,Ckd,203002,Ckd,NEGRO,CRUDO,UND,True
7700149720410,Union Cambio Rally 800 Mp,1631000000,Ckd,203002,Ckd,NEGRO,CRUDO,UND,True
7700149720427,Controlador BCM Rally 800 Mp,1631000000,Ckd,203002,Ckd,NEGRO,CRUDO,UND,True
7700149720434,Clip Fijación izq Rally 800 Mp,1631000009,Partes Pequeñas,203002,Ckd,NEGRO,CRUDO,UND,True
7700149720441,Clip Fijación der Rally 800 Mp,1631000009,Partes Pequeñas,203002,Ckd,NEGRO,CRUDO,UND,True
7700149720458,Pito Rally 800 Mp,1631000000,Ckd,203002,Ckd,NEGRO,CRUDO,UND,True
7700149720465,Farola Izq Rally 800 Mp,1631000000,Ckd,203002,Ckd,NEGRO,CRUDO,UND,True
7700149720472,Stop Rally 800 Mp,1631000000,Ckd,203002,Ckd,NEGRO,CRUDO,UND,True
7700149720489,Luz placa Rally 800 Mp,1631000000,Ckd,203002,Ckd,NEGRO,CRUDO,UND,True
7700149720496,Direccion Del Izq Rally 800 Mp,1631000000,Ckd,203002,Ckd,NEGRO,CRUDO,UND,True
7700149720502,Direccion Tras Izq Rally800 Mp,1631000000,Ckd,203002,Ckd,NEGRO,CRUDO,UND,True
7700149720519,Direccion Del Der Rally 800 Mp,1631000000,Ckd,203002,Ckd,NEGRO,CRUDO,UND,True
7700149720526,Direccion Tras Der Rally800 Mp,1631000000,Ckd,203002,Ckd,NEGRO,CRUDO,UND,True
7700149720533,Velocimetro Rally 800 Mp,1631000000,Ckd,203002,Ckd,NEGRO,CRUDO,UND,True
7700149720540,Sensor Vel 1000 Rally 800 Mp,1631000000,Ckd,203002,Ckd,NEGRO,CRUDO,UND,True
7700149720557,Sensor Vel 800 Rally 800 Mp,1631000000,Ckd,203002,Ckd,NEGRO,CRUDO,UND,True
7700149720564,Brazo Spt Expl Der Rally800 Mp,1631000000,Ckd,203002,Ckd,NEGRO,CRUDO,UND,True
7700149720571,Brazo Spt Expl Izq Rally800 Mp,1631000000,Ckd,203002,Ckd,NEGRO,CRUDO,UND,True
7700149720588,Puerto USB Rally 800 Mp,1631000000,Ckd,203002,Ckd,NEGRO,CRUDO,UND,True
7700149720595,Camara Rally 800 Mp,1631000000,Ckd,203002,Ckd,NEGRO,CRUDO,UND,True
7700149720601,Camara Conduc Rally 800 Mp,1631000000,Ckd,203002,Ckd,NEGRO,CRUDO,UND,True
7700149720618,Rueda Del Rally 800 Mp,1631000000,Ckd,203002,Ckd,NEGRO,CRUDO,UND,True
7700149720625,Rueda Tras Rally 800 Mp,1631000000,Ckd,203002,Ckd,NEGRO,CRUDO,UND,True
7700149720632,Caucho Sprocket Rally 800 Mp,1631000009,Partes Pequeñas,203002,Ckd,NEGRO,CRUDO,UND,True
7700149720649,Suspension Tras Rally 800 Mp,1631000000,Ckd,203002,Ckd,NEGRO,CRUDO,UND,True
7700149720656,Pedal freno Tras Rally 800 Mp,1631000000,Ckd,203002,Ckd,NEGRO,CRUDO,UND,True
7700149720663,Bomba Freno Del Rally 800 Mp,1631000000,Ckd,203002,Ckd,NEGRO,CRUDO,UND,True
7700149720670,Caliper Del Izq Rally 800 Mp,1631000000,Ckd,203002,Ckd,NEGRO,CRUDO,UND,True
7700149720687,Caliper Del Der Rally 800 Mp,1631000000,Ckd,203002,Ckd,NEGRO,CRUDO,UND,True
7700149720694,Tornillo M10x22 Rally 800 Mp,1631000009,Partes Pequeñas,203002,Ckd,NEGRO,CRUDO,UND,True
7700149720700,Sist ABS Rally 800 Mp,1631000000,Ckd,203002,Ckd,NEGRO,CRUDO,UND,True
7700149720717,Bomba Freno Tras Rally 800 Mp,1631000000,Ckd,203002,Ckd,NEGRO,CRUDO,UND,True
7700149720724,Caliper Tras izq Rally 800 Mp,1631000000,Ckd,203002,Ckd,NEGRO,CRUDO,UND,True
7700149720731,Mang Bo Del En ABS Rally800 Mp,1631000000,Ckd,203002,Ckd,NEGRO,CRUDO,UND,True
7700149720748,Mang Bo Del Sa ABS Rally800 Mp,1631000000,Ckd,203002,Ckd,NEGRO,CRUDO,UND,True
7700149720755,Mang Bo Tra En ABS Rally800 Mp,1631000000,Ckd,203002,Ckd,NEGRO,CRUDO,UND,True
7700149720762,Mang Bo Tra Sa ABS Rally800 Mp,1631000000,Ckd,203002,Ckd,NEGRO,CRUDO,UND,True
7700149720779,Spte Sup Izq Mot 1 Rally800 Mp,1631000000,Ckd,203002,Ckd,NEGRO,CRUDO,UND,True
7700149720786,Spte Sup Izq Mot 2 Rally800 Mp,1631000000,Ckd,203002,Ckd,NEGRO,CRUDO,UND,True
7700149720793,Spte Motor Rally 800 Mp,1631000000,Ckd,203002,Ckd,NEGRO,CRUDO,UND,True
7700149720809,Cuna Susp Rally 800 Mp,1631000000,Ckd,203002,Ckd,NEGRO,CRUDO,UND,True
7700149720816,Protector Bateria Rally 800 Mp,1631000000,Ckd,203002,Ckd,NEGRO,CRUDO,UND,True
7700149720823,Spte Sup Direcc Rally 800 Mp,1631000000,Ckd,203002,Ckd,NEGRO,CRUDO,UND,True
7700149720830,Abrazadera Manub Rally 800 Mp,1631000009,Partes Pequeñas,203002,Ckd,NEGRO,CRUDO,UND,True
7700149720847,Spte Manubrio Rally 800 Mp,1631000000,Ckd,203002,Ckd,NEGRO,CRUDO,UND,True
7700149720854,Suspension Del Der Rally800 Mp,1631000000,Ckd,203002,Ckd,NEGRO,CRUDO,UND,True
7700149720861,Amortiguador Del Rally 800 Mp,1631000000,Ckd,203002,Ckd,NEGRO,CRUDO,UND,True
7700149720878,Amortiguador Tras Rally 800 Mp,1631000000,Ckd,203002,Ckd,NEGRO,CRUDO,UND,True
7700149720885,Guardapolvo Tras 1 Rally800 Mp,1631000000,Ckd,203002,Ckd,NEGRO,CRUDO,UND,True
7700149720892,Guardapolvo Tras 2 Rally800 Mp,1631000000,Ckd,203002,Ckd,NEGRO,CRUDO,UND,True
7700149720908,Guardapolvo Tras 3 Rally800 Mp,1631000000,Ckd,203002,Ckd,NEGRO,CRUDO,UND,True
7700149720915,Guardapolvo Tras 4 Rally800 Mp,1631000000,Ckd,203002,Ckd,NEGRO,CRUDO,UND,True
7700149720922,Deslizador Cadena Rally 800 Mp,1631000000,Ckd,203002,Ckd,NEGRO,CRUDO,UND,True
7700149720939,Tensor Cadena Izq Rally 800 Mp,1631000000,Ckd,203002,Ckd,NEGRO,CRUDO,UND,True
7700149720946,Tensor Cadena Der Rally 800 Mp,1631000000,Ckd,203002,Ckd,NEGRO,CRUDO,UND,True
7700149720953,Posapie Del Izq Rally 800 Mp,1631000000,Ckd,203002,Ckd,NEGRO,CRUDO,UND,True
7700149720960,Posapie Del Der Rally 800 Mp,1631000000,Ckd,203002,Ckd,NEGRO,CRUDO,UND,True
7700149720977,Gato Lateral Rally 800 Mp,1631000000,Ckd,203002,Ckd,NEGRO,CRUDO,UND,True
7700149720984,Gato Central Rally 800 Mp,1631000000,Ckd,203002,Ckd,NEGRO,CRUDO,UND,True
7700149720991,Posapie Tras Izq Rally 800 Mp,1631000000,Ckd,203002,Ckd,NEGRO,CRUDO,UND,True
7700149721004,Posapie Tras Der Rally 800 Mp,1631000000,Ckd,203002,Ckd,NEGRO,CRUDO,UND,True
7700149721011,Caucho Posap Tras Rally 800 Mp,1631000009,Partes Pequeñas,203002,Ckd,NEGRO,CRUDO,UND,True
7700149721028,Switch Ini Gat Lat Rally800 Mp,1631000000,Ckd,203002,Ckd,NEGRO,CRUDO,UND,True
7700149721035,Manubrio Rally 800 Mp,1631000000,Ckd,203002,Ckd,NEGRO,CRUDO,UND,True
7700149721042,Manillares Rally 800 Mp,1631000000,Ckd,203002,Ckd,NEGRO,CRUDO,UND,True
7700149721059,Carretel Acelerad Rally 800 Mp,1631000000,Ckd,203002,Ckd,NEGRO,CRUDO,UND,True
7700149721066,Estabilizad Direc Rally 800 Mp,1631000000,Ckd,203002,Ckd,NEGRO,CRUDO,UND,True
7700149721073,Spte Amortiguador Rally 800 Mp,1631000000,Ckd,203002,Ckd,NEGRO,CRUDO,UND,True
7700149721080,Spte Amortig Neg Rally 800 Mp,1631000000,Ckd,203002,Ckd,NEGRO,CRUDO,UND,True
7700149721097,Asiento Conductor Rally 800 Mp,1631000000,Ckd,203002,Ckd,NEGRO,CRUDO,UND,True
7700149721103,Asiento Pasajero Rally 800 Mp,1631000000,Ckd,203002,Ckd,NEGRO,CRUDO,UND,True
7700149721110,Caucho Spte Asien Rally 800 Mp,1631000009,Partes Pequeñas,203002,Ckd,NEGRO,CRUDO,UND,True
7700149721127,Cable Sillin Rally 800 Mp,1631000000,Ckd,203002,Ckd,NEGRO,CRUDO,UND,True
7700149721134,Tapon Maletero Rally 800 Mp,1631000009,Partes Pequeñas,203002,Ckd,NEGRO,CRUDO,UND,True
7700149721141,Spte Defensa Rally 800 Mp,1631000000,Ckd,203002,Ckd,NEGRO,CRUDO,UND,True
7700149721158,Spte Maletero Rally 800 Mp,1631000000,Ckd,203002,Ckd,NEGRO,CRUDO,UND,True
7700149721165,Defensa Izq Rally 800 Mp,1631000000,Ckd,203002,Ckd,NEGRO,CRUDO,UND,True
7700149721172,Defensa Der Rally 800 Mp,1631000000,Ckd,203002,Ckd,NEGRO,CRUDO,UND,True
7700149721189,Cbta Maletero Rally 800 Mp,1631000000,Ckd,203002,Ckd,NEGRO,CRUDO,UND,True
7700149721219,Spte Tap Tanq Izq Rally 800 Mp,1631000000,Ckd,203002,Ckd,NEGRO,CRUDO,UND,True
7700149721240,Spte Tap Tanq Comb Rally800 Mp,1631000000,Ckd,203002,Ckd,NEGRO,CRUDO,UND,True
7700149721257,Spte Guardaba del Rally 800 Mp,1631000000,Ckd,203002,Ckd,NEGRO,CRUDO,UND,True
7700149721295,Plati Pres Gd Del Rally 800 Mp,1631000009,Partes Pequeñas,203002,Ckd,NEGRO,CRUDO,UND,True
7700149721301,Guard Tras Int Inf Rally800 Mp,1631000000,Ckd,203002,Ckd,NEGRO,CRUDO,UND,True
7700149721318,Guardabarro Tras Rally 800 Mp,1631000000,Ckd,203002,Ckd,NEGRO,CRUDO,UND,True
7700149721325,Exten Guarda Tras Rally 800 Mp,1631000000,Ckd,203002,Ckd,NEGRO,CRUDO,UND,True
7700149721332,Tapa Lat Izq Rally 800 Mp,1631000000,Ckd,203002,Ckd,NEGRO,CRUDO,UND,True
7700149721349,Tapa Lat Izq inf Rally 800 Mp,1631000000,Ckd,203002,Ckd,NEGRO,CRUDO,UND,True
7700149721356,Tapa Lat Der Rally 800 Mp,1631000000,Ckd,203002,Ckd,NEGRO,CRUDO,UND,True
7700149721363,Tapa Lat Der inf Rally 800 Mp,1631000000,Ckd,203002,Ckd,NEGRO,CRUDO,UND,True
7700149721370,Tapa Lat Der Del Rally 800 Mp,1631000000,Ckd,203002,Ckd,NEGRO,CRUDO,UND,True
7700149721387,Cupula Izq Rally 800 Mp,1631000000,Ckd,203002,Ckd,NEGRO,CRUDO,UND,True
7700149721394,Cupula Der Rally 800 Mp,1631000000,Ckd,203002,Ckd,NEGRO,CRUDO,UND,True
7700149721400,Cupula Rally 800 Mp,1631000000,Ckd,203002,Ckd,NEGRO,CRUDO,UND,True
7700149721424,Cubierta Post Del Rally 800 Mp,1631000000,Ckd,203002,Ckd,NEGRO,CRUDO,UND,True
7700149721431,Cubierta Izq Del Rally 800 Mp,1631000000,Ckd,203002,Ckd,NEGRO,CRUDO,UND,True
7700149721448,Cubierta Der Del Rally 800 Mp,1631000000,Ckd,203002,Ckd,NEGRO,CRUDO,UND,True
7700149721455,Deflector Viento Rally 800 Mp,1631000000,Ckd,203002,Ckd,NEGRO,CRUDO,UND,True
7700149721462,Cubierta Del Rally 800 Mp,1631000000,Ckd,203002,Ckd,NEGRO,CRUDO,UND,True
7700149721479,Spte Cubierta Del Rally 800 Mp,1631000000,Ckd,203002,Ckd,NEGRO,CRUDO,UND,True
7700149721486,Spte Prot Izq Man Rally 800 Mp,1631000000,Ckd,203002,Ckd,NEGRO,CRUDO,UND,True
7700149721493,Spte Prot Der Man Rally 800 Mp,1631000000,Ckd,203002,Ckd,NEGRO,CRUDO,UND,True
7700149721509,Cortaviento 2 Izq Rally 800 Mp,1631000000,Ckd,203002,Ckd,NEGRO,CRUDO,UND,True
7700149721516,Cortaviento 2 Der Rally 800 Mp,1631000000,Ckd,203002,Ckd,NEGRO,CRUDO,UND,True
7700149721523,Cubierta Inf Del Rally 800 Mp,1631000000,Ckd,203002,Ckd,NEGRO,CRUDO,UND,True
7700149721530,Pechera Rally 800 Mp,1631000000,Ckd,203002,Ckd,NEGRO,CRUDO,UND,True
7700149721547,Cbta Motor Izq Rally 800 Mp,1631000000,Ckd,203002,Ckd,NEGRO,CRUDO,UND,True
7700149721554,Spte Cbta Cuerpo Rally 800 Mp,1631000000,Ckd,203002,Ckd,NEGRO,CRUDO,UND,True
7700149721585,Protector Inf Rally 800 Mp,1631000000,Ckd,203002,Ckd,NEGRO,CRUDO,UND,True
7700149721592,Platina Junta Cen Rally 800 Mp,1631000009,Partes Pequeñas,203002,Ckd,NEGRO,CRUDO,UND,True
7700149721608,Spte Junta Central Rally800 Mp,1631000000,Ckd,203002,Ckd,NEGRO,CRUDO,UND,True
7700149721622,Cbta Tras 2 Rally 800 Mp,1631000000,Ckd,203002,Ckd,NEGRO,CRUDO,UND,True
7700149721639,Cbta Tanque del Rally 800 Mp,1631000000,Ckd,203002,Ckd,NEGRO,CRUDO,UND,True
7700149721646,Cbta Lateral Rally 800 Mp,1631000000,Ckd,203002,Ckd,NEGRO,CRUDO,UND,True
7700149721653,Cbta Tanque Rally 800 Mp,1631000000,Ckd,203002,Ckd,NEGRO,CRUDO,UND,True
7700149721660,Plati Izq Reg int Rally 800 Mp,1631000009,Partes Pequeñas,203002,Ckd,NEGRO,CRUDO,UND,True
7700149721677,Plati Der Reg int Rally 800 Mp,1631000009,Partes Pequeñas,203002,Ckd,NEGRO,CRUDO,UND,True
7700149721684,Platina Der Motor Rally 800 Mp,1631000009,Partes Pequeñas,203002,Ckd,NEGRO,CRUDO,UND,True
7700149721691,Plat Lat In Iz Tan Rally800 Mp,1631000009,Partes Pequeñas,203002,Ckd,NEGRO,CRUDO,UND,True
7700149721714,Plat Lat In De Tan Rally800 Mp,1631000009,Partes Pequeñas,203002,Ckd,NEGRO,CRUDO,UND,True
7700149721738,Cbta Inf Bateria Rally 800 Mp,1631000000,Ckd,203002,Ckd,NEGRO,CRUDO,UND,True
7700149721745,Guardabar Del Sup Rally 800 Mp,1631000000,Ckd,203002,Ckd,NEGRO,CRUDO,UND,True
7700149721776,Espuma 1 Rally 800 Mp,1631000000,Ckd,203002,Ckd,NEGRO,CRUDO,UND,True
7700149721783,Espuma 2 Rally 800 Mp,1631000000,Ckd,203002,Ckd,NEGRO,CRUDO,UND,True
7700149721790,Espuma 3 Rally 800 Mp,1631000000,Ckd,203002,Ckd,NEGRO,CRUDO,UND,True
7700149721806,Espuma 4 Rally 800 Mp,1631000000,Ckd,203002,Ckd,NEGRO,CRUDO,UND,True
7700149721813,Cal Adv Rally 800 Mp,1631000000,Ckd,203002,Ckd,NEGRO,CRUDO,UND,True
7700149721820,Cal Adv cadena Rally 800 Mp,1631000000,Ckd,203002,Ckd,NEGRO,CRUDO,UND,True
7700149721837,Cal Adv motor Rally 800 Mp,1631000000,Ckd,203002,Ckd,NEGRO,CRUDO,UND,True
7700149721844,Cal Adv llantas Rally 800 Mp,1631000000,Ckd,203002,Ckd,NEGRO,CRUDO,UND,True
7700149721851,Torn Hex M8x50 Rally 800 Mp,1631000009,Partes Pequeñas,203002,Ckd,NEGRO,CRUDO,UND,True
7700149721868,Torn Hex M8x65 Rally 800 Mp,1631000009,Partes Pequeñas,203002,Ckd,NEGRO,CRUDO,UND,True
7700149721875,Torn Hex M6x35 Rally 800 Mp,1631000009,Partes Pequeñas,203002,Ckd,NEGRO,CRUDO,UND,True
7700149721882,Torn Hex M14x25 Rally 800 Mp,1631000009,Partes Pequeñas,203002,Ckd,NEGRO,CRUDO,UND,True
7700149721899,Torn Hex M12x49 Rally 800 Mp,1631000009,Partes Pequeñas,203002,Ckd,NEGRO,CRUDO,UND,True
7700149721905,Torn Hex M12x60 Rally 800 Mp,1631000009,Partes Pequeñas,203002,Ckd,NEGRO,CRUDO,UND,True
7700149721912,Tor Hex Sock M6x45 Rally800 Mp,1631000009,Partes Pequeñas,203002,Ckd,NEGRO,CRUDO,UND,True
7700149721929,Torn Cabeza Redonda M3.5x30 Mp,1631000009,Partes Pequeñas,203002,Ckd,NEGRO,CRUDO,UND,True
7700149721936,Tuerca Hex M6 Ng Rally 800 Mp,1631000009,Partes Pequeñas,203002,Ckd,NEGRO,CRUDO,UND,True
7700149721943,Tuerca Campana Galvan M6x8 Mp,1631000009,Partes Pequeñas,203002,Ckd,NEGRO,CRUDO,UND,True
7700149721950,Tuerca Hex M8 Rally 800 Mp,1631000009,Partes Pequeñas,203002,Ckd,NEGRO,CRUDO,UND,True
7700149721967,Tuerca Hex M10 Rally 800 Mp,1631000009,Partes Pequeñas,203002,Ckd,NEGRO,CRUDO,UND,True
7700149721974,Chapeta Galv M6 Rally 800 Mp,1631000009,Partes Pequeñas,203002,Ckd,NEGRO,CRUDO,UND,True
7700149721981,Arandela Plana 12x30x4 Mp,1631000009,Partes Pequeñas,203002,Ckd,NEGRO,CRUDO,UND,True
7700149721998,Tubo Can-CajaFilt Rally 800 Mp,1631000000,Ckd,203002,Ckd,NEGRO,CRUDO,UND,True
7700149722001,Tubo Gasolina Rally 800 Mp,1631000000,Ckd,203002,Ckd,NEGRO,CRUDO,UND,True
7700149722018,Tubo Ref 5x10x1000 Rally800 Mp,1631000000,Ckd,203002,Ckd,NEGRO,CRUDO,UND,True
7700149722025,Tubo Ref 24x32x125 Rally800 Mp,1631000000,Ckd,203002,Ckd,NEGRO,CRUDO,UND,True
7700149722032,Tubo Refr 24x32x44 Rally800 Mp,1631000000,Ckd,203002,Ckd,NEGRO,CRUDO,UND,True
7700149722049,Tubo Refr 5x9x230 Rally 800 Mp,1631000000,Ckd,203002,Ckd,NEGRO,CRUDO,UND,True
7700149722056,Tubo Refr 5x9x970 Rally 800 Mp,1631000000,Ckd,203002,Ckd,NEGRO,CRUDO,UND,True
7700149722063,Tubo Refr 18x26x77 Rally800 Mp,1631000000,Ckd,203002,Ckd,NEGRO,CRUDO,UND,True
7700149722070,Buje 12x8.5x6 Mp,1631000009,Partes Pequeñas,203002,Ckd,NEGRO,CRUDO,UND,True
7700149722087,Buje 12x8x20 Mp,1631000009,Partes Pequeñas,203002,Ckd,NEGRO,CRUDO,UND,True
7700149722094,Buje 32x20x14 Mp,1631000009,Partes Pequeñas,203002,Ckd,NEGRO,CRUDO,UND,True
7700149722100,Buje 28x20x25 Mp,1631000009,Partes Pequeñas,203002,Ckd,NEGRO,CRUDO,UND,True
7700149722117,Buje 35x14x4 Mp,1631000009,Partes Pequeñas,203002,Ckd,NEGRO,CRUDO,UND,True
7700149722124,Buje 9 Mp,1631000009,Partes Pequeñas,203002,Ckd,NEGRO,CRUDO,UND,True
7700149722131,Buje 12x8x25 Mp,1631000009,Partes Pequeñas,203002,Ckd,NEGRO,CRUDO,UND,True
7700149722148,O ring 64x2 Rally 800 Mp,1631000009,Partes Pequeñas,203002,Ckd,NEGRO,CRUDO,UND,True
7700149722155,Torn Motor M8x70 Rally 800 Mp,1631000009,Partes Pequeñas,203002,Ckd,NEGRO,CRUDO,UND,True
7700149722162,Eje 10x150 Rally 800 Mp,1631000009,Partes Pequeñas,203002,Ckd,NEGRO,CRUDO,UND,True
7700149722179,Eje 20x177 Rally 800 Mp,1631000009,Partes Pequeñas,203002,Ckd,NEGRO,CRUDO,UND,True
7700149722186,Eje 15 Rally 800 Mp,1631000009,Partes Pequeñas,203002,Ckd,NEGRO,CRUDO,UND,True
7700149722193,Eje 10x135 Rally 800 Mp,1631000009,Partes Pequeñas,203002,Ckd,NEGRO,CRUDO,UND,True
7700149722209,Eje 12x70 Rally 800 Mp,1631000009,Partes Pequeñas,203002,Ckd,NEGRO,CRUDO,UND,True
7700149722216,Eje 12x115 Rally 800 Mp,1631000009,Partes Pequeñas,203002,Ckd,NEGRO,CRUDO,UND,True
7700149722223,Eje 12x55 Rally 800 Mp,1631000009,Partes Pequeñas,203002,Ckd,NEGRO,CRUDO,UND,True
7700149722230,Eje 20 Rally 800 Mp,1631000009,Partes Pequeñas,203002,Ckd,NEGRO,CRUDO,UND,True
7700149722247,Eje 12x60 Rally 800 Mp,1631000009,Partes Pequeñas,203002,Ckd,NEGRO,CRUDO,UND,True
7700149722254,Caucho Ranurado M29x5x19.5 Mp,1631000009,Partes Pequeñas,203002,Ckd,NEGRO,CRUDO,UND,True
7700149722261,Correa Elastica 3x72 Mp,1631000009,Partes Pequeñas,203002,Ckd,NEGRO,CRUDO,UND,True
7700149722278,Correa Elastica 150x20 Mp,1631000009,Partes Pequeñas,203002,Ckd,NEGRO,CRUDO,UND,True
7700149722285,Clip Diam 2 Mp,1631000009,Partes Pequeñas,203002,Ckd,NEGRO,CRUDO,UND,True
7700149722292,Buje Rosc M22x23 Rally 800 Mp,1631000009,Partes Pequeñas,203002,Ckd,NEGRO,CRUDO,UND,True
7700149722308,Buje Rosc M22 Rally 800 Mp,1631000009,Partes Pequeñas,203002,Ckd,NEGRO,CRUDO,UND,True
7700149722315,Buje Rosc M5x140 Rally 800 Mp,1631000009,Partes Pequeñas,203002,Ckd,NEGRO,CRUDO,UND,True
7700149722322,Resort Gato Lat Rally 800 Mp,1631000009,Partes Pequeñas,203002,Ckd,NEGRO,CRUDO,UND,True
7700149722339,Resort Pedal Freno Rally800 Mp,1631000009,Partes Pequeñas,203002,Ckd,NEGRO,CRUDO,UND,True
7700149722346,Resort Gato Cent Rally 800 Mp,1631000009,Partes Pequeñas,203002,Ckd,NEGRO,CRUDO,UND,True
7700149722353,Spte Mang aceite Rally 800 Mp,1631000000,Ckd,203002,Ckd,NEGRO,CRUDO,UND,True
7700149722360,Torn Ave Hex M6x16x8.8 Mp,1631000009,Partes Pequeñas,203002,Ckd,NEGRO,CRUDO,UND,True
7700149722377,Torn Ave Hex M5x16x8.8 Mp,1631000009,Partes Pequeñas,203002,Ckd,NEGRO,CRUDO,UND,True
7700149722384,Torn Ave Hex M5x12x8.8 Mp,1631000009,Partes Pequeñas,203002,Ckd,NEGRO,CRUDO,UND,True
7700149722391,Torn Ave Hex M5x12x8 Mp,1631000009,Partes Pequeñas,203002,Ckd,NEGRO,CRUDO,UND,True
7700149722407,Torn Ave Hex M5x20 8.8 Mp,1631000009,Partes Pequeñas,203002,Ckd,NEGRO,CRUDO,UND,True
7700149722414,Torn Ave Hex M6x12x8.8 Mp,1631000009,Partes Pequeñas,203002,Ckd,NEGRO,CRUDO,UND,True
7700149722421,Torn Ave Hex M6x12x8 Mp,1631000009,Partes Pequeñas,203002,Ckd,NEGRO,CRUDO,UND,True
7700149722438,Torn Ave Hex M6x16x8 Mp,1631000009,Partes Pequeñas,203002,Ckd,NEGRO,CRUDO,UND,True
7700149722445,Tuerca goma M5 Rally 800 Mp,1631000009,Partes Pequeñas,203002,Ckd,NEGRO,CRUDO,UND,True
7700149722452,Torn Hex Brida M10x30x13 Mp,1631000009,Partes Pequeñas,203002,Ckd,NEGRO,CRUDO,UND,True
7700149722469,Torn Hex Brida M6x16 Mp,1631000009,Partes Pequeñas,203002,Ckd,NEGRO,CRUDO,UND,True
7700149722476,Torn Hex Brida M6x30 Mp,1631000009,Partes Pequeñas,203002,Ckd,NEGRO,CRUDO,UND,True
7700149722483,Torn M8x25 Rally 800 Mp,1631000009,Partes Pequeñas,203002,Ckd,NEGRO,CRUDO,UND,True
7700149722490,Torn M10x55x28 Rally 800 Mp,1631000009,Partes Pequeñas,203002,Ckd,NEGRO,CRUDO,UND,True
7700149722506,Torn Hex Brida M8x45 Negro Mp,1631000009,Partes Pequeñas,203002,Ckd,NEGRO,CRUDO,UND,True
7700149722513,Torn Hex Brida M8x40 Negro Mp,1631000009,Partes Pequeñas,203002,Ckd,NEGRO,CRUDO,UND,True
7700149722520,Torn Hex Brida M8x40 Mp,1631000009,Partes Pequeñas,203002,Ckd,NEGRO,CRUDO,UND,True
7700149722537,Torn Hex Brida M10x40x16 Mp,1631000009,Partes Pequeñas,203002,Ckd,NEGRO,CRUDO,UND,True
7700149722544,Spte Del Mag Freno Rally800 Mp,1631000000,Ckd,203002,Ckd,NEGRO,CRUDO,UND,True
7700149722551,Spte Der Con Mofl Rally 800 Mp,1631000000,Ckd,203002,Ckd,NEGRO,CRUDO,UND,True
7700149722568,Kit Switch Rally 800 Mp,1631000000,Ckd,203002,Ckd,NEGRO,CRUDO,UND,True
7700149722582,Columna Dirección Rally 800 Mp,1631000000,Ckd,203002,Ckd,NEGRO,CRUDO,UND,True
7700149722599,Horquilla Trasera Rally 800 Mp,1631000000,Ckd,203002,Ckd,NEGRO,CRUDO,UND,True
7700149722605,Tijera Rally 800 Mp,1631000000,Ckd,203002,Ckd,NEGRO,CRUDO,UND,True
7700149722612,Spte M8 Rally 800 Mp,1631000000,Ckd,203002,Ckd,NEGRO,CRUDO,UND,True
7700149722629,Motor Rally 800 VIN Mp,1631000002,Materia Prima Motor,203002,Ckd,NEGRO,CRUDO,UND,True
7700149749473,Bateria Rally DS800 Mp,1631000000,Ckd,203002,Ckd,NEGRO,CRUDO,UND,True
7700149812689,Calco tapa tanq Der R800 Mp,1632000000,Integracion Nacional,203002,Integración Nacional,NEGRO,CRUDO,UND,True
7700149812696,Calco tapa tanq Izq R800 Mp,1632000000,Integracion Nacional,203002,Integración Nacional,NEGRO,CRUDO,UND,True
7700149812702,Calco Tapa tanq Der 2 R800 Mp,1632000000,Integracion Nacional,203002,Integración Nacional,NEGRO,CRUDO,UND,True
7700149812719,Calco tapa tanq Izq 2 R800 Mp,1632000000,Integracion Nacional,203002,Integración Nacional,NEGRO,CRUDO,UND,True
7700149812726,Calco Inf tanq Der R800 Mp,1632000000,Integracion Nacional,203002,Integración Nacional,NEGRO,CRUDO,UND,True
7700149812733,Calco Inf tanq Izq R800 Mp,1632000000,Integracion Nacional,203002,Integración Nacional,NEGRO,CRUDO,UND,True
7700149812740,Calco Cola Der R800 Mp,1632000000,Integracion Nacional,203002,Integración Nacional,NEGRO,CRUDO,UND,True
7700149812757,Calco Cola Izq R800 Mp,1632000000,Integracion Nacional,203002,Integración Nacional,NEGRO,CRUDO,UND,True
7700149812764,Calco Cola 2 Der R800 Mp,1632000000,Integracion Nacional,203002,Integración Nacional,NEGRO,CRUDO,UND,True
7700149812771,Calco Cola 2 Izq R800 Mp,1632000000,Integracion Nacional,203002,Integración Nacional,NEGRO,CRUDO,UND,True
7700149812788,Calco Prot Bar Der R800 Mp,1632000000,Integracion Nacional,203002,Integración Nacional,NEGRO,CRUDO,UND,True
7700149812795,Calco Prot Bar Izq R800 Mp,1632000000,Integracion Nacional,203002,Integración Nacional,NEGRO,CRUDO,UND,True
7700149812801,Calco Info Moto 800Rally,1632000000,Integracion Nacional,203002,Integración Nacional,NEGRO,CRUDO,UND,True
7700149813716,Manual ProGara DS800X 3*1 R MP,1632000000,Integracion Nacional,203002,Integración Nacional,NEGRO,CRUDO,UND,True
7700149733304,Calco DS Sup Izq DS300 MP,1632000000,Integracion Nacional,203002,Integración Nacional,NEGRO,CRUDO,UND,True
7700149733311,Calco DS Sup Der DS300 MP,1632000000,Integracion Nacional,203002,Integración Nacional,NEGRO,CRUDO,UND,True
7700149733328,Calco DS Inf Izq DS300 MP,1632000000,Integracion Nacional,203002,Integración Nacional,NEGRO,CRUDO,UND,True
7700149733335,Calco DS Inf Der DS300 MP,1632000000,Integracion Nacional,203002,Integración Nacional,NEGRO,CRUDO,UND,True
7700149733342,Calco VOGE Izq DS300 MP,1632000000,Integracion Nacional,203002,Integración Nacional,NEGRO,CRUDO,UND,True
7700149733359,Calco VOGE Der DS300 MP,1632000000,Integracion Nacional,203002,Integración Nacional,NEGRO,CRUDO,UND,True
7700149733366,Calc ABS Izq DS300 Mp,1632000000,Integracion Nacional,203002,Integración Nacional,NEGRO,CRUDO,UND,True
7700149733373,Calc ABS Der DS300 Mp,1632000000,Integracion Nacional,203002,Integración Nacional,NEGRO,CRUDO,UND,True
7700149733380,Calco Cola Izq DS300 Mp,1632000000,Integracion Nacional,203002,Integración Nacional,NEGRO,CRUDO,UND,True
7700149733397,Calco Cola Der DS300 Mp,1632000000,Integracion Nacional,203002,Integración Nacional,NEGRO,CRUDO,UND,True
7700149733403,Calco Rin DS300 MP,1632000000,Integracion Nacional,203002,Integración Nacional,NEGRO,CRUDO,UND,True
7700149733410,Calco DS Sup GB Izq DS300 MP,1632000000,Integracion Nacional,203002,Integración Nacional,GRIS NEGRO,CRUDO,UND,True
7700149733427,Calco DS Sup GB Der DS300 MP,1632000000,Integracion Nacional,203002,Integración Nacional,GRIS NEGRO,CRUDO,UND,True
7700149733434,Calco DS Inf GB Izq DS300 MP,1632000000,Integracion Nacional,203002,Integración Nacional,GRIS NEGRO,CRUDO,UND,True
7700149733441,Calco DS Inf GB Der DS300 MP,1632000000,Integracion Nacional,203002,Integración Nacional,GRIS NEGRO,CRUDO,UND,True
7700149733458,Calco VOGE GB Izq DS300 MP,1632000000,Integracion Nacional,203002,Integración Nacional,GRIS NEGRO,CRUDO,UND,True
7700149733465,Calco VOGE GB Der DS300 MP,1632000000,Integracion Nacional,203002,Integración Nacional,GRIS NEGRO,CRUDO,UND,True
7700149733472,Calc ABS GB IZQ DS300 Mp,1632000000,Integracion Nacional,203002,Integración Nacional,GRIS NEGRO,CRUDO,UND,True
7700149733489,Calc ABS GB Der DS300 Mp,1632000000,Integracion Nacional,203002,Integración Nacional,GRIS NEGRO,CRUDO,UND,True
7700149733496,Calco Cola GB Izq DS300 Mp,1632000000,Integracion Nacional,203002,Integración Nacional,GRIS NEGRO,CRUDO,UND,True
7700149733502,Calco Cola GB Der DS300 Mp,1632000000,Integracion Nacional,203002,Integración Nacional,GRIS NEGRO,CRUDO,UND,True
7700149733519,Calco Rin GB DS300 MP,1632000000,Integracion Nacional,203002,Integración Nacional,GRIS NEGRO,CRUDO,UND,True
7700149811415,Calco LLY tanq Izq Rally300 MP,1632000000,Integracion Nacional,203002,Integración Nacional,NEGRO,CRUDO,UND,True
7700149811422,Calco R tanq Der Rally300 MP,1632000000,Integracion Nacional,203002,Integración Nacional,NEGRO,CRUDO,UND,True
7700149811439,Calco RA tanq Izq Rally300 MP,1632000000,Integracion Nacional,203002,Integración Nacional,NEGRO,CRUDO,UND,True
7700149811446,Calco LLY tanq Der Rally300 MP,1632000000,Integracion Nacional,203002,Integración Nacional,NEGRO,CRUDO,UND,True
7700149811453,Calco L tanq Izq Rally300 MP,1632000000,Integracion Nacional,203002,Integración Nacional,NEGRO,CRUDO,UND,True
7700149811460,Calco A tanq Der Rally300 MP,1632000000,Integracion Nacional,203002,Integración Nacional,NEGRO,CRUDO,UND,True
7700149811477,Calco Cola Izq Rally300 MP,1632000000,Integracion Nacional,203002,Integración Nacional,NEGRO,CRUDO,UND,True
7700149811484,Calco Cola Der Rally300 MP,1632000000,Integracion Nacional,203002,Integración Nacional,NEGRO,CRUDO,UND,True
7700149811491,Calco Barras Izq Rally300 MP,1632000000,Integracion Nacional,203002,Integración Nacional,NEGRO,CRUDO,UND,True
7700149811507,Calco Barras Der Rally300 MP,1632000000,Integracion Nacional,203002,Integración Nacional,NEGRO,CRUDO,UND,True
7700149811514,Calco AKT Izq Rally300 MP,1632000000,Integracion Nacional,203002,Integración Nacional,NEGRO,CRUDO,UND,True
7700149811521,Calco AKT Der Rally300 MP,1632000000,Integracion Nacional,203002,Integración Nacional,NEGRO,CRUDO,UND,True
7700149811538,Calco text Tanq Dr RALLY300 Mp,1632000000,Integracion Nacional,203002,Integración Nacional,NEGRO,CRUDO,UND,True
7700149811545,Calco text Tanq Iz RALLY300 Mp,1632000000,Integracion Nacional,203002,Integración Nacional,NEGRO,CRUDO,UND,True
7700149816618,Calco LLY tan I Gr Rally300 MP,1632000000,Integracion Nacional,203002,Integración Nacional,GRIS NEGRO,CRUDO,UND,True
7700149816625,Calco R tan D GR Rally300 MP,1632000000,Integracion Nacional,203002,Integración Nacional,GRIS NEGRO,CRUDO,UND,True
7700149816632,Calco RA tanq I GR Rally300 MP,1632000000,Integracion Nacional,203002,Integración Nacional,GRIS NEGRO,CRUDO,UND,True
7700149816649,Calco LLY tan D GR Rally300 MP,1632000000,Integracion Nacional,203002,Integración Nacional,GRIS NEGRO,CRUDO,UND,True
7700149816656,Calco L tan I GR Rally300 MP,1632000000,Integracion Nacional,203002,Integración Nacional,GRIS NEGRO,CRUDO,UND,True
7700149816663,Calco A tan D GR Rally300 MP,1632000000,Integracion Nacional,203002,Integración Nacional,GRIS NEGRO,CRUDO,UND,True
7700149816670,Calco Cola I GR Rally300 MP,1632000000,Integracion Nacional,203002,Integración Nacional,GRIS NEGRO,CRUDO,UND,True
7700149816687,Calco Cola D GR Rally300 MP,1632000000,Integracion Nacional,203002,Integración Nacional,GRIS NEGRO,CRUDO,UND,True
7700149816694,Calco Barras I GR Rally300 MP,1632000000,Integracion Nacional,203002,Integración Nacional,GRIS NEGRO,CRUDO,UND,True
7700149816700,Calco Barras D GR Rally300 MP,1632000000,Integracion Nacional,203002,Integración Nacional,GRIS NEGRO,CRUDO,UND,True
7700149816717,Calco AKT I GR Rally300 MP,1632000000,Integracion Nacional,203002,Integración Nacional,GRIS NEGRO,CRUDO,UND,True
7700149816724,Calco AKT D GR Rally300 MP,1632000000,Integracion Nacional,203002,Integración Nacional,GRIS NEGRO,CRUDO,UND,True
7700149816731,Calco tex Tan D GR RALLY300 Mp,1632000000,Integracion Nacional,203002,Integración Nacional,GRIS NEGRO,CRUDO,UND,True
7700149816748,Calco tex Tan I GR RALLY300 Mp,1632000000,Integracion Nacional,203002,Integración Nacional,GRIS NEGRO,CRUDO,UND,True
7700149708678,Soporte Cel 360 Mp,1632000000,Integracion Nacional,203002,Integración Nacional,,CRUDO,UND,True
7700149770255,Chasis Metalico Motoca+ NS PF,1631000001,Materia Prima Chasis,203002,Ckd,,CRUDO,UND,True
7700149810746,Calco Central N 110 Mp,1632000000,Integracion Nacional,203002,Integración Nacional,NEGRO,CRUDO,UND,True
7700149810753,Calco Lat Der Tras N 110 Mp,1632000000,Integracion Nacional,203002,Integración Nacional,NEGRO,CRUDO,UND,True
7700149810760,Calco Lat Izq Tras N 110 Mp,1632000000,Integracion Nacional,203002,Integración Nacional,NEGRO,CRUDO,UND,True
7700149810777,Calco Lat Front Der N 110 Mp,1632000000,Integracion Nacional,203002,Integración Nacional,NEGRO,CRUDO,UND,True
7700149810784,Calco Lat Front Izq N 110 Mp,1632000000,Integracion Nacional,203002,Integración Nacional,NEGRO,CRUDO,UND,True
7700149810791,Calco Car Far Der N 110 Mp,1632000000,Integracion Nacional,203002,Integración Nacional,NEGRO,CRUDO,UND,True
7700149810807,Calco Car Far Izq N 110 Mp,1632000000,Integracion Nacional,203002,Integración Nacional,NEGRO,CRUDO,UND,True
7700149810814,Calco Lat Inf Der N 110 Mp,1632000000,Integracion Nacional,203002,Integración Nacional,NEGRO,CRUDO,UND,True
7700149810821,Calco Lat Inf Izq N 110 Mp,1632000000,Integracion Nacional,203002,Integración Nacional,NEGRO,CRUDO,UND,True
7700149810838,Calco Gb N 100 Mp,1632000000,Integracion Nacional,203002,Integración Nacional,NEGRO,CRUDO,UND,True
7700149810647,Calco Central G 110 Mp,1632000000,Integracion Nacional,203002,Integración Nacional,GRIS,CRUDO,UND,True
7700149810654,Calco Lat Der Tras G 110 Mp,1632000000,Integracion Nacional,203002,Integración Nacional,GRIS,CRUDO,UND,True
7700149810661,Calco Lat Izq Tras G 110 Mp,1632000000,Integracion Nacional,203002,Integración Nacional,GRIS,CRUDO,UND,True
7700149810678,Calco Lat Front Der G 110 Mp,1632000000,Integracion Nacional,203002,Integración Nacional,GRIS,CRUDO,UND,True
7700149810685,Calco Lat Front Izq G 110 Mp,1632000000,Integracion Nacional,203002,Integración Nacional,GRIS,CRUDO,UND,True
7700149810692,Calco Car Far Der G 110 Mp,1632000000,Integracion Nacional,203002,Integración Nacional,GRIS,CRUDO,UND,True
7700149810708,Calco Car Far Izq G 110 Mp,1632000000,Integracion Nacional,203002,Integración Nacional,GRIS,CRUDO,UND,True
7700149810715,Calco Lat Inf Der G 110 Mp,1632000000,Integracion Nacional,203002,Integración Nacional,GRIS,CRUDO,UND,True
7700149810722,Calco Lat Inf Izq G 110 Mp,1632000000,Integracion Nacional,203002,Integración Nacional,GRIS,CRUDO,UND,True
7700149810739,Calco Gb G 100 Mp,1632000000,Integracion Nacional,203002,Integración Nacional,GRIS,CRUDO,UND,True
7700149767002,Carpa Motocarro 2026 MP,1632000000,Integracion Nacional,203002,Integración Nacional,GRIS,CRUDO,UND,True
7700149819473,Rueda Del Murelli KONT TA,1633000000,Terceros,203002,Terceros,NEGRO ROJO,CRUDO,UND,True
7700149819480,Rueda Tras Murelli KONT TA,1633000000,Terceros,203002,Terceros,NEGRO ROJO,CRUDO,UND,True
7700149820400,Calco Central A 110 Mp,1632000000,Integracion Nacional,203002,Integración Nacional,AZUL,CRUDO,UND,True
7700149820417,Calco Lat Der Tras A 110 Mp,1632000000,Integracion Nacional,203002,Integración Nacional,AZUL,CRUDO,UND,True
7700149820424,Calco Lat Izq Tras A 110 Mp,1632000000,Integracion Nacional,203002,Integración Nacional,AZUL,CRUDO,UND,True
7700149820431,Calco Lat Front Der A 110 Mp,1632000000,Integracion Nacional,203002,Integración Nacional,AZUL,CRUDO,UND,True
7700149820448,Calco Lat Front Izq A 110 Mp,1632000000,Integracion Nacional,203002,Integración Nacional,AZUL,CRUDO,UND,True
7700149820455,Calco Car Far Der A 110 Mp,1632000000,Integracion Nacional,203002,Integración Nacional,AZUL,CRUDO,UND,True
7700149820462,Calco Car Far Izq A 110 Mp,1632000000,Integracion Nacional,203002,Integración Nacional,AZUL,CRUDO,UND,True
7700149820479,Calco Lat Inf Der A 110 Mp,1632000000,Integracion Nacional,203002,Integración Nacional,AZUL,CRUDO,UND,True
7700149820486,Calco Lat Inf Izq A 110 Mp,1632000000,Integracion Nacional,203002,Integración Nacional,AZUL,CRUDO,UND,True
7700149820493,Calco Gb A 110 Mp,1632000000,Integracion Nacional,203002,Integración Nacional,AZUL,CRUDO,UND,True
7701023214001,Tijera NKDR-D MP,1631000003,Materia Prima terceros,203002,Ckd,,CRUDO,UND,True
7701023225779,Caren Inf Manubrio J5 Mp,1631000003,Materia Prima terceros,203002,Ckd,,CRUDO,UND,True
7701023858427,Chasis 125NKD SN15 MP,1631000003,Materia Prima terceros,203002,Ckd,,CRUDO,UND,True
7705946162029,Caren Fron Sup 125SC-R PRO Mp,1631000003,Materia Prima terceros,203002,Ckd,,CRUDO,UND,True
7705946161671,Caren Cubta Tra If Der PRO Mp,1631000003,Materia Prima terceros,203002,Ckd,,CRUDO,UND,True
7705946161695,Caren Cubta Tra If Izq PRO Mp,1631000003,Materia Prima terceros,203002,Ckd,,CRUDO,UND,True
7705946162036,Caren Trasero 125SC-R PRO Mp,1631000003,Materia Prima terceros,203002,Ckd,,CRUDO,UND,True
7701023376631,Soporte Farol Der 125NKDR Mp,1631000000,Ckd,203002,Ckd,,CRUDO,UND,True
7701023376624,Soporte Faro Izq 125NKDR Mp,1631000000,Ckd,203002,Ckd,,CRUDO,UND,True
7705946317108,Caren Pito 125W NEW Mp,1631000003,Materia Prima terceros,203002,Ckd,,CRUDO,UND,True
7700149451659,Base silla 110 NV Mp,1632000000,Integracion Nacional,203002,Integración Nacional,,CRUDO,UND,True
7705946262200,Caren Trasero Der 125 CR4 Mp,1631000000,Ckd,203002,Ckd,,CRUDO,UND,True
7705946262194,Caren Trasero Izq 125 CR4 Mp,1631000000,Ckd,203002,Ckd,,CRUDO,UND,True
7705946262217,Caren Trasero 125 CR4 Mp,1631000000,Ckd,203002,Ckd,,CRUDO,UND,True
7705946262231,Cubta Tanque Ext Der 125 CR4Mp,1631000000,Ckd,203002,Ckd,,CRUDO,UND,True
7705946262224,Cubta Tanque Ext Izq 125 CR4Mp,1631000000,Ckd,203002,Ckd,,CRUDO,UND,True
7705946575751,Chasis 125 CR4 V2 SM MP,1631000003,Materia Prima terceros,203002,Ckd,,CRUDO,UND,True
7700149541824,Sensor Combustible 110NV V2 Mp,1631000003,Materia Prima terceros,203002,Ckd,,CRUDO,UND,True
7705946385299,Tanque Inferior 110NV-X Mp,1631000003,Materia Prima terceros,203002,Ckd,,CRUDO,UND,True
7705946385305,Tanque Superior 110NV-X Mp,1631000003,Materia Prima terceros,203002,Ckd,,CRUDO,UND,True
7705946385312,Escudo Tanque 110NV-X Mp,1631000003,Materia Prima terceros,203002,Ckd,,CRUDO,UND,True
7705946385329,Placa Refuerzo Tanq 110NV-X Mp,1631000003,Materia Prima terceros,203002,Ckd,,CRUDO,UND,True
7705946385336,Gancho Sopo Tanq Gas 110NV-XMp,1631000003,Materia Prima terceros,203002,Ckd,,CRUDO,UND,True
7705946385343,Base Tanque Gas 110NV-X Mp,1631000003,Materia Prima terceros,203002,Ckd,,CRUDO,UND,True
7705946385381,Base Sensor Gas 110NV-XMp,1631000003,Materia Prima terceros,203002,Ckd,,CRUDO,UND,True
7705946385398,Soporte Tanque Gas 110NV-XMp,1631000003,Materia Prima terceros,203002,Ckd,,CRUDO,UND,True
7705946385404,Tubo Tanque Gas 110NV-XMp,1631000003,Materia Prima terceros,203002,Ckd,,CRUDO,UND,True
7701023419017,Sensor Gasolina 125W MP,1631000003,Materia Prima terceros,203002,Ckd,,CRUDO,UND,True
7705946170444,Filtro Gasolina 125W Mp,1631000003,Materia Prima terceros,203002,Ckd,,CRUDO,UND,True
7705946415354,Tanque Superior 125 Flex Mp,1631000003,Materia Prima terceros,203002,Ckd,,CRUDO,UND,True
7705946415361,Tanque Inferior 125 Flex Mp,1631000003,Materia Prima terceros,203002,Ckd,,CRUDO,UND,True
7705946415378,Tubo Tanque Gas 125 Flex Mp,1631000003,Materia Prima terceros,203002,Ckd,,CRUDO,UND,True
7705946415385,Soporte Aceite 125 Flex Mp,1631000003,Materia Prima terceros,203002,Ckd,,CRUDO,UND,True
7705946415392,Platina Sensor Gas 125Flex Mp,1631000003,Materia Prima terceros,203002,Ckd,,CRUDO,UND,True
7705946575829,Tapa Tanque 125W Mp,1631000003,Materia Prima terceros,203002,Ckd,,CRUDO,UND,True
7705946575836,Manguera 4x8x650 125W Mp,1631000003,Materia Prima terceros,203002,Ckd,,CRUDO,UND,True
7705946575843,Manguera 4x8x70 125W Mp,1631000003,Materia Prima terceros,203002,Ckd,,CRUDO,UND,True
7705946655606,Catalizador 125FLEX 1 Mp,1631000000,Ckd,203002,Ckd,,CRUDO,UND,True
7700149236683,Chasis 125W-ll SN15 V2 Mp,1631000001,Materia Prima Chasis,203002,Ckd,,CRUDO,UND,True
7705946729246,Catalizador 160CR4 Mp,1631000003,Materia Prima terceros,203002,Ckd,,CRUDO,UND,True
7705946695473,Curva mofle 125TTR EIII Mp,1631000000,Ckd,203002,Ckd,,CRUDO,UND,True
7705946576390,Curva mofle 200DS V2 Mp,1631000000,Ckd,203002,Ckd,,CRUDO,UND,True
7700149471237,Chasis 110NVX2 Mp,1631000001,Materia Prima Chasis,203002,Ckd,,CRUDO,UND,True
7700149628280,Chasis 125DYN PRO CBS V2 Mp,1631000001,Materia Prima Chasis,203002,Ckd,,CRUDO,UND,True
7705946802871,Base Posapi Tras Izq NKD V2 MP,1631000003,Materia Prima terceros,203002,Ckd,,CRUDO,UND,True
7705946802888,Base Posapi Tras Der NKD V2 MP,1631000003,Materia Prima terceros,203002,Ckd,,CRUDO,UND,True
7705946954310,Calco Tanq Der NKD EX73 Mp,1632000000,Integracion Nacional,203002,Integración Nacional,,CRUDO,UND,True
7705946954327,Calco Tanq Izq NKD EX73 Mp,1632000000,Integracion Nacional,203002,Integración Nacional,,CRUDO,UND,True
7705946954334,Calco Tanq Sup NKD EX73 Mp,1632000000,Integracion Nacional,203002,Integración Nacional,,CRUDO,UND,True
7705946956758,Chasis Meteor RE Mp,1631000000,Ckd,203002,Ckd,,CRUDO,UND,True
